"measure","dateTime","date","value","completeness","quality","qcode"
"http://environment.data.gov.uk/hydrology/id/measures/585e49e0-7070-4d85-9c52-ccd18a5a1e65-flow-m-86400-m3s-qualified","2021-01-01T09:00:00","2021-01-01","22.451","Complete","Good",""
"http://environment.data.gov.uk/hydrology/id/measures/585e49e0-7070-4d85-9c52-ccd18a5a1e65-flow-m-86400-m3s-qualified","2021-01-02T09:00:00","2021-01-02","21.297","Complete","Good",""
"http://environment.data.gov.uk/hydrology/id/measures/585e49e0-7070-4d85-9c52-ccd18a5a1e65-flow-m-86400-m3s-qualified","2021-01-03T09:00:00","2021-01-03","20.518","Complete","Good",""
"http://environment.data.gov.uk/hydrology/id/measures/585e49e0-7070-4d85-9c52-ccd18a5a1e65-flow-m-86400-m3s-qualified","2021-01-04T09:00:00","2021-01-04","19.114","Complete","Good",""
"http://environment.data.gov.uk/hydrology/id/measures/585e49e0-7070-4d85-9c52-ccd18a5a1e65-flow-m-86400-m3s-qualified","2021-01-05T09:00:00","2021-01-05","17.207","Complete","Good",""
"http://environment.data.gov.uk/hydrology/id/measures/585e49e0-7070-4d85-9c52-ccd18a5a1e65-flow-m-86400-m3s-qualified","2021-01-06T09:00:00","2021-01-06","15.55","Complete","Good",""
"http://environment.data.gov.uk/hydrology/id/measures/585e49e0-7070-4d85-9c52-ccd18a5a1e65-flow-m-86400-m3s-qualified","2021-01-07T09:00:00","2021-01-07","14.374","Complete","Good",""
"http://environment.data.gov.uk/hydrology/id/measures/585e49e0-7070-4d85-9c52-ccd18a5a1e65-flow-m-86400-m3s-qualified","2021-01-08T09:00:00","2021-01-08","13.664","Complete","Good",""
"http://environment.data.gov.uk/hydrology/id/measures/585e49e0-7070-4d85-9c52-ccd18a5a1e65-flow-m-86400-m3s-qualified","2021-01-09T09:00:00","2021-01-09","12.6","Complete","Good",""
"http://environment.data.gov.uk/hydrology/id/measures/585e49e0-7070-4d85-9c52-ccd18a5a1e65-flow-m-86400-m3s-qualified","2021-01-10T09:00:00","2021-01-10","11.935","Complete","Good",""
"http://environment.data.gov.uk/hydrology/id/measures/585e49e0-7070-4d85-9c52-ccd18a5a1e65-flow-m-86400-m3s-qualified","2021-01-11T09:00:00","2021-01-11","11.655","Complete","Good",""
"http://environment.data.gov.uk/hydrology/id/measures/585e49e0-7070-4d85-9c52-ccd18a5a1e65-flow-m-86400-m3s-qualified","2021-01-12T09:00:00","2021-01-12","13.088","Complete","Good",""
"http://environment.data.gov.uk/hydrology/id/measures/585e49e0-7070-4d85-9c52-ccd18a5a1e65-flow-m-86400-m3s-qualified","2021-01-13T09:00:00","2021-01-13","14.102","Complete","Good",""
"http://environment.data.gov.uk/hydrology/id/measures/585e49e0-7070-4d85-9c52-ccd18a5a1e65-flow-m-86400-m3s-qualified","2021-01-14T09:00:00","2021-01-14","16.336","Complete","Good",""
"http://environment.data.gov.uk/hydrology/id/measures/585e49e0-7070-4d85-9c52-ccd18a5a1e65-flow-m-86400-m3s-qualified","2021-01-15T09:00:00","2021-01-15","15.515","Complete","Good",""
"http://environment.data.gov.uk/hydrology/id/measures/585e49e0-7070-4d85-9c52-ccd18a5a1e65-flow-m-86400-m3s-qualified","2021-01-16T09:00:00","2021-01-16","19.843","Complete","Good",""
"http://environment.data.gov.uk/hydrology/id/measures/585e49e0-7070-4d85-9c52-ccd18a5a1e65-flow-m-86400-m3s-qualified","2021-01-17T09:00:00","2021-01-17","17.957","Complete","Good",""
"http://environment.data.gov.uk/hydrology/id/measures/585e49e0-7070-4d85-9c52-ccd18a5a1e65-flow-m-86400-m3s-qualified","2021-01-18T09:00:00","2021-01-18","15.531","Complete","Good",""
"http://environment.data.gov.uk/hydrology/id/measures/585e49e0-7070-4d85-9c52-ccd18a5a1e65-flow-m-86400-m3s-qualified","2021-01-19T09:00:00","2021-01-19","22.804","Complete","Good",""
"http://environment.data.gov.uk/hydrology/id/measures/585e49e0-7070-4d85-9c52-ccd18a5a1e65-flow-m-86400-m3s-qualified","2021-01-20T09:00:00","2021-01-20","46.376","Complete","Good",""
"http://environment.data.gov.uk/hydrology/id/measures/585e49e0-7070-4d85-9c52-ccd18a5a1e65-flow-m-86400-m3s-qualified","2021-01-21T09:00:00","2021-01-21","76.244","Complete","Good",""
"http://environment.data.gov.uk/hydrology/id/measures/585e49e0-7070-4d85-9c52-ccd18a5a1e65-flow-m-86400-m3s-qualified","2021-01-22T09:00:00","2021-01-22","64.692","Complete","Good",""
"http://environment.data.gov.uk/hydrology/id/measures/585e49e0-7070-4d85-9c52-ccd18a5a1e65-flow-m-86400-m3s-qualified","2021-01-23T09:00:00","2021-01-23","33.756","Complete","Good",""
"http://environment.data.gov.uk/hydrology/id/measures/585e49e0-7070-4d85-9c52-ccd18a5a1e65-flow-m-86400-m3s-qualified","2021-01-24T09:00:00","2021-01-24","27.266","Complete","Good",""
"http://environment.data.gov.uk/hydrology/id/measures/585e49e0-7070-4d85-9c52-ccd18a5a1e65-flow-m-86400-m3s-qualified","2021-01-25T09:00:00","2021-01-25","24.328","Complete","Good",""
"http://environment.data.gov.uk/hydrology/id/measures/585e49e0-7070-4d85-9c52-ccd18a5a1e65-flow-m-86400-m3s-qualified","2021-01-26T09:00:00","2021-01-26","24.011","Complete","Good",""
"http://environment.data.gov.uk/hydrology/id/measures/585e49e0-7070-4d85-9c52-ccd18a5a1e65-flow-m-86400-m3s-qualified","2021-01-27T09:00:00","2021-01-27","30.241","Complete","Good",""
"http://environment.data.gov.uk/hydrology/id/measures/585e49e0-7070-4d85-9c52-ccd18a5a1e65-flow-m-86400-m3s-qualified","2021-01-28T09:00:00","2021-01-28","62.774","Complete","Good",""
"http://environment.data.gov.uk/hydrology/id/measures/585e49e0-7070-4d85-9c52-ccd18a5a1e65-flow-m-86400-m3s-qualified","2021-01-29T09:00:00","2021-01-29","89.616","Complete","Good",""
"http://environment.data.gov.uk/hydrology/id/measures/585e49e0-7070-4d85-9c52-ccd18a5a1e65-flow-m-86400-m3s-qualified","2021-01-30T09:00:00","2021-01-30","75.688","Complete","Good",""
"http://environment.data.gov.uk/hydrology/id/measures/585e49e0-7070-4d85-9c52-ccd18a5a1e65-flow-m-86400-m3s-qualified","2021-01-31T09:00:00","2021-01-31","66.4","Complete","Good",""
"http://environment.data.gov.uk/hydrology/id/measures/585e49e0-7070-4d85-9c52-ccd18a5a1e65-flow-m-86400-m3s-qualified","2021-02-01T09:00:00","2021-02-01","41.509","Complete","Good",""
"http://environment.data.gov.uk/hydrology/id/measures/585e49e0-7070-4d85-9c52-ccd18a5a1e65-flow-m-86400-m3s-qualified","2021-02-02T09:00:00","2021-02-02","45.893","Complete","Good",""
"http://environment.data.gov.uk/hydrology/id/measures/585e49e0-7070-4d85-9c52-ccd18a5a1e65-flow-m-86400-m3s-qualified","2021-02-03T09:00:00","2021-02-03","47.128","Complete","Good",""
"http://environment.data.gov.uk/hydrology/id/measures/585e49e0-7070-4d85-9c52-ccd18a5a1e65-flow-m-86400-m3s-qualified","2021-02-04T09:00:00","2021-02-04","38.496","Complete","Good",""
"http://environment.data.gov.uk/hydrology/id/measures/585e49e0-7070-4d85-9c52-ccd18a5a1e65-flow-m-86400-m3s-qualified","2021-02-05T09:00:00","2021-02-05","44.845","Complete","Good",""
"http://environment.data.gov.uk/hydrology/id/measures/585e49e0-7070-4d85-9c52-ccd18a5a1e65-flow-m-86400-m3s-qualified","2021-02-06T09:00:00","2021-02-06","36.653","Complete","Good",""
"http://environment.data.gov.uk/hydrology/id/measures/585e49e0-7070-4d85-9c52-ccd18a5a1e65-flow-m-86400-m3s-qualified","2021-02-07T09:00:00","2021-02-07","28.74","Complete","Good",""
"http://environment.data.gov.uk/hydrology/id/measures/585e49e0-7070-4d85-9c52-ccd18a5a1e65-flow-m-86400-m3s-qualified","2021-02-08T09:00:00","2021-02-08","23.999","Complete","Good",""
"http://environment.data.gov.uk/hydrology/id/measures/585e49e0-7070-4d85-9c52-ccd18a5a1e65-flow-m-86400-m3s-qualified","2021-02-09T09:00:00","2021-02-09","20.75","Complete","Good",""
"http://environment.data.gov.uk/hydrology/id/measures/585e49e0-7070-4d85-9c52-ccd18a5a1e65-flow-m-86400-m3s-qualified","2021-02-10T09:00:00","2021-02-10","18.279","Complete","Good",""
"http://environment.data.gov.uk/hydrology/id/measures/585e49e0-7070-4d85-9c52-ccd18a5a1e65-flow-m-86400-m3s-qualified","2021-02-11T09:00:00","2021-02-11","16.377","Complete","Good",""
"http://environment.data.gov.uk/hydrology/id/measures/585e49e0-7070-4d85-9c52-ccd18a5a1e65-flow-m-86400-m3s-qualified","2021-02-12T09:00:00","2021-02-12","15.146","Complete","Good",""
"http://environment.data.gov.uk/hydrology/id/measures/585e49e0-7070-4d85-9c52-ccd18a5a1e65-flow-m-86400-m3s-qualified","2021-02-13T09:00:00","2021-02-13","14.079","Complete","Good",""
"http://environment.data.gov.uk/hydrology/id/measures/585e49e0-7070-4d85-9c52-ccd18a5a1e65-flow-m-86400-m3s-qualified","2021-02-14T09:00:00","2021-02-14","15.054","Complete","Good",""
"http://environment.data.gov.uk/hydrology/id/measures/585e49e0-7070-4d85-9c52-ccd18a5a1e65-flow-m-86400-m3s-qualified","2021-02-15T09:00:00","2021-02-15","22.26","Complete","Good",""
"http://environment.data.gov.uk/hydrology/id/measures/585e49e0-7070-4d85-9c52-ccd18a5a1e65-flow-m-86400-m3s-qualified","2021-02-16T09:00:00","2021-02-16","30.558","Complete","Good",""
"http://environment.data.gov.uk/hydrology/id/measures/585e49e0-7070-4d85-9c52-ccd18a5a1e65-flow-m-86400-m3s-qualified","2021-02-17T09:00:00","2021-02-17","40.66","Complete","Good",""
"http://environment.data.gov.uk/hydrology/id/measures/585e49e0-7070-4d85-9c52-ccd18a5a1e65-flow-m-86400-m3s-qualified","2021-02-18T09:00:00","2021-02-18","45.174","Complete","Good",""
"http://environment.data.gov.uk/hydrology/id/measures/585e49e0-7070-4d85-9c52-ccd18a5a1e65-flow-m-86400-m3s-qualified","2021-02-19T09:00:00","2021-02-19","33.567","Complete","Good",""
"http://environment.data.gov.uk/hydrology/id/measures/585e49e0-7070-4d85-9c52-ccd18a5a1e65-flow-m-86400-m3s-qualified","2021-02-20T09:00:00","2021-02-20","30.578","Complete","Good",""
"http://environment.data.gov.uk/hydrology/id/measures/585e49e0-7070-4d85-9c52-ccd18a5a1e65-flow-m-86400-m3s-qualified","2021-02-21T09:00:00","2021-02-21","26.699","Complete","Good",""
"http://environment.data.gov.uk/hydrology/id/measures/585e49e0-7070-4d85-9c52-ccd18a5a1e65-flow-m-86400-m3s-qualified","2021-02-22T09:00:00","2021-02-22","26.155","Complete","Good",""
"http://environment.data.gov.uk/hydrology/id/measures/585e49e0-7070-4d85-9c52-ccd18a5a1e65-flow-m-86400-m3s-qualified","2021-02-23T09:00:00","2021-02-23","23.282","Complete","Good",""
"http://environment.data.gov.uk/hydrology/id/measures/585e49e0-7070-4d85-9c52-ccd18a5a1e65-flow-m-86400-m3s-qualified","2021-02-24T09:00:00","2021-02-24","19.519","Complete","Good",""
"http://environment.data.gov.uk/hydrology/id/measures/585e49e0-7070-4d85-9c52-ccd18a5a1e65-flow-m-86400-m3s-qualified","2021-02-25T09:00:00","2021-02-25","16.935","Complete","Good",""
"http://environment.data.gov.uk/hydrology/id/measures/585e49e0-7070-4d85-9c52-ccd18a5a1e65-flow-m-86400-m3s-qualified","2021-02-26T09:00:00","2021-02-26","15.045","Complete","Good",""
"http://environment.data.gov.uk/hydrology/id/measures/585e49e0-7070-4d85-9c52-ccd18a5a1e65-flow-m-86400-m3s-qualified","2021-02-27T09:00:00","2021-02-27","13.882","Complete","Good",""
"http://environment.data.gov.uk/hydrology/id/measures/585e49e0-7070-4d85-9c52-ccd18a5a1e65-flow-m-86400-m3s-qualified","2021-02-28T09:00:00","2021-02-28","13.09","Complete","Good",""
"http://environment.data.gov.uk/hydrology/id/measures/585e49e0-7070-4d85-9c52-ccd18a5a1e65-flow-m-86400-m3s-qualified","2021-03-01T09:00:00","2021-03-01","12.564","Complete","Good",""
"http://environment.data.gov.uk/hydrology/id/measures/585e49e0-7070-4d85-9c52-ccd18a5a1e65-flow-m-86400-m3s-qualified","2021-03-02T09:00:00","2021-03-02","11.825","Complete","Good",""
"http://environment.data.gov.uk/hydrology/id/measures/585e49e0-7070-4d85-9c52-ccd18a5a1e65-flow-m-86400-m3s-qualified","2021-03-03T09:00:00","2021-03-03","16.211","Complete","Good",""
"http://environment.data.gov.uk/hydrology/id/measures/585e49e0-7070-4d85-9c52-ccd18a5a1e65-flow-m-86400-m3s-qualified","2021-03-04T09:00:00","2021-03-04","18.491","Complete","Good",""
"http://environment.data.gov.uk/hydrology/id/measures/585e49e0-7070-4d85-9c52-ccd18a5a1e65-flow-m-86400-m3s-qualified","2021-03-05T09:00:00","2021-03-05","13.5","Complete","Good",""
"http://environment.data.gov.uk/hydrology/id/measures/585e49e0-7070-4d85-9c52-ccd18a5a1e65-flow-m-86400-m3s-qualified","2021-03-06T09:00:00","2021-03-06","11.854","Complete","Good",""
"http://environment.data.gov.uk/hydrology/id/measures/585e49e0-7070-4d85-9c52-ccd18a5a1e65-flow-m-86400-m3s-qualified","2021-03-07T09:00:00","2021-03-07","10.978","Complete","Good",""
"http://environment.data.gov.uk/hydrology/id/measures/585e49e0-7070-4d85-9c52-ccd18a5a1e65-flow-m-86400-m3s-qualified","2021-03-08T09:00:00","2021-03-08","10.284","Complete","Good",""
"http://environment.data.gov.uk/hydrology/id/measures/585e49e0-7070-4d85-9c52-ccd18a5a1e65-flow-m-86400-m3s-qualified","2021-03-09T09:00:00","2021-03-09","9.768","Complete","Good",""
"http://environment.data.gov.uk/hydrology/id/measures/585e49e0-7070-4d85-9c52-ccd18a5a1e65-flow-m-86400-m3s-qualified","2021-03-10T09:00:00","2021-03-10","10.118","Complete","Good",""
"http://environment.data.gov.uk/hydrology/id/measures/585e49e0-7070-4d85-9c52-ccd18a5a1e65-flow-m-86400-m3s-qualified","2021-03-11T09:00:00","2021-03-11","10.615","Complete","Good",""
"http://environment.data.gov.uk/hydrology/id/measures/585e49e0-7070-4d85-9c52-ccd18a5a1e65-flow-m-86400-m3s-qualified","2021-03-12T09:00:00","2021-03-12","15.677","Complete","Good",""
"http://environment.data.gov.uk/hydrology/id/measures/585e49e0-7070-4d85-9c52-ccd18a5a1e65-flow-m-86400-m3s-qualified","2021-03-13T09:00:00","2021-03-13","26.144","Complete","Good",""
"http://environment.data.gov.uk/hydrology/id/measures/585e49e0-7070-4d85-9c52-ccd18a5a1e65-flow-m-86400-m3s-qualified","2021-03-14T09:00:00","2021-03-14","17.332","Complete","Good",""
"http://environment.data.gov.uk/hydrology/id/measures/585e49e0-7070-4d85-9c52-ccd18a5a1e65-flow-m-86400-m3s-qualified","2021-03-15T09:00:00","2021-03-15","13.184","Complete","Good",""
"http://environment.data.gov.uk/hydrology/id/measures/585e49e0-7070-4d85-9c52-ccd18a5a1e65-flow-m-86400-m3s-qualified","2021-03-16T09:00:00","2021-03-16","11.585","Complete","Good",""
"http://environment.data.gov.uk/hydrology/id/measures/585e49e0-7070-4d85-9c52-ccd18a5a1e65-flow-m-86400-m3s-qualified","2021-03-17T09:00:00","2021-03-17","10.477","Complete","Good",""
"http://environment.data.gov.uk/hydrology/id/measures/585e49e0-7070-4d85-9c52-ccd18a5a1e65-flow-m-86400-m3s-qualified","2021-03-18T09:00:00","2021-03-18","9.838","Complete","Good",""
"http://environment.data.gov.uk/hydrology/id/measures/585e49e0-7070-4d85-9c52-ccd18a5a1e65-flow-m-86400-m3s-qualified","2021-03-19T09:00:00","2021-03-19","9.332","Complete","Good",""
"http://environment.data.gov.uk/hydrology/id/measures/585e49e0-7070-4d85-9c52-ccd18a5a1e65-flow-m-86400-m3s-qualified","2021-03-20T09:00:00","2021-03-20","8.716","Complete","Good",""
"http://environment.data.gov.uk/hydrology/id/measures/585e49e0-7070-4d85-9c52-ccd18a5a1e65-flow-m-86400-m3s-qualified","2021-03-21T09:00:00","2021-03-21","8.545","Complete","Good",""
"http://environment.data.gov.uk/hydrology/id/measures/585e49e0-7070-4d85-9c52-ccd18a5a1e65-flow-m-86400-m3s-qualified","2021-03-22T09:00:00","2021-03-22","8.079","Complete","Good",""
"http://environment.data.gov.uk/hydrology/id/measures/585e49e0-7070-4d85-9c52-ccd18a5a1e65-flow-m-86400-m3s-qualified","2021-03-23T09:00:00","2021-03-23","7.663","Complete","Good",""
"http://environment.data.gov.uk/hydrology/id/measures/585e49e0-7070-4d85-9c52-ccd18a5a1e65-flow-m-86400-m3s-qualified","2021-03-24T09:00:00","2021-03-24","7.333","Complete","Good",""
"http://environment.data.gov.uk/hydrology/id/measures/585e49e0-7070-4d85-9c52-ccd18a5a1e65-flow-m-86400-m3s-qualified","2021-03-25T09:00:00","2021-03-25","8.1","Complete","Good",""
"http://environment.data.gov.uk/hydrology/id/measures/585e49e0-7070-4d85-9c52-ccd18a5a1e65-flow-m-86400-m3s-qualified","2021-03-26T09:00:00","2021-03-26","13.135","Complete","Good",""
"http://environment.data.gov.uk/hydrology/id/measures/585e49e0-7070-4d85-9c52-ccd18a5a1e65-flow-m-86400-m3s-qualified","2021-03-27T09:00:00","2021-03-27","12.955","Complete","Good",""
"http://environment.data.gov.uk/hydrology/id/measures/585e49e0-7070-4d85-9c52-ccd18a5a1e65-flow-m-86400-m3s-qualified","2021-03-28T09:00:00","2021-03-28","9.868","Complete","Good",""
"http://environment.data.gov.uk/hydrology/id/measures/585e49e0-7070-4d85-9c52-ccd18a5a1e65-flow-m-86400-m3s-qualified","2021-03-29T09:00:00","2021-03-29","8.579","Complete","Good",""
"http://environment.data.gov.uk/hydrology/id/measures/585e49e0-7070-4d85-9c52-ccd18a5a1e65-flow-m-86400-m3s-qualified","2021-03-30T09:00:00","2021-03-30","7.81","Complete","Good",""
"http://environment.data.gov.uk/hydrology/id/measures/585e49e0-7070-4d85-9c52-ccd18a5a1e65-flow-m-86400-m3s-qualified","2021-03-31T09:00:00","2021-03-31","7.401","Complete","Good",""
"http://environment.data.gov.uk/hydrology/id/measures/585e49e0-7070-4d85-9c52-ccd18a5a1e65-flow-m-86400-m3s-qualified","2021-04-01T09:00:00","2021-04-01","6.982","Complete","Good",""
"http://environment.data.gov.uk/hydrology/id/measures/585e49e0-7070-4d85-9c52-ccd18a5a1e65-flow-m-86400-m3s-qualified","2021-04-02T09:00:00","2021-04-02","6.534","Complete","Good",""
"http://environment.data.gov.uk/hydrology/id/measures/585e49e0-7070-4d85-9c52-ccd18a5a1e65-flow-m-86400-m3s-qualified","2021-04-03T09:00:00","2021-04-03","6.137","Complete","Good",""
"http://environment.data.gov.uk/hydrology/id/measures/585e49e0-7070-4d85-9c52-ccd18a5a1e65-flow-m-86400-m3s-qualified","2021-04-04T09:00:00","2021-04-04","6.01","Complete","Good",""
"http://environment.data.gov.uk/hydrology/id/measures/585e49e0-7070-4d85-9c52-ccd18a5a1e65-flow-m-86400-m3s-qualified","2021-04-05T09:00:00","2021-04-05","5.815","Complete","Good",""
"http://environment.data.gov.uk/hydrology/id/measures/585e49e0-7070-4d85-9c52-ccd18a5a1e65-flow-m-86400-m3s-qualified","2021-04-06T09:00:00","2021-04-06","5.554","Complete","Good",""
"http://environment.data.gov.uk/hydrology/id/measures/585e49e0-7070-4d85-9c52-ccd18a5a1e65-flow-m-86400-m3s-qualified","2021-04-07T09:00:00","2021-04-07","5.409","Complete","Good",""
"http://environment.data.gov.uk/hydrology/id/measures/585e49e0-7070-4d85-9c52-ccd18a5a1e65-flow-m-86400-m3s-qualified","2021-04-08T09:00:00","2021-04-08","5.303","Complete","Good",""
"http://environment.data.gov.uk/hydrology/id/measures/585e49e0-7070-4d85-9c52-ccd18a5a1e65-flow-m-86400-m3s-qualified","2021-04-09T09:00:00","2021-04-09","5.303","Complete","Good",""
"http://environment.data.gov.uk/hydrology/id/measures/585e49e0-7070-4d85-9c52-ccd18a5a1e65-flow-m-86400-m3s-qualified","2021-04-10T09:00:00","2021-04-10","5.161","Complete","Good",""
"http://environment.data.gov.uk/hydrology/id/measures/585e49e0-7070-4d85-9c52-ccd18a5a1e65-flow-m-86400-m3s-qualified","2021-04-11T09:00:00","2021-04-11","5.035","Complete","Good",""
"http://environment.data.gov.uk/hydrology/id/measures/585e49e0-7070-4d85-9c52-ccd18a5a1e65-flow-m-86400-m3s-qualified","2021-04-12T09:00:00","2021-04-12","4.867","Complete","Good",""
"http://environment.data.gov.uk/hydrology/id/measures/585e49e0-7070-4d85-9c52-ccd18a5a1e65-flow-m-86400-m3s-qualified","2021-04-13T09:00:00","2021-04-13","4.528","Complete","Good",""
"http://environment.data.gov.uk/hydrology/id/measures/585e49e0-7070-4d85-9c52-ccd18a5a1e65-flow-m-86400-m3s-qualified","2021-04-14T09:00:00","2021-04-14","4.529","Complete","Good",""
"http://environment.data.gov.uk/hydrology/id/measures/585e49e0-7070-4d85-9c52-ccd18a5a1e65-flow-m-86400-m3s-qualified","2021-04-15T09:00:00","2021-04-15","4.503","Complete","Good",""
"http://environment.data.gov.uk/hydrology/id/measures/585e49e0-7070-4d85-9c52-ccd18a5a1e65-flow-m-86400-m3s-qualified","2021-04-16T09:00:00","2021-04-16","4.355","Complete","Good",""
"http://environment.data.gov.uk/hydrology/id/measures/585e49e0-7070-4d85-9c52-ccd18a5a1e65-flow-m-86400-m3s-qualified","2021-04-17T09:00:00","2021-04-17","4.318","Complete","Good",""
"http://environment.data.gov.uk/hydrology/id/measures/585e49e0-7070-4d85-9c52-ccd18a5a1e65-flow-m-86400-m3s-qualified","2021-04-18T09:00:00","2021-04-18","4.261","Complete","Good",""
"http://environment.data.gov.uk/hydrology/id/measures/585e49e0-7070-4d85-9c52-ccd18a5a1e65-flow-m-86400-m3s-qualified","2021-04-19T09:00:00","2021-04-19","4.234","Complete","Good",""
"http://environment.data.gov.uk/hydrology/id/measures/585e49e0-7070-4d85-9c52-ccd18a5a1e65-flow-m-86400-m3s-qualified","2021-04-20T09:00:00","2021-04-20","4.1","Complete","Good",""
"http://environment.data.gov.uk/hydrology/id/measures/585e49e0-7070-4d85-9c52-ccd18a5a1e65-flow-m-86400-m3s-qualified","2021-04-21T09:00:00","2021-04-21","4.215","Complete","Good",""
"http://environment.data.gov.uk/hydrology/id/measures/585e49e0-7070-4d85-9c52-ccd18a5a1e65-flow-m-86400-m3s-qualified","2021-04-22T09:00:00","2021-04-22","4.132","Complete","Good",""
"http://environment.data.gov.uk/hydrology/id/measures/585e49e0-7070-4d85-9c52-ccd18a5a1e65-flow-m-86400-m3s-qualified","2021-04-23T09:00:00","2021-04-23","4.002","Complete","Good",""
"http://environment.data.gov.uk/hydrology/id/measures/585e49e0-7070-4d85-9c52-ccd18a5a1e65-flow-m-86400-m3s-qualified","2021-04-24T09:00:00","2021-04-24","4.0","Complete","Good",""
"http://environment.data.gov.uk/hydrology/id/measures/585e49e0-7070-4d85-9c52-ccd18a5a1e65-flow-m-86400-m3s-qualified","2021-04-25T09:00:00","2021-04-25","4.001","Complete","Good",""
"http://environment.data.gov.uk/hydrology/id/measures/585e49e0-7070-4d85-9c52-ccd18a5a1e65-flow-m-86400-m3s-qualified","2021-04-26T09:00:00","2021-04-26","3.807","Complete","Good",""
"http://environment.data.gov.uk/hydrology/id/measures/585e49e0-7070-4d85-9c52-ccd18a5a1e65-flow-m-86400-m3s-qualified","2021-04-27T09:00:00","2021-04-27","4.563","Complete","Good",""
"http://environment.data.gov.uk/hydrology/id/measures/585e49e0-7070-4d85-9c52-ccd18a5a1e65-flow-m-86400-m3s-qualified","2021-04-28T09:00:00","2021-04-28","7.186","Complete","Good",""
"http://environment.data.gov.uk/hydrology/id/measures/585e49e0-7070-4d85-9c52-ccd18a5a1e65-flow-m-86400-m3s-qualified","2021-04-29T09:00:00","2021-04-29","5.745","Complete","Good",""
"http://environment.data.gov.uk/hydrology/id/measures/585e49e0-7070-4d85-9c52-ccd18a5a1e65-flow-m-86400-m3s-qualified","2021-04-30T09:00:00","2021-04-30","4.571","Complete","Good",""
"http://environment.data.gov.uk/hydrology/id/measures/585e49e0-7070-4d85-9c52-ccd18a5a1e65-flow-m-86400-m3s-qualified","2021-05-01T09:00:00","2021-05-01","4.254","Complete","Good",""
"http://environment.data.gov.uk/hydrology/id/measures/585e49e0-7070-4d85-9c52-ccd18a5a1e65-flow-m-86400-m3s-qualified","2021-05-02T09:00:00","2021-05-02","3.936","Complete","Good",""
"http://environment.data.gov.uk/hydrology/id/measures/585e49e0-7070-4d85-9c52-ccd18a5a1e65-flow-m-86400-m3s-qualified","2021-05-03T09:00:00","2021-05-03","4.083","Complete","Good",""
"http://environment.data.gov.uk/hydrology/id/measures/585e49e0-7070-4d85-9c52-ccd18a5a1e65-flow-m-86400-m3s-qualified","2021-05-04T09:00:00","2021-05-04","5.258","Complete","Good",""
"http://environment.data.gov.uk/hydrology/id/measures/585e49e0-7070-4d85-9c52-ccd18a5a1e65-flow-m-86400-m3s-qualified","2021-05-05T09:00:00","2021-05-05","4.502","Complete","Good",""
"http://environment.data.gov.uk/hydrology/id/measures/585e49e0-7070-4d85-9c52-ccd18a5a1e65-flow-m-86400-m3s-qualified","2021-05-06T09:00:00","2021-05-06","4.207","Complete","Good",""
"http://environment.data.gov.uk/hydrology/id/measures/585e49e0-7070-4d85-9c52-ccd18a5a1e65-flow-m-86400-m3s-qualified","2021-05-07T09:00:00","2021-05-07","4.345","Complete","Good",""
"http://environment.data.gov.uk/hydrology/id/measures/585e49e0-7070-4d85-9c52-ccd18a5a1e65-flow-m-86400-m3s-qualified","2021-05-08T09:00:00","2021-05-08","7.628","Complete","Good",""
"http://environment.data.gov.uk/hydrology/id/measures/585e49e0-7070-4d85-9c52-ccd18a5a1e65-flow-m-86400-m3s-qualified","2021-05-09T09:00:00","2021-05-09","6.553","Complete","Good",""
"http://environment.data.gov.uk/hydrology/id/measures/585e49e0-7070-4d85-9c52-ccd18a5a1e65-flow-m-86400-m3s-qualified","2021-05-10T09:00:00","2021-05-10","5.163","Complete","Good",""
"http://environment.data.gov.uk/hydrology/id/measures/585e49e0-7070-4d85-9c52-ccd18a5a1e65-flow-m-86400-m3s-qualified","2021-05-11T09:00:00","2021-05-11","4.426","Complete","Good",""
"http://environment.data.gov.uk/hydrology/id/measures/585e49e0-7070-4d85-9c52-ccd18a5a1e65-flow-m-86400-m3s-qualified","2021-05-12T09:00:00","2021-05-12","4.542","Complete","Good",""
"http://environment.data.gov.uk/hydrology/id/measures/585e49e0-7070-4d85-9c52-ccd18a5a1e65-flow-m-86400-m3s-qualified","2021-05-13T09:00:00","2021-05-13","6.336","Complete","Good",""
"http://environment.data.gov.uk/hydrology/id/measures/585e49e0-7070-4d85-9c52-ccd18a5a1e65-flow-m-86400-m3s-qualified","2021-05-14T09:00:00","2021-05-14","6.839","Complete","Good",""
"http://environment.data.gov.uk/hydrology/id/measures/585e49e0-7070-4d85-9c52-ccd18a5a1e65-flow-m-86400-m3s-qualified","2021-05-15T09:00:00","2021-05-15","6.803","Complete","Good",""
"http://environment.data.gov.uk/hydrology/id/measures/585e49e0-7070-4d85-9c52-ccd18a5a1e65-flow-m-86400-m3s-qualified","2021-05-16T09:00:00","2021-05-16","7.126","Complete","Good",""
"http://environment.data.gov.uk/hydrology/id/measures/585e49e0-7070-4d85-9c52-ccd18a5a1e65-flow-m-86400-m3s-qualified","2021-05-17T09:00:00","2021-05-17","7.612","Complete","Good",""
"http://environment.data.gov.uk/hydrology/id/measures/585e49e0-7070-4d85-9c52-ccd18a5a1e65-flow-m-86400-m3s-qualified","2021-05-18T09:00:00","2021-05-18","7.051","Complete","Good",""
"http://environment.data.gov.uk/hydrology/id/measures/585e49e0-7070-4d85-9c52-ccd18a5a1e65-flow-m-86400-m3s-qualified","2021-05-19T09:00:00","2021-05-19","7.719","Complete","Good",""
"http://environment.data.gov.uk/hydrology/id/measures/585e49e0-7070-4d85-9c52-ccd18a5a1e65-flow-m-86400-m3s-qualified","2021-05-20T09:00:00","2021-05-20","7.657","Complete","Good",""
"http://environment.data.gov.uk/hydrology/id/measures/585e49e0-7070-4d85-9c52-ccd18a5a1e65-flow-m-86400-m3s-qualified","2021-05-21T09:00:00","2021-05-21","11.252","Complete","Good",""
"http://environment.data.gov.uk/hydrology/id/measures/585e49e0-7070-4d85-9c52-ccd18a5a1e65-flow-m-86400-m3s-qualified","2021-05-22T09:00:00","2021-05-22","17.376","Complete","Good",""
"http://environment.data.gov.uk/hydrology/id/measures/585e49e0-7070-4d85-9c52-ccd18a5a1e65-flow-m-86400-m3s-qualified","2021-05-23T09:00:00","2021-05-23","15.223","Complete","Good",""
"http://environment.data.gov.uk/hydrology/id/measures/585e49e0-7070-4d85-9c52-ccd18a5a1e65-flow-m-86400-m3s-qualified","2021-05-24T09:00:00","2021-05-24","25.943","Complete","Good",""
"http://environment.data.gov.uk/hydrology/id/measures/585e49e0-7070-4d85-9c52-ccd18a5a1e65-flow-m-86400-m3s-qualified","2021-05-25T09:00:00","2021-05-25","21.739","Complete","Good",""
"http://environment.data.gov.uk/hydrology/id/measures/585e49e0-7070-4d85-9c52-ccd18a5a1e65-flow-m-86400-m3s-qualified","2021-05-26T09:00:00","2021-05-26","13.976","Complete","Good",""
"http://environment.data.gov.uk/hydrology/id/measures/585e49e0-7070-4d85-9c52-ccd18a5a1e65-flow-m-86400-m3s-qualified","2021-05-27T09:00:00","2021-05-27","11.088","Complete","Good",""
"http://environment.data.gov.uk/hydrology/id/measures/585e49e0-7070-4d85-9c52-ccd18a5a1e65-flow-m-86400-m3s-qualified","2021-05-28T09:00:00","2021-05-28","9.499","Complete","Good",""
"http://environment.data.gov.uk/hydrology/id/measures/585e49e0-7070-4d85-9c52-ccd18a5a1e65-flow-m-86400-m3s-qualified","2021-05-29T09:00:00","2021-05-29","8.746","Complete","Good",""
"http://environment.data.gov.uk/hydrology/id/measures/585e49e0-7070-4d85-9c52-ccd18a5a1e65-flow-m-86400-m3s-qualified","2021-05-30T09:00:00","2021-05-30","7.853","Complete","Good",""
"http://environment.data.gov.uk/hydrology/id/measures/585e49e0-7070-4d85-9c52-ccd18a5a1e65-flow-m-86400-m3s-qualified","2021-05-31T09:00:00","2021-05-31","7.305","Complete","Good",""
"http://environment.data.gov.uk/hydrology/id/measures/585e49e0-7070-4d85-9c52-ccd18a5a1e65-flow-m-86400-m3s-qualified","2021-06-01T09:00:00","2021-06-01","6.905","Complete","Good",""
"http://environment.data.gov.uk/hydrology/id/measures/585e49e0-7070-4d85-9c52-ccd18a5a1e65-flow-m-86400-m3s-qualified","2021-06-02T09:00:00","2021-06-02","6.459","Complete","Good",""
"http://environment.data.gov.uk/hydrology/id/measures/585e49e0-7070-4d85-9c52-ccd18a5a1e65-flow-m-86400-m3s-qualified","2021-06-03T09:00:00","2021-06-03","6.025","Complete","Good",""
"http://environment.data.gov.uk/hydrology/id/measures/585e49e0-7070-4d85-9c52-ccd18a5a1e65-flow-m-86400-m3s-qualified","2021-06-04T09:00:00","2021-06-04","5.689","Complete","Good",""
"http://environment.data.gov.uk/hydrology/id/measures/585e49e0-7070-4d85-9c52-ccd18a5a1e65-flow-m-86400-m3s-qualified","2021-06-05T09:00:00","2021-06-05","5.398","Complete","Good",""
"http://environment.data.gov.uk/hydrology/id/measures/585e49e0-7070-4d85-9c52-ccd18a5a1e65-flow-m-86400-m3s-qualified","2021-06-06T09:00:00","2021-06-06","5.193","Complete","Good",""
"http://environment.data.gov.uk/hydrology/id/measures/585e49e0-7070-4d85-9c52-ccd18a5a1e65-flow-m-86400-m3s-qualified","2021-06-07T09:00:00","2021-06-07","5.137","Complete","Good",""
"http://environment.data.gov.uk/hydrology/id/measures/585e49e0-7070-4d85-9c52-ccd18a5a1e65-flow-m-86400-m3s-qualified","2021-06-08T09:00:00","2021-06-08","4.951","Complete","Good",""
"http://environment.data.gov.uk/hydrology/id/measures/585e49e0-7070-4d85-9c52-ccd18a5a1e65-flow-m-86400-m3s-qualified","2021-06-09T09:00:00","2021-06-09","4.758","Complete","Good",""
"http://environment.data.gov.uk/hydrology/id/measures/585e49e0-7070-4d85-9c52-ccd18a5a1e65-flow-m-86400-m3s-qualified","2021-06-10T09:00:00","2021-06-10","4.685","Complete","Good",""
"http://environment.data.gov.uk/hydrology/id/measures/585e49e0-7070-4d85-9c52-ccd18a5a1e65-flow-m-86400-m3s-qualified","2021-06-11T09:00:00","2021-06-11","4.409","Complete","Good",""
"http://environment.data.gov.uk/hydrology/id/measures/585e49e0-7070-4d85-9c52-ccd18a5a1e65-flow-m-86400-m3s-qualified","2021-06-12T09:00:00","2021-06-12","4.427","Complete","Good",""
"http://environment.data.gov.uk/hydrology/id/measures/585e49e0-7070-4d85-9c52-ccd18a5a1e65-flow-m-86400-m3s-qualified","2021-06-13T09:00:00","2021-06-13","4.099","Complete","Good",""
"http://environment.data.gov.uk/hydrology/id/measures/585e49e0-7070-4d85-9c52-ccd18a5a1e65-flow-m-86400-m3s-qualified","2021-06-14T09:00:00","2021-06-14","3.972","Complete","Good",""
"http://environment.data.gov.uk/hydrology/id/measures/585e49e0-7070-4d85-9c52-ccd18a5a1e65-flow-m-86400-m3s-qualified","2021-06-15T09:00:00","2021-06-15","3.787","Complete","Good",""
"http://environment.data.gov.uk/hydrology/id/measures/585e49e0-7070-4d85-9c52-ccd18a5a1e65-flow-m-86400-m3s-qualified","2021-06-16T09:00:00","2021-06-16","3.561","Complete","Good",""
"http://environment.data.gov.uk/hydrology/id/measures/585e49e0-7070-4d85-9c52-ccd18a5a1e65-flow-m-86400-m3s-qualified","2021-06-17T09:00:00","2021-06-17","3.838","Complete","Good",""
"http://environment.data.gov.uk/hydrology/id/measures/585e49e0-7070-4d85-9c52-ccd18a5a1e65-flow-m-86400-m3s-qualified","2021-06-18T09:00:00","2021-06-18","4.68","Complete","Good",""
"http://environment.data.gov.uk/hydrology/id/measures/585e49e0-7070-4d85-9c52-ccd18a5a1e65-flow-m-86400-m3s-qualified","2021-06-19T09:00:00","2021-06-19","4.813","Complete","Good",""
"http://environment.data.gov.uk/hydrology/id/measures/585e49e0-7070-4d85-9c52-ccd18a5a1e65-flow-m-86400-m3s-qualified","2021-06-20T09:00:00","2021-06-20","4.538","Complete","Good",""
"http://environment.data.gov.uk/hydrology/id/measures/585e49e0-7070-4d85-9c52-ccd18a5a1e65-flow-m-86400-m3s-qualified","2021-06-21T09:00:00","2021-06-21","4.319","Complete","Good",""
"http://environment.data.gov.uk/hydrology/id/measures/585e49e0-7070-4d85-9c52-ccd18a5a1e65-flow-m-86400-m3s-qualified","2021-06-22T09:00:00","2021-06-22","4.599","Complete","Good",""
"http://environment.data.gov.uk/hydrology/id/measures/585e49e0-7070-4d85-9c52-ccd18a5a1e65-flow-m-86400-m3s-qualified","2021-06-23T09:00:00","2021-06-23","3.907","Complete","Good",""
"http://environment.data.gov.uk/hydrology/id/measures/585e49e0-7070-4d85-9c52-ccd18a5a1e65-flow-m-86400-m3s-qualified","2021-06-24T09:00:00","2021-06-24","3.416","Complete","Good",""
"http://environment.data.gov.uk/hydrology/id/measures/585e49e0-7070-4d85-9c52-ccd18a5a1e65-flow-m-86400-m3s-qualified","2021-06-25T09:00:00","2021-06-25","3.317","Complete","Good",""
"http://environment.data.gov.uk/hydrology/id/measures/585e49e0-7070-4d85-9c52-ccd18a5a1e65-flow-m-86400-m3s-qualified","2021-06-26T09:00:00","2021-06-26","3.386","Complete","Good",""
"http://environment.data.gov.uk/hydrology/id/measures/585e49e0-7070-4d85-9c52-ccd18a5a1e65-flow-m-86400-m3s-qualified","2021-06-27T09:00:00","2021-06-27","5.161","Complete","Good",""
"http://environment.data.gov.uk/hydrology/id/measures/585e49e0-7070-4d85-9c52-ccd18a5a1e65-flow-m-86400-m3s-qualified","2021-06-28T09:00:00","2021-06-28","8.466","Complete","Good",""
"http://environment.data.gov.uk/hydrology/id/measures/585e49e0-7070-4d85-9c52-ccd18a5a1e65-flow-m-86400-m3s-qualified","2021-06-29T09:00:00","2021-06-29","5.378","Complete","Good",""
"http://environment.data.gov.uk/hydrology/id/measures/585e49e0-7070-4d85-9c52-ccd18a5a1e65-flow-m-86400-m3s-qualified","2021-06-30T09:00:00","2021-06-30","4.189","Complete","Good",""
"http://environment.data.gov.uk/hydrology/id/measures/585e49e0-7070-4d85-9c52-ccd18a5a1e65-flow-m-86400-m3s-qualified","2021-07-01T09:00:00","2021-07-01","3.589","Complete","Good",""
"http://environment.data.gov.uk/hydrology/id/measures/585e49e0-7070-4d85-9c52-ccd18a5a1e65-flow-m-86400-m3s-qualified","2021-07-02T09:00:00","2021-07-02","3.307","Complete","Good",""
"http://environment.data.gov.uk/hydrology/id/measures/585e49e0-7070-4d85-9c52-ccd18a5a1e65-flow-m-86400-m3s-qualified","2021-07-03T09:00:00","2021-07-03","3.236","Complete","Good",""
"http://environment.data.gov.uk/hydrology/id/measures/585e49e0-7070-4d85-9c52-ccd18a5a1e65-flow-m-86400-m3s-qualified","2021-07-04T09:00:00","2021-07-04","3.258","Complete","Good",""
"http://environment.data.gov.uk/hydrology/id/measures/585e49e0-7070-4d85-9c52-ccd18a5a1e65-flow-m-86400-m3s-qualified","2021-07-05T09:00:00","2021-07-05","3.701","Complete","Good",""
"http://environment.data.gov.uk/hydrology/id/measures/585e49e0-7070-4d85-9c52-ccd18a5a1e65-flow-m-86400-m3s-qualified","2021-07-06T09:00:00","2021-07-06","3.644","Complete","Good",""
"http://environment.data.gov.uk/hydrology/id/measures/585e49e0-7070-4d85-9c52-ccd18a5a1e65-flow-m-86400-m3s-qualified","2021-07-07T09:00:00","2021-07-07","3.836","Complete","Good",""
"http://environment.data.gov.uk/hydrology/id/measures/585e49e0-7070-4d85-9c52-ccd18a5a1e65-flow-m-86400-m3s-qualified","2021-07-08T09:00:00","2021-07-08","3.756","Complete","Good",""
"http://environment.data.gov.uk/hydrology/id/measures/585e49e0-7070-4d85-9c52-ccd18a5a1e65-flow-m-86400-m3s-qualified","2021-07-09T09:00:00","2021-07-09","3.09","Complete","Good",""
"http://environment.data.gov.uk/hydrology/id/measures/585e49e0-7070-4d85-9c52-ccd18a5a1e65-flow-m-86400-m3s-qualified","2021-07-10T09:00:00","2021-07-10","3.126","Complete","Good",""
"http://environment.data.gov.uk/hydrology/id/measures/585e49e0-7070-4d85-9c52-ccd18a5a1e65-flow-m-86400-m3s-qualified","2021-07-11T09:00:00","2021-07-11","3.596","Complete","Good",""
"http://environment.data.gov.uk/hydrology/id/measures/585e49e0-7070-4d85-9c52-ccd18a5a1e65-flow-m-86400-m3s-qualified","2021-07-12T09:00:00","2021-07-12","4.986","Complete","Good",""
"http://environment.data.gov.uk/hydrology/id/measures/585e49e0-7070-4d85-9c52-ccd18a5a1e65-flow-m-86400-m3s-qualified","2021-07-13T09:00:00","2021-07-13","4.12","Complete","Good",""
"http://environment.data.gov.uk/hydrology/id/measures/585e49e0-7070-4d85-9c52-ccd18a5a1e65-flow-m-86400-m3s-qualified","2021-07-14T09:00:00","2021-07-14","3.37","Complete","Good",""
"http://environment.data.gov.uk/hydrology/id/measures/585e49e0-7070-4d85-9c52-ccd18a5a1e65-flow-m-86400-m3s-qualified","2021-07-15T09:00:00","2021-07-15","2.93","Complete","Good",""
"http://environment.data.gov.uk/hydrology/id/measures/585e49e0-7070-4d85-9c52-ccd18a5a1e65-flow-m-86400-m3s-qualified","2021-07-16T09:00:00","2021-07-16","3.082","Complete","Good",""
"http://environment.data.gov.uk/hydrology/id/measures/585e49e0-7070-4d85-9c52-ccd18a5a1e65-flow-m-86400-m3s-qualified","2021-07-17T09:00:00","2021-07-17","3.038","Complete","Good",""
"http://environment.data.gov.uk/hydrology/id/measures/585e49e0-7070-4d85-9c52-ccd18a5a1e65-flow-m-86400-m3s-qualified","2021-07-18T09:00:00","2021-07-18","2.894","Complete","Good",""
"http://environment.data.gov.uk/hydrology/id/measures/585e49e0-7070-4d85-9c52-ccd18a5a1e65-flow-m-86400-m3s-qualified","2021-07-19T09:00:00","2021-07-19","2.838","Complete","Good",""
"http://environment.data.gov.uk/hydrology/id/measures/585e49e0-7070-4d85-9c52-ccd18a5a1e65-flow-m-86400-m3s-qualified","2021-07-20T09:00:00","2021-07-20","2.653","Complete","Good",""
"http://environment.data.gov.uk/hydrology/id/measures/585e49e0-7070-4d85-9c52-ccd18a5a1e65-flow-m-86400-m3s-qualified","2021-07-21T09:00:00","2021-07-21","2.583","Complete","Good",""
"http://environment.data.gov.uk/hydrology/id/measures/585e49e0-7070-4d85-9c52-ccd18a5a1e65-flow-m-86400-m3s-qualified","2021-07-22T09:00:00","2021-07-22","2.729","Complete","Good",""
"http://environment.data.gov.uk/hydrology/id/measures/585e49e0-7070-4d85-9c52-ccd18a5a1e65-flow-m-86400-m3s-qualified","2021-07-23T09:00:00","2021-07-23","2.832","Complete","Good",""
"http://environment.data.gov.uk/hydrology/id/measures/585e49e0-7070-4d85-9c52-ccd18a5a1e65-flow-m-86400-m3s-qualified","2021-07-24T09:00:00","2021-07-24","3.415","Complete","Good",""
"http://environment.data.gov.uk/hydrology/id/measures/585e49e0-7070-4d85-9c52-ccd18a5a1e65-flow-m-86400-m3s-qualified","2021-07-25T09:00:00","2021-07-25","3.725","Complete","Good",""
"http://environment.data.gov.uk/hydrology/id/measures/585e49e0-7070-4d85-9c52-ccd18a5a1e65-flow-m-86400-m3s-qualified","2021-07-26T09:00:00","2021-07-26","2.862","Complete","Good",""
"http://environment.data.gov.uk/hydrology/id/measures/585e49e0-7070-4d85-9c52-ccd18a5a1e65-flow-m-86400-m3s-qualified","2021-07-27T09:00:00","2021-07-27","2.625","Complete","Good",""
"http://environment.data.gov.uk/hydrology/id/measures/585e49e0-7070-4d85-9c52-ccd18a5a1e65-flow-m-86400-m3s-qualified","2021-07-28T09:00:00","2021-07-28","3.935","Complete","Good",""
"http://environment.data.gov.uk/hydrology/id/measures/585e49e0-7070-4d85-9c52-ccd18a5a1e65-flow-m-86400-m3s-qualified","2021-07-29T09:00:00","2021-07-29","3.336","Complete","Good",""
"http://environment.data.gov.uk/hydrology/id/measures/585e49e0-7070-4d85-9c52-ccd18a5a1e65-flow-m-86400-m3s-qualified","2021-07-30T09:00:00","2021-07-30","2.825","Complete","Good",""
"http://environment.data.gov.uk/hydrology/id/measures/585e49e0-7070-4d85-9c52-ccd18a5a1e65-flow-m-86400-m3s-qualified","2021-07-31T09:00:00","2021-07-31","2.617","Complete","Good",""
"http://environment.data.gov.uk/hydrology/id/measures/585e49e0-7070-4d85-9c52-ccd18a5a1e65-flow-m-86400-m3s-qualified","2021-08-01T09:00:00","2021-08-01","3.061","Complete","Good",""
"http://environment.data.gov.uk/hydrology/id/measures/585e49e0-7070-4d85-9c52-ccd18a5a1e65-flow-m-86400-m3s-qualified","2021-08-02T09:00:00","2021-08-02","3.845","Complete","Good",""
"http://environment.data.gov.uk/hydrology/id/measures/585e49e0-7070-4d85-9c52-ccd18a5a1e65-flow-m-86400-m3s-qualified","2021-08-03T09:00:00","2021-08-03","3.177","Complete","Good",""
"http://environment.data.gov.uk/hydrology/id/measures/585e49e0-7070-4d85-9c52-ccd18a5a1e65-flow-m-86400-m3s-qualified","2021-08-04T09:00:00","2021-08-04","2.638","Complete","Good",""
"http://environment.data.gov.uk/hydrology/id/measures/585e49e0-7070-4d85-9c52-ccd18a5a1e65-flow-m-86400-m3s-qualified","2021-08-05T09:00:00","2021-08-05","2.448","Complete","Good",""
"http://environment.data.gov.uk/hydrology/id/measures/585e49e0-7070-4d85-9c52-ccd18a5a1e65-flow-m-86400-m3s-qualified","2021-08-06T09:00:00","2021-08-06","2.84","Complete","Good",""
"http://environment.data.gov.uk/hydrology/id/measures/585e49e0-7070-4d85-9c52-ccd18a5a1e65-flow-m-86400-m3s-qualified","2021-08-07T09:00:00","2021-08-07","3.63","Complete","Good",""
"http://environment.data.gov.uk/hydrology/id/measures/585e49e0-7070-4d85-9c52-ccd18a5a1e65-flow-m-86400-m3s-qualified","2021-08-08T09:00:00","2021-08-08","4.337","Complete","Good",""
"http://environment.data.gov.uk/hydrology/id/measures/585e49e0-7070-4d85-9c52-ccd18a5a1e65-flow-m-86400-m3s-qualified","2021-08-09T09:00:00","2021-08-09","7.821","Complete","Good",""
"http://environment.data.gov.uk/hydrology/id/measures/585e49e0-7070-4d85-9c52-ccd18a5a1e65-flow-m-86400-m3s-qualified","2021-08-10T09:00:00","2021-08-10","7.212","Complete","Good",""
"http://environment.data.gov.uk/hydrology/id/measures/585e49e0-7070-4d85-9c52-ccd18a5a1e65-flow-m-86400-m3s-qualified","2021-08-11T09:00:00","2021-08-11","3.88","Complete","Good",""
"http://environment.data.gov.uk/hydrology/id/measures/585e49e0-7070-4d85-9c52-ccd18a5a1e65-flow-m-86400-m3s-qualified","2021-08-12T09:00:00","2021-08-12","2.889","Complete","Good",""
"http://environment.data.gov.uk/hydrology/id/measures/585e49e0-7070-4d85-9c52-ccd18a5a1e65-flow-m-86400-m3s-qualified","2021-08-13T09:00:00","2021-08-13","2.76","Complete","Good",""
"http://environment.data.gov.uk/hydrology/id/measures/585e49e0-7070-4d85-9c52-ccd18a5a1e65-flow-m-86400-m3s-qualified","2021-08-14T09:00:00","2021-08-14","2.49","Complete","Good",""
"http://environment.data.gov.uk/hydrology/id/measures/585e49e0-7070-4d85-9c52-ccd18a5a1e65-flow-m-86400-m3s-qualified","2021-08-15T09:00:00","2021-08-15","2.303","Complete","Good",""
"http://environment.data.gov.uk/hydrology/id/measures/585e49e0-7070-4d85-9c52-ccd18a5a1e65-flow-m-86400-m3s-qualified","2021-08-16T09:00:00","2021-08-16","2.164","Complete","Good",""
"http://environment.data.gov.uk/hydrology/id/measures/585e49e0-7070-4d85-9c52-ccd18a5a1e65-flow-m-86400-m3s-qualified","2021-08-17T09:00:00","2021-08-17","1.987","Complete","Good",""
"http://environment.data.gov.uk/hydrology/id/measures/585e49e0-7070-4d85-9c52-ccd18a5a1e65-flow-m-86400-m3s-qualified","2021-08-18T09:00:00","2021-08-18","2.02","Complete","Good",""
"http://environment.data.gov.uk/hydrology/id/measures/585e49e0-7070-4d85-9c52-ccd18a5a1e65-flow-m-86400-m3s-qualified","2021-08-19T09:00:00","2021-08-19","2.56","Complete","Good",""
"http://environment.data.gov.uk/hydrology/id/measures/585e49e0-7070-4d85-9c52-ccd18a5a1e65-flow-m-86400-m3s-qualified","2021-08-20T09:00:00","2021-08-20","2.588","Complete","Good",""
"http://environment.data.gov.uk/hydrology/id/measures/585e49e0-7070-4d85-9c52-ccd18a5a1e65-flow-m-86400-m3s-qualified","2021-08-21T09:00:00","2021-08-21","3.443","Complete","Good",""
"http://environment.data.gov.uk/hydrology/id/measures/585e49e0-7070-4d85-9c52-ccd18a5a1e65-flow-m-86400-m3s-qualified","2021-08-22T09:00:00","2021-08-22","4.197","Complete","Good",""
"http://environment.data.gov.uk/hydrology/id/measures/585e49e0-7070-4d85-9c52-ccd18a5a1e65-flow-m-86400-m3s-qualified","2021-08-23T09:00:00","2021-08-23","3.731","Complete","Good",""
"http://environment.data.gov.uk/hydrology/id/measures/585e49e0-7070-4d85-9c52-ccd18a5a1e65-flow-m-86400-m3s-qualified","2021-08-24T09:00:00","2021-08-24","2.833","Complete","Good",""
"http://environment.data.gov.uk/hydrology/id/measures/585e49e0-7070-4d85-9c52-ccd18a5a1e65-flow-m-86400-m3s-qualified","2021-08-25T09:00:00","2021-08-25","2.664","Complete","Good",""
"http://environment.data.gov.uk/hydrology/id/measures/585e49e0-7070-4d85-9c52-ccd18a5a1e65-flow-m-86400-m3s-qualified","2021-08-26T09:00:00","2021-08-26","2.484","Complete","Good",""
"http://environment.data.gov.uk/hydrology/id/measures/585e49e0-7070-4d85-9c52-ccd18a5a1e65-flow-m-86400-m3s-qualified","2021-08-27T09:00:00","2021-08-27","2.163","Complete","Good",""
"http://environment.data.gov.uk/hydrology/id/measures/585e49e0-7070-4d85-9c52-ccd18a5a1e65-flow-m-86400-m3s-qualified","2021-08-28T09:00:00","2021-08-28","2.254","Complete","Good",""
"http://environment.data.gov.uk/hydrology/id/measures/585e49e0-7070-4d85-9c52-ccd18a5a1e65-flow-m-86400-m3s-qualified","2021-08-29T09:00:00","2021-08-29","2.155","Complete","Good",""
"http://environment.data.gov.uk/hydrology/id/measures/585e49e0-7070-4d85-9c52-ccd18a5a1e65-flow-m-86400-m3s-qualified","2021-08-30T09:00:00","2021-08-30","2.036","Complete","Good",""
"http://environment.data.gov.uk/hydrology/id/measures/585e49e0-7070-4d85-9c52-ccd18a5a1e65-flow-m-86400-m3s-qualified","2021-08-31T09:00:00","2021-08-31","2.131","Complete","Suspect",""
"http://environment.data.gov.uk/hydrology/id/measures/585e49e0-7070-4d85-9c52-ccd18a5a1e65-flow-m-86400-m3s-qualified","2021-09-01T09:00:00","2021-09-01","1.967","Complete","Suspect",""
"http://environment.data.gov.uk/hydrology/id/measures/585e49e0-7070-4d85-9c52-ccd18a5a1e65-flow-m-86400-m3s-qualified","2021-09-02T09:00:00","2021-09-02","2.092","Complete","Suspect",""
"http://environment.data.gov.uk/hydrology/id/measures/585e49e0-7070-4d85-9c52-ccd18a5a1e65-flow-m-86400-m3s-qualified","2021-09-03T09:00:00","2021-09-03","2.015","Complete","Suspect",""
"http://environment.data.gov.uk/hydrology/id/measures/585e49e0-7070-4d85-9c52-ccd18a5a1e65-flow-m-86400-m3s-qualified","2021-09-04T09:00:00","2021-09-04","2.133","Complete","Suspect",""
"http://environment.data.gov.uk/hydrology/id/measures/585e49e0-7070-4d85-9c52-ccd18a5a1e65-flow-m-86400-m3s-qualified","2021-09-05T09:00:00","2021-09-05","2.169","Complete","Suspect",""
"http://environment.data.gov.uk/hydrology/id/measures/585e49e0-7070-4d85-9c52-ccd18a5a1e65-flow-m-86400-m3s-qualified","2021-09-06T09:00:00","2021-09-06","2.094","Complete","Suspect",""
"http://environment.data.gov.uk/hydrology/id/measures/585e49e0-7070-4d85-9c52-ccd18a5a1e65-flow-m-86400-m3s-qualified","2021-09-07T09:00:00","2021-09-07","2.131","Complete","Suspect",""
"http://environment.data.gov.uk/hydrology/id/measures/585e49e0-7070-4d85-9c52-ccd18a5a1e65-flow-m-86400-m3s-qualified","2021-09-08T09:00:00","2021-09-08","2.004","Complete","Suspect",""
"http://environment.data.gov.uk/hydrology/id/measures/585e49e0-7070-4d85-9c52-ccd18a5a1e65-flow-m-86400-m3s-qualified","2021-09-09T09:00:00","2021-09-09","1.528","Complete","Suspect",""
"http://environment.data.gov.uk/hydrology/id/measures/585e49e0-7070-4d85-9c52-ccd18a5a1e65-flow-m-86400-m3s-qualified","2021-09-10T09:00:00","2021-09-10","1.378","Complete","Suspect",""
"http://environment.data.gov.uk/hydrology/id/measures/585e49e0-7070-4d85-9c52-ccd18a5a1e65-flow-m-86400-m3s-qualified","2021-09-11T09:00:00","2021-09-11","1.604","Complete","Suspect",""
"http://environment.data.gov.uk/hydrology/id/measures/585e49e0-7070-4d85-9c52-ccd18a5a1e65-flow-m-86400-m3s-qualified","2021-09-12T09:00:00","2021-09-12","2.073","Complete","Suspect",""
"http://environment.data.gov.uk/hydrology/id/measures/585e49e0-7070-4d85-9c52-ccd18a5a1e65-flow-m-86400-m3s-qualified","2021-09-13T09:00:00","2021-09-13","1.854","Complete","Suspect",""
"http://environment.data.gov.uk/hydrology/id/measures/585e49e0-7070-4d85-9c52-ccd18a5a1e65-flow-m-86400-m3s-qualified","2021-09-14T09:00:00","2021-09-14","2.497","Complete","Suspect",""
"http://environment.data.gov.uk/hydrology/id/measures/585e49e0-7070-4d85-9c52-ccd18a5a1e65-flow-m-86400-m3s-qualified","2021-09-15T09:00:00","2021-09-15","2.496","Complete","Suspect",""
"http://environment.data.gov.uk/hydrology/id/measures/585e49e0-7070-4d85-9c52-ccd18a5a1e65-flow-m-86400-m3s-qualified","2021-09-16T09:00:00","2021-09-16","2.154","Complete","Suspect",""
"http://environment.data.gov.uk/hydrology/id/measures/585e49e0-7070-4d85-9c52-ccd18a5a1e65-flow-m-86400-m3s-qualified","2021-09-17T09:00:00","2021-09-17","1.895","Complete","Suspect",""
"http://environment.data.gov.uk/hydrology/id/measures/585e49e0-7070-4d85-9c52-ccd18a5a1e65-flow-m-86400-m3s-qualified","2021-09-18T09:00:00","2021-09-18","1.854","Complete","Suspect",""
"http://environment.data.gov.uk/hydrology/id/measures/585e49e0-7070-4d85-9c52-ccd18a5a1e65-flow-m-86400-m3s-qualified","2021-09-19T09:00:00","2021-09-19","1.766","Complete","Suspect",""
"http://environment.data.gov.uk/hydrology/id/measures/585e49e0-7070-4d85-9c52-ccd18a5a1e65-flow-m-86400-m3s-qualified","2021-09-20T09:00:00","2021-09-20","1.989","Complete","Suspect",""
"http://environment.data.gov.uk/hydrology/id/measures/585e49e0-7070-4d85-9c52-ccd18a5a1e65-flow-m-86400-m3s-qualified","2021-09-21T09:00:00","2021-09-21","1.83","Complete","Suspect",""
"http://environment.data.gov.uk/hydrology/id/measures/585e49e0-7070-4d85-9c52-ccd18a5a1e65-flow-m-86400-m3s-qualified","2021-09-22T09:00:00","2021-09-22","1.539","Complete","Suspect",""
"http://environment.data.gov.uk/hydrology/id/measures/585e49e0-7070-4d85-9c52-ccd18a5a1e65-flow-m-86400-m3s-qualified","2021-09-23T09:00:00","2021-09-23","1.312","Complete","Unchecked",""
"http://environment.data.gov.uk/hydrology/id/measures/585e49e0-7070-4d85-9c52-ccd18a5a1e65-flow-m-86400-m3s-qualified","2021-09-24T09:00:00","2021-09-24","1.414","Complete","Unchecked",""
"http://environment.data.gov.uk/hydrology/id/measures/585e49e0-7070-4d85-9c52-ccd18a5a1e65-flow-m-86400-m3s-qualified","2021-09-25T09:00:00","2021-09-25","1.747","Complete","Suspect",""
"http://environment.data.gov.uk/hydrology/id/measures/585e49e0-7070-4d85-9c52-ccd18a5a1e65-flow-m-86400-m3s-qualified","2021-09-26T09:00:00","2021-09-26","1.318","Complete","Unchecked",""
"http://environment.data.gov.uk/hydrology/id/measures/585e49e0-7070-4d85-9c52-ccd18a5a1e65-flow-m-86400-m3s-qualified","2021-09-27T09:00:00","2021-09-27","2.486","Complete","Suspect",""
"http://environment.data.gov.uk/hydrology/id/measures/585e49e0-7070-4d85-9c52-ccd18a5a1e65-flow-m-86400-m3s-qualified","2021-09-28T09:00:00","2021-09-28","4.036","Complete","Good",""
"http://environment.data.gov.uk/hydrology/id/measures/585e49e0-7070-4d85-9c52-ccd18a5a1e65-flow-m-86400-m3s-qualified","2021-09-29T09:00:00","2021-09-29","5.622","Complete","Good",""
"http://environment.data.gov.uk/hydrology/id/measures/585e49e0-7070-4d85-9c52-ccd18a5a1e65-flow-m-86400-m3s-qualified","2021-09-30T09:00:00","2021-09-30","3.634","Complete","Good",""
"http://environment.data.gov.uk/hydrology/id/measures/585e49e0-7070-4d85-9c52-ccd18a5a1e65-flow-m-86400-m3s-qualified","2021-10-01T09:00:00","2021-10-01","3.015","Complete","Good",""
"http://environment.data.gov.uk/hydrology/id/measures/585e49e0-7070-4d85-9c52-ccd18a5a1e65-flow-m-86400-m3s-qualified","2021-10-02T09:00:00","2021-10-02","6.58","Complete","Good",""
"http://environment.data.gov.uk/hydrology/id/measures/585e49e0-7070-4d85-9c52-ccd18a5a1e65-flow-m-86400-m3s-qualified","2021-10-03T09:00:00","2021-10-03","8.185","Complete","Good",""
"http://environment.data.gov.uk/hydrology/id/measures/585e49e0-7070-4d85-9c52-ccd18a5a1e65-flow-m-86400-m3s-qualified","2021-10-04T09:00:00","2021-10-04","7.093","Complete","Good",""
"http://environment.data.gov.uk/hydrology/id/measures/585e49e0-7070-4d85-9c52-ccd18a5a1e65-flow-m-86400-m3s-qualified","2021-10-05T09:00:00","2021-10-05","10.93","Complete","Good",""
"http://environment.data.gov.uk/hydrology/id/measures/585e49e0-7070-4d85-9c52-ccd18a5a1e65-flow-m-86400-m3s-qualified","2021-10-06T09:00:00","2021-10-06","8.2","Complete","Good",""
"http://environment.data.gov.uk/hydrology/id/measures/585e49e0-7070-4d85-9c52-ccd18a5a1e65-flow-m-86400-m3s-qualified","2021-10-07T09:00:00","2021-10-07","5.114","Complete","Good",""
"http://environment.data.gov.uk/hydrology/id/measures/585e49e0-7070-4d85-9c52-ccd18a5a1e65-flow-m-86400-m3s-qualified","2021-10-08T09:00:00","2021-10-08","4.295","Complete","Good",""
"http://environment.data.gov.uk/hydrology/id/measures/585e49e0-7070-4d85-9c52-ccd18a5a1e65-flow-m-86400-m3s-qualified","2021-10-09T09:00:00","2021-10-09","3.774","Complete","Good",""
"http://environment.data.gov.uk/hydrology/id/measures/585e49e0-7070-4d85-9c52-ccd18a5a1e65-flow-m-86400-m3s-qualified","2021-10-10T09:00:00","2021-10-10","3.511","Complete","Good",""
"http://environment.data.gov.uk/hydrology/id/measures/585e49e0-7070-4d85-9c52-ccd18a5a1e65-flow-m-86400-m3s-qualified","2021-10-11T09:00:00","2021-10-11","3.201","Complete","Good",""
"http://environment.data.gov.uk/hydrology/id/measures/585e49e0-7070-4d85-9c52-ccd18a5a1e65-flow-m-86400-m3s-qualified","2021-10-12T09:00:00","2021-10-12","3.051","Complete","Good",""
"http://environment.data.gov.uk/hydrology/id/measures/585e49e0-7070-4d85-9c52-ccd18a5a1e65-flow-m-86400-m3s-qualified","2021-10-13T09:00:00","2021-10-13","2.95","Complete","Good",""
"http://environment.data.gov.uk/hydrology/id/measures/585e49e0-7070-4d85-9c52-ccd18a5a1e65-flow-m-86400-m3s-qualified","2021-10-14T09:00:00","2021-10-14","2.815","Complete","Good",""
"http://environment.data.gov.uk/hydrology/id/measures/585e49e0-7070-4d85-9c52-ccd18a5a1e65-flow-m-86400-m3s-qualified","2021-10-15T09:00:00","2021-10-15","2.824","Complete","Good",""
"http://environment.data.gov.uk/hydrology/id/measures/585e49e0-7070-4d85-9c52-ccd18a5a1e65-flow-m-86400-m3s-qualified","2021-10-16T09:00:00","2021-10-16","2.793","Complete","Good",""
"http://environment.data.gov.uk/hydrology/id/measures/585e49e0-7070-4d85-9c52-ccd18a5a1e65-flow-m-86400-m3s-qualified","2021-10-17T09:00:00","2021-10-17","2.596","Complete","Good",""
"http://environment.data.gov.uk/hydrology/id/measures/585e49e0-7070-4d85-9c52-ccd18a5a1e65-flow-m-86400-m3s-qualified","2021-10-18T09:00:00","2021-10-18","2.632","Complete","Good",""
"http://environment.data.gov.uk/hydrology/id/measures/585e49e0-7070-4d85-9c52-ccd18a5a1e65-flow-m-86400-m3s-qualified","2021-10-19T09:00:00","2021-10-19","3.869","Complete","Good",""
"http://environment.data.gov.uk/hydrology/id/measures/585e49e0-7070-4d85-9c52-ccd18a5a1e65-flow-m-86400-m3s-qualified","2021-10-20T09:00:00","2021-10-20","16.416","Complete","Good",""
"http://environment.data.gov.uk/hydrology/id/measures/585e49e0-7070-4d85-9c52-ccd18a5a1e65-flow-m-86400-m3s-qualified","2021-10-21T09:00:00","2021-10-21","32.697","Complete","Good",""
"http://environment.data.gov.uk/hydrology/id/measures/585e49e0-7070-4d85-9c52-ccd18a5a1e65-flow-m-86400-m3s-qualified","2021-10-22T09:00:00","2021-10-22","16.692","Complete","Good",""
"http://environment.data.gov.uk/hydrology/id/measures/585e49e0-7070-4d85-9c52-ccd18a5a1e65-flow-m-86400-m3s-qualified","2021-10-23T09:00:00","2021-10-23","8.919","Complete","Good",""
"http://environment.data.gov.uk/hydrology/id/measures/585e49e0-7070-4d85-9c52-ccd18a5a1e65-flow-m-86400-m3s-qualified","2021-10-24T09:00:00","2021-10-24","6.863","Complete","Good",""
"http://environment.data.gov.uk/hydrology/id/measures/585e49e0-7070-4d85-9c52-ccd18a5a1e65-flow-m-86400-m3s-qualified","2021-10-25T09:00:00","2021-10-25","5.857","Complete","Good",""
"http://environment.data.gov.uk/hydrology/id/measures/585e49e0-7070-4d85-9c52-ccd18a5a1e65-flow-m-86400-m3s-qualified","2021-10-26T09:00:00","2021-10-26","5.222","Complete","Good",""
"http://environment.data.gov.uk/hydrology/id/measures/585e49e0-7070-4d85-9c52-ccd18a5a1e65-flow-m-86400-m3s-qualified","2021-10-27T09:00:00","2021-10-27","4.916","Complete","Good",""
"http://environment.data.gov.uk/hydrology/id/measures/585e49e0-7070-4d85-9c52-ccd18a5a1e65-flow-m-86400-m3s-qualified","2021-10-28T09:00:00","2021-10-28","5.116","Complete","Good",""
"http://environment.data.gov.uk/hydrology/id/measures/585e49e0-7070-4d85-9c52-ccd18a5a1e65-flow-m-86400-m3s-qualified","2021-10-29T09:00:00","2021-10-29","7.799","Complete","Good",""
"http://environment.data.gov.uk/hydrology/id/measures/585e49e0-7070-4d85-9c52-ccd18a5a1e65-flow-m-86400-m3s-qualified","2021-10-30T09:00:00","2021-10-30","11.435","Complete","Good",""
"http://environment.data.gov.uk/hydrology/id/measures/585e49e0-7070-4d85-9c52-ccd18a5a1e65-flow-m-86400-m3s-qualified","2021-10-31T09:00:00","2021-10-31","36.213","Complete","Good",""
"http://environment.data.gov.uk/hydrology/id/measures/585e49e0-7070-4d85-9c52-ccd18a5a1e65-flow-m-86400-m3s-qualified","2021-11-01T09:00:00","2021-11-01","49.43","Complete","Good",""
"http://environment.data.gov.uk/hydrology/id/measures/585e49e0-7070-4d85-9c52-ccd18a5a1e65-flow-m-86400-m3s-qualified","2021-11-02T09:00:00","2021-11-02","28.665","Complete","Good",""
"http://environment.data.gov.uk/hydrology/id/measures/585e49e0-7070-4d85-9c52-ccd18a5a1e65-flow-m-86400-m3s-qualified","2021-11-03T09:00:00","2021-11-03","16.86","Complete","Good",""
"http://environment.data.gov.uk/hydrology/id/measures/585e49e0-7070-4d85-9c52-ccd18a5a1e65-flow-m-86400-m3s-qualified","2021-11-04T09:00:00","2021-11-04","13.0","Complete","Good",""
"http://environment.data.gov.uk/hydrology/id/measures/585e49e0-7070-4d85-9c52-ccd18a5a1e65-flow-m-86400-m3s-qualified","2021-11-05T09:00:00","2021-11-05","10.704","Complete","Good",""
"http://environment.data.gov.uk/hydrology/id/measures/585e49e0-7070-4d85-9c52-ccd18a5a1e65-flow-m-86400-m3s-qualified","2021-11-06T09:00:00","2021-11-06","9.384","Complete","Good",""
"http://environment.data.gov.uk/hydrology/id/measures/585e49e0-7070-4d85-9c52-ccd18a5a1e65-flow-m-86400-m3s-qualified","2021-11-07T09:00:00","2021-11-07","8.741","Complete","Good",""
"http://environment.data.gov.uk/hydrology/id/measures/585e49e0-7070-4d85-9c52-ccd18a5a1e65-flow-m-86400-m3s-qualified","2021-11-08T09:00:00","2021-11-08","7.853","Complete","Good",""
"http://environment.data.gov.uk/hydrology/id/measures/585e49e0-7070-4d85-9c52-ccd18a5a1e65-flow-m-86400-m3s-qualified","2021-11-09T09:00:00","2021-11-09","7.547","Complete","Good",""
"http://environment.data.gov.uk/hydrology/id/measures/585e49e0-7070-4d85-9c52-ccd18a5a1e65-flow-m-86400-m3s-qualified","2021-11-10T09:00:00","2021-11-10","7.188","Complete","Good",""
"http://environment.data.gov.uk/hydrology/id/measures/585e49e0-7070-4d85-9c52-ccd18a5a1e65-flow-m-86400-m3s-qualified","2021-11-11T09:00:00","2021-11-11","6.588","Complete","Good",""
"http://environment.data.gov.uk/hydrology/id/measures/585e49e0-7070-4d85-9c52-ccd18a5a1e65-flow-m-86400-m3s-qualified","2021-11-12T09:00:00","2021-11-12","6.684","Complete","Good",""
"http://environment.data.gov.uk/hydrology/id/measures/585e49e0-7070-4d85-9c52-ccd18a5a1e65-flow-m-86400-m3s-qualified","2021-11-13T09:00:00","2021-11-13","6.718","Complete","Good",""
"http://environment.data.gov.uk/hydrology/id/measures/585e49e0-7070-4d85-9c52-ccd18a5a1e65-flow-m-86400-m3s-qualified","2021-11-14T09:00:00","2021-11-14","6.147","Complete","Good",""
"http://environment.data.gov.uk/hydrology/id/measures/585e49e0-7070-4d85-9c52-ccd18a5a1e65-flow-m-86400-m3s-qualified","2021-11-15T09:00:00","2021-11-15","5.725","Complete","Good",""
"http://environment.data.gov.uk/hydrology/id/measures/585e49e0-7070-4d85-9c52-ccd18a5a1e65-flow-m-86400-m3s-qualified","2021-11-16T09:00:00","2021-11-16","5.415","Complete","Good",""
"http://environment.data.gov.uk/hydrology/id/measures/585e49e0-7070-4d85-9c52-ccd18a5a1e65-flow-m-86400-m3s-qualified","2021-11-17T09:00:00","2021-11-17","5.197","Complete","Good",""
"http://environment.data.gov.uk/hydrology/id/measures/585e49e0-7070-4d85-9c52-ccd18a5a1e65-flow-m-86400-m3s-qualified","2021-11-18T09:00:00","2021-11-18","4.677","Complete","Good",""
"http://environment.data.gov.uk/hydrology/id/measures/585e49e0-7070-4d85-9c52-ccd18a5a1e65-flow-m-86400-m3s-qualified","2021-11-19T09:00:00","2021-11-19","4.859","Complete","Good",""
"http://environment.data.gov.uk/hydrology/id/measures/585e49e0-7070-4d85-9c52-ccd18a5a1e65-flow-m-86400-m3s-qualified","2021-11-20T09:00:00","2021-11-20","4.736","Complete","Good",""
"http://environment.data.gov.uk/hydrology/id/measures/585e49e0-7070-4d85-9c52-ccd18a5a1e65-flow-m-86400-m3s-qualified","2021-11-21T09:00:00","2021-11-21","4.352","Complete","Good",""
"http://environment.data.gov.uk/hydrology/id/measures/585e49e0-7070-4d85-9c52-ccd18a5a1e65-flow-m-86400-m3s-qualified","2021-11-22T09:00:00","2021-11-22","4.188","Complete","Good",""
"http://environment.data.gov.uk/hydrology/id/measures/585e49e0-7070-4d85-9c52-ccd18a5a1e65-flow-m-86400-m3s-qualified","2021-11-23T09:00:00","2021-11-23","4.056","Complete","Good",""
"http://environment.data.gov.uk/hydrology/id/measures/585e49e0-7070-4d85-9c52-ccd18a5a1e65-flow-m-86400-m3s-qualified","2021-11-24T09:00:00","2021-11-24","3.98","Complete","Good",""
"http://environment.data.gov.uk/hydrology/id/measures/585e49e0-7070-4d85-9c52-ccd18a5a1e65-flow-m-86400-m3s-qualified","2021-11-25T09:00:00","2021-11-25","3.902","Complete","Good",""
"http://environment.data.gov.uk/hydrology/id/measures/585e49e0-7070-4d85-9c52-ccd18a5a1e65-flow-m-86400-m3s-qualified","2021-11-26T09:00:00","2021-11-26","3.921","Complete","Good",""
"http://environment.data.gov.uk/hydrology/id/measures/585e49e0-7070-4d85-9c52-ccd18a5a1e65-flow-m-86400-m3s-qualified","2021-11-27T09:00:00","2021-11-27","4.134","Complete","Good",""
"http://environment.data.gov.uk/hydrology/id/measures/585e49e0-7070-4d85-9c52-ccd18a5a1e65-flow-m-86400-m3s-qualified","2021-11-28T09:00:00","2021-11-28","4.059","Complete","Good",""
"http://environment.data.gov.uk/hydrology/id/measures/585e49e0-7070-4d85-9c52-ccd18a5a1e65-flow-m-86400-m3s-qualified","2021-11-29T09:00:00","2021-11-29","3.615","Complete","Good",""
"http://environment.data.gov.uk/hydrology/id/measures/585e49e0-7070-4d85-9c52-ccd18a5a1e65-flow-m-86400-m3s-qualified","2021-11-30T09:00:00","2021-11-30","3.531","Complete","Good",""
"http://environment.data.gov.uk/hydrology/id/measures/585e49e0-7070-4d85-9c52-ccd18a5a1e65-flow-m-86400-m3s-qualified","2021-12-01T09:00:00","2021-12-01","4.201","Complete","Good",""
"http://environment.data.gov.uk/hydrology/id/measures/585e49e0-7070-4d85-9c52-ccd18a5a1e65-flow-m-86400-m3s-qualified","2021-12-02T09:00:00","2021-12-02","4.272","Complete","Good",""
"http://environment.data.gov.uk/hydrology/id/measures/585e49e0-7070-4d85-9c52-ccd18a5a1e65-flow-m-86400-m3s-qualified","2021-12-03T09:00:00","2021-12-03","5.513","Complete","Good",""
"http://environment.data.gov.uk/hydrology/id/measures/585e49e0-7070-4d85-9c52-ccd18a5a1e65-flow-m-86400-m3s-qualified","2021-12-04T09:00:00","2021-12-04","5.907","Complete","Good",""
"http://environment.data.gov.uk/hydrology/id/measures/585e49e0-7070-4d85-9c52-ccd18a5a1e65-flow-m-86400-m3s-qualified","2021-12-05T09:00:00","2021-12-05","5.471","Complete","Good",""
"http://environment.data.gov.uk/hydrology/id/measures/585e49e0-7070-4d85-9c52-ccd18a5a1e65-flow-m-86400-m3s-qualified","2021-12-06T09:00:00","2021-12-06","5.23","Complete","Good",""
"http://environment.data.gov.uk/hydrology/id/measures/585e49e0-7070-4d85-9c52-ccd18a5a1e65-flow-m-86400-m3s-qualified","2021-12-07T09:00:00","2021-12-07","10.047","Complete","Good",""
"http://environment.data.gov.uk/hydrology/id/measures/585e49e0-7070-4d85-9c52-ccd18a5a1e65-flow-m-86400-m3s-qualified","2021-12-08T09:00:00","2021-12-08","16.325","Complete","Good",""
"http://environment.data.gov.uk/hydrology/id/measures/585e49e0-7070-4d85-9c52-ccd18a5a1e65-flow-m-86400-m3s-qualified","2021-12-09T09:00:00","2021-12-09","12.105","Complete","Good",""
"http://environment.data.gov.uk/hydrology/id/measures/585e49e0-7070-4d85-9c52-ccd18a5a1e65-flow-m-86400-m3s-qualified","2021-12-10T09:00:00","2021-12-10","11.893","Complete","Good",""
"http://environment.data.gov.uk/hydrology/id/measures/585e49e0-7070-4d85-9c52-ccd18a5a1e65-flow-m-86400-m3s-qualified","2021-12-11T09:00:00","2021-12-11","9.738","Complete","Good",""
"http://environment.data.gov.uk/hydrology/id/measures/585e49e0-7070-4d85-9c52-ccd18a5a1e65-flow-m-86400-m3s-qualified","2021-12-12T09:00:00","2021-12-12","8.92","Complete","Good",""
"http://environment.data.gov.uk/hydrology/id/measures/585e49e0-7070-4d85-9c52-ccd18a5a1e65-flow-m-86400-m3s-qualified","2021-12-13T09:00:00","2021-12-13","8.946","Complete","Good",""
"http://environment.data.gov.uk/hydrology/id/measures/585e49e0-7070-4d85-9c52-ccd18a5a1e65-flow-m-86400-m3s-qualified","2021-12-14T09:00:00","2021-12-14","8.922","Complete","Good",""
"http://environment.data.gov.uk/hydrology/id/measures/585e49e0-7070-4d85-9c52-ccd18a5a1e65-flow-m-86400-m3s-qualified","2021-12-15T09:00:00","2021-12-15","8.512","Complete","Good",""
"http://environment.data.gov.uk/hydrology/id/measures/585e49e0-7070-4d85-9c52-ccd18a5a1e65-flow-m-86400-m3s-qualified","2021-12-16T09:00:00","2021-12-16","7.432","Complete","Good",""
"http://environment.data.gov.uk/hydrology/id/measures/585e49e0-7070-4d85-9c52-ccd18a5a1e65-flow-m-86400-m3s-qualified","2021-12-17T09:00:00","2021-12-17","7.105","Complete","Good",""
"http://environment.data.gov.uk/hydrology/id/measures/585e49e0-7070-4d85-9c52-ccd18a5a1e65-flow-m-86400-m3s-qualified","2021-12-18T09:00:00","2021-12-18","6.743","Complete","Good",""
"http://environment.data.gov.uk/hydrology/id/measures/585e49e0-7070-4d85-9c52-ccd18a5a1e65-flow-m-86400-m3s-qualified","2021-12-19T09:00:00","2021-12-19","6.363","Complete","Good",""
"http://environment.data.gov.uk/hydrology/id/measures/585e49e0-7070-4d85-9c52-ccd18a5a1e65-flow-m-86400-m3s-qualified","2021-12-20T09:00:00","2021-12-20","6.242","Complete","Good",""
"http://environment.data.gov.uk/hydrology/id/measures/585e49e0-7070-4d85-9c52-ccd18a5a1e65-flow-m-86400-m3s-qualified","2021-12-21T09:00:00","2021-12-21","5.882","Complete","Good",""
"http://environment.data.gov.uk/hydrology/id/measures/585e49e0-7070-4d85-9c52-ccd18a5a1e65-flow-m-86400-m3s-qualified","2021-12-22T09:00:00","2021-12-22","5.58","Complete","Good",""
"http://environment.data.gov.uk/hydrology/id/measures/585e49e0-7070-4d85-9c52-ccd18a5a1e65-flow-m-86400-m3s-qualified","2021-12-23T09:00:00","2021-12-23","5.588","Complete","Good",""
"http://environment.data.gov.uk/hydrology/id/measures/585e49e0-7070-4d85-9c52-ccd18a5a1e65-flow-m-86400-m3s-qualified","2021-12-24T09:00:00","2021-12-24","6.108","Complete","Good",""
"http://environment.data.gov.uk/hydrology/id/measures/585e49e0-7070-4d85-9c52-ccd18a5a1e65-flow-m-86400-m3s-qualified","2021-12-25T09:00:00","2021-12-25","9.614","Complete","Good",""
"http://environment.data.gov.uk/hydrology/id/measures/585e49e0-7070-4d85-9c52-ccd18a5a1e65-flow-m-86400-m3s-qualified","2021-12-26T09:00:00","2021-12-26","18.344","Complete","Good",""
"http://environment.data.gov.uk/hydrology/id/measures/585e49e0-7070-4d85-9c52-ccd18a5a1e65-flow-m-86400-m3s-qualified","2021-12-27T09:00:00","2021-12-27","16.326","Complete","Good",""
"http://environment.data.gov.uk/hydrology/id/measures/585e49e0-7070-4d85-9c52-ccd18a5a1e65-flow-m-86400-m3s-qualified","2021-12-28T09:00:00","2021-12-28","19.368","Complete","Good",""
"http://environment.data.gov.uk/hydrology/id/measures/585e49e0-7070-4d85-9c52-ccd18a5a1e65-flow-m-86400-m3s-qualified","2021-12-29T09:00:00","2021-12-29","27.062","Complete","Good",""
"http://environment.data.gov.uk/hydrology/id/measures/585e49e0-7070-4d85-9c52-ccd18a5a1e65-flow-m-86400-m3s-qualified","2021-12-30T09:00:00","2021-12-30","24.563","Complete","Good",""
"http://environment.data.gov.uk/hydrology/id/measures/585e49e0-7070-4d85-9c52-ccd18a5a1e65-flow-m-86400-m3s-qualified","2021-12-31T09:00:00","2021-12-31","24.31","Complete","Good",""
"http://environment.data.gov.uk/hydrology/id/measures/585e49e0-7070-4d85-9c52-ccd18a5a1e65-flow-m-86400-m3s-qualified","2022-01-01T09:00:00","2022-01-01","22.902","Complete","Good",""
"http://environment.data.gov.uk/hydrology/id/measures/585e49e0-7070-4d85-9c52-ccd18a5a1e65-flow-m-86400-m3s-qualified","2022-01-02T09:00:00","2022-01-02","22.226","Complete","Good",""
"http://environment.data.gov.uk/hydrology/id/measures/585e49e0-7070-4d85-9c52-ccd18a5a1e65-flow-m-86400-m3s-qualified","2022-01-03T09:00:00","2022-01-03","21.121","Complete","Good",""
"http://environment.data.gov.uk/hydrology/id/measures/585e49e0-7070-4d85-9c52-ccd18a5a1e65-flow-m-86400-m3s-qualified","2022-01-04T09:00:00","2022-01-04","18.89","Complete","Good",""
"http://environment.data.gov.uk/hydrology/id/measures/585e49e0-7070-4d85-9c52-ccd18a5a1e65-flow-m-86400-m3s-qualified","2022-01-05T09:00:00","2022-01-05","18.08","Complete","Good",""
"http://environment.data.gov.uk/hydrology/id/measures/585e49e0-7070-4d85-9c52-ccd18a5a1e65-flow-m-86400-m3s-qualified","2022-01-06T09:00:00","2022-01-06","16.145","Complete","Good",""
"http://environment.data.gov.uk/hydrology/id/measures/585e49e0-7070-4d85-9c52-ccd18a5a1e65-flow-m-86400-m3s-qualified","2022-01-07T09:00:00","2022-01-07","25.006","Complete","Good",""
"http://environment.data.gov.uk/hydrology/id/measures/585e49e0-7070-4d85-9c52-ccd18a5a1e65-flow-m-86400-m3s-qualified","2022-01-08T09:00:00","2022-01-08","28.32","Complete","Good",""
"http://environment.data.gov.uk/hydrology/id/measures/585e49e0-7070-4d85-9c52-ccd18a5a1e65-flow-m-86400-m3s-qualified","2022-01-09T09:00:00","2022-01-09","24.279","Complete","Good",""
"http://environment.data.gov.uk/hydrology/id/measures/585e49e0-7070-4d85-9c52-ccd18a5a1e65-flow-m-86400-m3s-qualified","2022-01-10T09:00:00","2022-01-10","17.451","Complete","Good",""
"http://environment.data.gov.uk/hydrology/id/measures/585e49e0-7070-4d85-9c52-ccd18a5a1e65-flow-m-86400-m3s-qualified","2022-01-11T09:00:00","2022-01-11","15.238","Complete","Good",""
"http://environment.data.gov.uk/hydrology/id/measures/585e49e0-7070-4d85-9c52-ccd18a5a1e65-flow-m-86400-m3s-qualified","2022-01-12T09:00:00","2022-01-12","14.146","Complete","Good",""
"http://environment.data.gov.uk/hydrology/id/measures/585e49e0-7070-4d85-9c52-ccd18a5a1e65-flow-m-86400-m3s-qualified","2022-01-13T09:00:00","2022-01-13","12.63","Complete","Good",""
"http://environment.data.gov.uk/hydrology/id/measures/585e49e0-7070-4d85-9c52-ccd18a5a1e65-flow-m-86400-m3s-qualified","2022-01-14T09:00:00","2022-01-14","11.533","Complete","Good",""
"http://environment.data.gov.uk/hydrology/id/measures/585e49e0-7070-4d85-9c52-ccd18a5a1e65-flow-m-86400-m3s-qualified","2022-01-15T09:00:00","2022-01-15","10.772","Complete","Good",""
"http://environment.data.gov.uk/hydrology/id/measures/585e49e0-7070-4d85-9c52-ccd18a5a1e65-flow-m-86400-m3s-qualified","2022-01-16T09:00:00","2022-01-16","10.027","Complete","Good",""
"http://environment.data.gov.uk/hydrology/id/measures/585e49e0-7070-4d85-9c52-ccd18a5a1e65-flow-m-86400-m3s-qualified","2022-01-17T09:00:00","2022-01-17","9.127","Complete","Good",""
"http://environment.data.gov.uk/hydrology/id/measures/585e49e0-7070-4d85-9c52-ccd18a5a1e65-flow-m-86400-m3s-qualified","2022-01-18T09:00:00","2022-01-18","8.72","Complete","Good",""
"http://environment.data.gov.uk/hydrology/id/measures/585e49e0-7070-4d85-9c52-ccd18a5a1e65-flow-m-86400-m3s-qualified","2022-01-19T09:00:00","2022-01-19","8.477","Complete","Good",""
"http://environment.data.gov.uk/hydrology/id/measures/585e49e0-7070-4d85-9c52-ccd18a5a1e65-flow-m-86400-m3s-qualified","2022-01-20T09:00:00","2022-01-20","8.06","Complete","Good",""
"http://environment.data.gov.uk/hydrology/id/measures/585e49e0-7070-4d85-9c52-ccd18a5a1e65-flow-m-86400-m3s-qualified","2022-01-21T09:00:00","2022-01-21","7.24","Complete","Good",""
"http://environment.data.gov.uk/hydrology/id/measures/585e49e0-7070-4d85-9c52-ccd18a5a1e65-flow-m-86400-m3s-qualified","2022-01-22T09:00:00","2022-01-22","7.292","Complete","Good",""
"http://environment.data.gov.uk/hydrology/id/measures/585e49e0-7070-4d85-9c52-ccd18a5a1e65-flow-m-86400-m3s-qualified","2022-01-23T09:00:00","2022-01-23","7.231","Complete","Good",""
"http://environment.data.gov.uk/hydrology/id/measures/585e49e0-7070-4d85-9c52-ccd18a5a1e65-flow-m-86400-m3s-qualified","2022-01-24T09:00:00","2022-01-24","6.961","Complete","Good",""
"http://environment.data.gov.uk/hydrology/id/measures/585e49e0-7070-4d85-9c52-ccd18a5a1e65-flow-m-86400-m3s-qualified","2022-01-25T09:00:00","2022-01-25","6.567","Complete","Good",""
"http://environment.data.gov.uk/hydrology/id/measures/585e49e0-7070-4d85-9c52-ccd18a5a1e65-flow-m-86400-m3s-qualified","2022-01-26T09:00:00","2022-01-26","6.443","Complete","Good",""
"http://environment.data.gov.uk/hydrology/id/measures/585e49e0-7070-4d85-9c52-ccd18a5a1e65-flow-m-86400-m3s-qualified","2022-01-27T09:00:00","2022-01-27","6.293","Complete","Good",""
"http://environment.data.gov.uk/hydrology/id/measures/585e49e0-7070-4d85-9c52-ccd18a5a1e65-flow-m-86400-m3s-qualified","2022-01-28T09:00:00","2022-01-28","5.969","Complete","Good",""
"http://environment.data.gov.uk/hydrology/id/measures/585e49e0-7070-4d85-9c52-ccd18a5a1e65-flow-m-86400-m3s-qualified","2022-01-29T09:00:00","2022-01-29","5.995","Complete","Good",""
"http://environment.data.gov.uk/hydrology/id/measures/585e49e0-7070-4d85-9c52-ccd18a5a1e65-flow-m-86400-m3s-qualified","2022-01-30T09:00:00","2022-01-30","5.744","Complete","Good",""
"http://environment.data.gov.uk/hydrology/id/measures/585e49e0-7070-4d85-9c52-ccd18a5a1e65-flow-m-86400-m3s-qualified","2022-01-31T09:00:00","2022-01-31","5.551","Complete","Good",""
"http://environment.data.gov.uk/hydrology/id/measures/585e49e0-7070-4d85-9c52-ccd18a5a1e65-flow-m-86400-m3s-qualified","2022-02-01T09:00:00","2022-02-01","5.386","Complete","Good",""
"http://environment.data.gov.uk/hydrology/id/measures/585e49e0-7070-4d85-9c52-ccd18a5a1e65-flow-m-86400-m3s-qualified","2022-02-02T09:00:00","2022-02-02","5.372","Complete","Good",""
"http://environment.data.gov.uk/hydrology/id/measures/585e49e0-7070-4d85-9c52-ccd18a5a1e65-flow-m-86400-m3s-qualified","2022-02-03T09:00:00","2022-02-03","5.186","Complete","Good",""
"http://environment.data.gov.uk/hydrology/id/measures/585e49e0-7070-4d85-9c52-ccd18a5a1e65-flow-m-86400-m3s-qualified","2022-02-04T09:00:00","2022-02-04","5.891","Complete","Good",""
"http://environment.data.gov.uk/hydrology/id/measures/585e49e0-7070-4d85-9c52-ccd18a5a1e65-flow-m-86400-m3s-qualified","2022-02-05T09:00:00","2022-02-05","6.212","Complete","Good",""
"http://environment.data.gov.uk/hydrology/id/measures/585e49e0-7070-4d85-9c52-ccd18a5a1e65-flow-m-86400-m3s-qualified","2022-02-06T09:00:00","2022-02-06","13.465","Complete","Good",""
"http://environment.data.gov.uk/hydrology/id/measures/585e49e0-7070-4d85-9c52-ccd18a5a1e65-flow-m-86400-m3s-qualified","2022-02-07T09:00:00","2022-02-07","10.385","Complete","Good",""
"http://environment.data.gov.uk/hydrology/id/measures/585e49e0-7070-4d85-9c52-ccd18a5a1e65-flow-m-86400-m3s-qualified","2022-02-08T09:00:00","2022-02-08","8.243","Complete","Good",""
"http://environment.data.gov.uk/hydrology/id/measures/585e49e0-7070-4d85-9c52-ccd18a5a1e65-flow-m-86400-m3s-qualified","2022-02-09T09:00:00","2022-02-09","7.355","Complete","Good",""
"http://environment.data.gov.uk/hydrology/id/measures/585e49e0-7070-4d85-9c52-ccd18a5a1e65-flow-m-86400-m3s-qualified","2022-02-10T09:00:00","2022-02-10","6.752","Complete","Good",""
"http://environment.data.gov.uk/hydrology/id/measures/585e49e0-7070-4d85-9c52-ccd18a5a1e65-flow-m-86400-m3s-qualified","2022-02-11T09:00:00","2022-02-11","6.073","Complete","Good",""
"http://environment.data.gov.uk/hydrology/id/measures/585e49e0-7070-4d85-9c52-ccd18a5a1e65-flow-m-86400-m3s-qualified","2022-02-12T09:00:00","2022-02-12","6.154","Complete","Good",""
"http://environment.data.gov.uk/hydrology/id/measures/585e49e0-7070-4d85-9c52-ccd18a5a1e65-flow-m-86400-m3s-qualified","2022-02-13T09:00:00","2022-02-13","15.01","Complete","Good",""
"http://environment.data.gov.uk/hydrology/id/measures/585e49e0-7070-4d85-9c52-ccd18a5a1e65-flow-m-86400-m3s-qualified","2022-02-14T09:00:00","2022-02-14","22.955","Complete","Good",""
"http://environment.data.gov.uk/hydrology/id/measures/585e49e0-7070-4d85-9c52-ccd18a5a1e65-flow-m-86400-m3s-qualified","2022-02-15T09:00:00","2022-02-15","20.442","Complete","Good",""
"http://environment.data.gov.uk/hydrology/id/measures/585e49e0-7070-4d85-9c52-ccd18a5a1e65-flow-m-86400-m3s-qualified","2022-02-16T09:00:00","2022-02-16","27.254","Complete","Good",""
"http://environment.data.gov.uk/hydrology/id/measures/585e49e0-7070-4d85-9c52-ccd18a5a1e65-flow-m-86400-m3s-qualified","2022-02-17T09:00:00","2022-02-17","18.575","Complete","Good",""
"http://environment.data.gov.uk/hydrology/id/measures/585e49e0-7070-4d85-9c52-ccd18a5a1e65-flow-m-86400-m3s-qualified","2022-02-18T09:00:00","2022-02-18","16.644","Complete","Good",""
"http://environment.data.gov.uk/hydrology/id/measures/585e49e0-7070-4d85-9c52-ccd18a5a1e65-flow-m-86400-m3s-qualified","2022-02-19T09:00:00","2022-02-19","17.091","Complete","Good",""
"http://environment.data.gov.uk/hydrology/id/measures/585e49e0-7070-4d85-9c52-ccd18a5a1e65-flow-m-86400-m3s-qualified","2022-02-20T09:00:00","2022-02-20","26.713","Complete","Good",""
"http://environment.data.gov.uk/hydrology/id/measures/585e49e0-7070-4d85-9c52-ccd18a5a1e65-flow-m-86400-m3s-qualified","2022-02-21T09:00:00","2022-02-21","36.431","Complete","Good",""
"http://environment.data.gov.uk/hydrology/id/measures/585e49e0-7070-4d85-9c52-ccd18a5a1e65-flow-m-86400-m3s-qualified","2022-02-22T09:00:00","2022-02-22","19.831","Complete","Good",""
"http://environment.data.gov.uk/hydrology/id/measures/585e49e0-7070-4d85-9c52-ccd18a5a1e65-flow-m-86400-m3s-qualified","2022-02-23T09:00:00","2022-02-23","15.707","Complete","Good",""
"http://environment.data.gov.uk/hydrology/id/measures/585e49e0-7070-4d85-9c52-ccd18a5a1e65-flow-m-86400-m3s-qualified","2022-02-24T09:00:00","2022-02-24","16.443","Complete","Good",""
"http://environment.data.gov.uk/hydrology/id/measures/585e49e0-7070-4d85-9c52-ccd18a5a1e65-flow-m-86400-m3s-qualified","2022-02-25T09:00:00","2022-02-25","14.287","Complete","Good",""
"http://environment.data.gov.uk/hydrology/id/measures/585e49e0-7070-4d85-9c52-ccd18a5a1e65-flow-m-86400-m3s-qualified","2022-02-26T09:00:00","2022-02-26","12.244","Complete","Good",""
"http://environment.data.gov.uk/hydrology/id/measures/585e49e0-7070-4d85-9c52-ccd18a5a1e65-flow-m-86400-m3s-qualified","2022-02-27T09:00:00","2022-02-27","11.045","Complete","Good",""
"http://environment.data.gov.uk/hydrology/id/measures/585e49e0-7070-4d85-9c52-ccd18a5a1e65-flow-m-86400-m3s-qualified","2022-02-28T09:00:00","2022-02-28","11.124","Complete","Good",""
"http://environment.data.gov.uk/hydrology/id/measures/585e49e0-7070-4d85-9c52-ccd18a5a1e65-flow-m-86400-m3s-qualified","2022-03-01T09:00:00","2022-03-01","16.624","Complete","Good",""
"http://environment.data.gov.uk/hydrology/id/measures/585e49e0-7070-4d85-9c52-ccd18a5a1e65-flow-m-86400-m3s-qualified","2022-03-02T09:00:00","2022-03-02","25.532","Complete","Good",""
"http://environment.data.gov.uk/hydrology/id/measures/585e49e0-7070-4d85-9c52-ccd18a5a1e65-flow-m-86400-m3s-qualified","2022-03-03T09:00:00","2022-03-03","22.581","Complete","Good",""
"http://environment.data.gov.uk/hydrology/id/measures/585e49e0-7070-4d85-9c52-ccd18a5a1e65-flow-m-86400-m3s-qualified","2022-03-04T09:00:00","2022-03-04","18.154","Complete","Good",""
"http://environment.data.gov.uk/hydrology/id/measures/585e49e0-7070-4d85-9c52-ccd18a5a1e65-flow-m-86400-m3s-qualified","2022-03-05T09:00:00","2022-03-05","15.035","Complete","Good",""
"http://environment.data.gov.uk/hydrology/id/measures/585e49e0-7070-4d85-9c52-ccd18a5a1e65-flow-m-86400-m3s-qualified","2022-03-06T09:00:00","2022-03-06","12.736","Complete","Good",""
"http://environment.data.gov.uk/hydrology/id/measures/585e49e0-7070-4d85-9c52-ccd18a5a1e65-flow-m-86400-m3s-qualified","2022-03-07T09:00:00","2022-03-07","11.481","Complete","Good",""
"http://environment.data.gov.uk/hydrology/id/measures/585e49e0-7070-4d85-9c52-ccd18a5a1e65-flow-m-86400-m3s-qualified","2022-03-08T09:00:00","2022-03-08","10.612","Complete","Good",""
"http://environment.data.gov.uk/hydrology/id/measures/585e49e0-7070-4d85-9c52-ccd18a5a1e65-flow-m-86400-m3s-qualified","2022-03-09T09:00:00","2022-03-09","9.713","Complete","Good",""
"http://environment.data.gov.uk/hydrology/id/measures/585e49e0-7070-4d85-9c52-ccd18a5a1e65-flow-m-86400-m3s-qualified","2022-03-10T09:00:00","2022-03-10","9.074","Complete","Good",""
"http://environment.data.gov.uk/hydrology/id/measures/585e49e0-7070-4d85-9c52-ccd18a5a1e65-flow-m-86400-m3s-qualified","2022-03-11T09:00:00","2022-03-11","11.696","Complete","Good",""
"http://environment.data.gov.uk/hydrology/id/measures/585e49e0-7070-4d85-9c52-ccd18a5a1e65-flow-m-86400-m3s-qualified","2022-03-12T09:00:00","2022-03-12","14.016","Complete","Good",""
"http://environment.data.gov.uk/hydrology/id/measures/585e49e0-7070-4d85-9c52-ccd18a5a1e65-flow-m-86400-m3s-qualified","2022-03-13T09:00:00","2022-03-13","14.829","Complete","Good",""
"http://environment.data.gov.uk/hydrology/id/measures/585e49e0-7070-4d85-9c52-ccd18a5a1e65-flow-m-86400-m3s-qualified","2022-03-14T09:00:00","2022-03-14","11.611","Complete","Good",""
"http://environment.data.gov.uk/hydrology/id/measures/585e49e0-7070-4d85-9c52-ccd18a5a1e65-flow-m-86400-m3s-qualified","2022-03-15T09:00:00","2022-03-15","10.032","Complete","Good",""
"http://environment.data.gov.uk/hydrology/id/measures/585e49e0-7070-4d85-9c52-ccd18a5a1e65-flow-m-86400-m3s-qualified","2022-03-16T09:00:00","2022-03-16","26.883","Complete","Good",""
"http://environment.data.gov.uk/hydrology/id/measures/585e49e0-7070-4d85-9c52-ccd18a5a1e65-flow-m-86400-m3s-qualified","2022-03-17T09:00:00","2022-03-17","42.504","Complete","Good",""
"http://environment.data.gov.uk/hydrology/id/measures/585e49e0-7070-4d85-9c52-ccd18a5a1e65-flow-m-86400-m3s-qualified","2022-03-18T09:00:00","2022-03-18","19.194","Complete","Good",""
"http://environment.data.gov.uk/hydrology/id/measures/585e49e0-7070-4d85-9c52-ccd18a5a1e65-flow-m-86400-m3s-qualified","2022-03-19T09:00:00","2022-03-19","14.2","Complete","Good",""
"http://environment.data.gov.uk/hydrology/id/measures/585e49e0-7070-4d85-9c52-ccd18a5a1e65-flow-m-86400-m3s-qualified","2022-03-20T09:00:00","2022-03-20","11.832","Complete","Good",""
"http://environment.data.gov.uk/hydrology/id/measures/585e49e0-7070-4d85-9c52-ccd18a5a1e65-flow-m-86400-m3s-qualified","2022-03-21T09:00:00","2022-03-21","10.384","Complete","Good",""
"http://environment.data.gov.uk/hydrology/id/measures/585e49e0-7070-4d85-9c52-ccd18a5a1e65-flow-m-86400-m3s-qualified","2022-03-22T09:00:00","2022-03-22","9.339","Complete","Good",""
"http://environment.data.gov.uk/hydrology/id/measures/585e49e0-7070-4d85-9c52-ccd18a5a1e65-flow-m-86400-m3s-qualified","2022-03-23T09:00:00","2022-03-23","8.623","Complete","Good",""
"http://environment.data.gov.uk/hydrology/id/measures/585e49e0-7070-4d85-9c52-ccd18a5a1e65-flow-m-86400-m3s-qualified","2022-03-24T09:00:00","2022-03-24","8.0","Complete","Good",""
"http://environment.data.gov.uk/hydrology/id/measures/585e49e0-7070-4d85-9c52-ccd18a5a1e65-flow-m-86400-m3s-qualified","2022-03-25T09:00:00","2022-03-25","7.837","Complete","Good",""
"http://environment.data.gov.uk/hydrology/id/measures/585e49e0-7070-4d85-9c52-ccd18a5a1e65-flow-m-86400-m3s-qualified","2022-03-26T09:00:00","2022-03-26","6.878","Complete","Good",""
"http://environment.data.gov.uk/hydrology/id/measures/585e49e0-7070-4d85-9c52-ccd18a5a1e65-flow-m-86400-m3s-qualified","2022-03-27T09:00:00","2022-03-27","7.02","Complete","Good",""
"http://environment.data.gov.uk/hydrology/id/measures/585e49e0-7070-4d85-9c52-ccd18a5a1e65-flow-m-86400-m3s-qualified","2022-03-28T09:00:00","2022-03-28","6.857","Complete","Good",""
"http://environment.data.gov.uk/hydrology/id/measures/585e49e0-7070-4d85-9c52-ccd18a5a1e65-flow-m-86400-m3s-qualified","2022-03-29T09:00:00","2022-03-29","6.764","Complete","Good",""
"http://environment.data.gov.uk/hydrology/id/measures/585e49e0-7070-4d85-9c52-ccd18a5a1e65-flow-m-86400-m3s-qualified","2022-03-30T09:00:00","2022-03-30","6.744","Complete","Good",""
"http://environment.data.gov.uk/hydrology/id/measures/585e49e0-7070-4d85-9c52-ccd18a5a1e65-flow-m-86400-m3s-qualified","2022-03-31T09:00:00","2022-03-31","6.29","Complete","Good",""
"http://environment.data.gov.uk/hydrology/id/measures/585e49e0-7070-4d85-9c52-ccd18a5a1e65-flow-m-86400-m3s-qualified","2022-04-01T09:00:00","2022-04-01","5.953","Complete","Good",""
"http://environment.data.gov.uk/hydrology/id/measures/585e49e0-7070-4d85-9c52-ccd18a5a1e65-flow-m-86400-m3s-qualified","2022-04-02T09:00:00","2022-04-02","5.678","Complete","Good",""
"http://environment.data.gov.uk/hydrology/id/measures/585e49e0-7070-4d85-9c52-ccd18a5a1e65-flow-m-86400-m3s-qualified","2022-04-03T09:00:00","2022-04-03","5.478","Complete","Good",""
"http://environment.data.gov.uk/hydrology/id/measures/585e49e0-7070-4d85-9c52-ccd18a5a1e65-flow-m-86400-m3s-qualified","2022-04-04T09:00:00","2022-04-04","5.58","Complete","Good",""
"http://environment.data.gov.uk/hydrology/id/measures/585e49e0-7070-4d85-9c52-ccd18a5a1e65-flow-m-86400-m3s-qualified","2022-04-05T09:00:00","2022-04-05","5.461","Complete","Good",""
"http://environment.data.gov.uk/hydrology/id/measures/585e49e0-7070-4d85-9c52-ccd18a5a1e65-flow-m-86400-m3s-qualified","2022-04-06T09:00:00","2022-04-06","6.488","Complete","Good",""
"http://environment.data.gov.uk/hydrology/id/measures/585e49e0-7070-4d85-9c52-ccd18a5a1e65-flow-m-86400-m3s-qualified","2022-04-07T09:00:00","2022-04-07","7.937","Complete","Good",""
"http://environment.data.gov.uk/hydrology/id/measures/585e49e0-7070-4d85-9c52-ccd18a5a1e65-flow-m-86400-m3s-qualified","2022-04-08T09:00:00","2022-04-08","6.121","Complete","Good",""
"http://environment.data.gov.uk/hydrology/id/measures/585e49e0-7070-4d85-9c52-ccd18a5a1e65-flow-m-86400-m3s-qualified","2022-04-09T09:00:00","2022-04-09","5.399","Complete","Good",""
"http://environment.data.gov.uk/hydrology/id/measures/585e49e0-7070-4d85-9c52-ccd18a5a1e65-flow-m-86400-m3s-qualified","2022-04-10T09:00:00","2022-04-10","4.988","Complete","Good",""
"http://environment.data.gov.uk/hydrology/id/measures/585e49e0-7070-4d85-9c52-ccd18a5a1e65-flow-m-86400-m3s-qualified","2022-04-11T09:00:00","2022-04-11","5.063","Complete","Good",""
"http://environment.data.gov.uk/hydrology/id/measures/585e49e0-7070-4d85-9c52-ccd18a5a1e65-flow-m-86400-m3s-qualified","2022-04-12T09:00:00","2022-04-12","6.021","Complete","Good",""
"http://environment.data.gov.uk/hydrology/id/measures/585e49e0-7070-4d85-9c52-ccd18a5a1e65-flow-m-86400-m3s-qualified","2022-04-13T09:00:00","2022-04-13","5.284","Complete","Good",""
"http://environment.data.gov.uk/hydrology/id/measures/585e49e0-7070-4d85-9c52-ccd18a5a1e65-flow-m-86400-m3s-qualified","2022-04-14T09:00:00","2022-04-14","4.752","Complete","Good",""
"http://environment.data.gov.uk/hydrology/id/measures/585e49e0-7070-4d85-9c52-ccd18a5a1e65-flow-m-86400-m3s-qualified","2022-04-15T09:00:00","2022-04-15","4.688","Complete","Good",""
"http://environment.data.gov.uk/hydrology/id/measures/585e49e0-7070-4d85-9c52-ccd18a5a1e65-flow-m-86400-m3s-qualified","2022-04-16T09:00:00","2022-04-16","4.536","Complete","Good",""
"http://environment.data.gov.uk/hydrology/id/measures/585e49e0-7070-4d85-9c52-ccd18a5a1e65-flow-m-86400-m3s-qualified","2022-04-17T09:00:00","2022-04-17","4.376","Complete","Good",""
"http://environment.data.gov.uk/hydrology/id/measures/585e49e0-7070-4d85-9c52-ccd18a5a1e65-flow-m-86400-m3s-qualified","2022-04-18T09:00:00","2022-04-18","4.144","Complete","Good",""
"http://environment.data.gov.uk/hydrology/id/measures/585e49e0-7070-4d85-9c52-ccd18a5a1e65-flow-m-86400-m3s-qualified","2022-04-19T09:00:00","2022-04-19","4.249","Complete","Good",""
"http://environment.data.gov.uk/hydrology/id/measures/585e49e0-7070-4d85-9c52-ccd18a5a1e65-flow-m-86400-m3s-qualified","2022-04-20T09:00:00","2022-04-20","4.292","Complete","Good",""
"http://environment.data.gov.uk/hydrology/id/measures/585e49e0-7070-4d85-9c52-ccd18a5a1e65-flow-m-86400-m3s-qualified","2022-04-21T09:00:00","2022-04-21","4.14","Complete","Good",""
"http://environment.data.gov.uk/hydrology/id/measures/585e49e0-7070-4d85-9c52-ccd18a5a1e65-flow-m-86400-m3s-qualified","2022-04-22T09:00:00","2022-04-22","3.943","Complete","Good",""
"http://environment.data.gov.uk/hydrology/id/measures/585e49e0-7070-4d85-9c52-ccd18a5a1e65-flow-m-86400-m3s-qualified","2022-04-23T09:00:00","2022-04-23","4.004","Complete","Good",""
"http://environment.data.gov.uk/hydrology/id/measures/585e49e0-7070-4d85-9c52-ccd18a5a1e65-flow-m-86400-m3s-qualified","2022-04-24T09:00:00","2022-04-24","3.897","Complete","Good",""
"http://environment.data.gov.uk/hydrology/id/measures/585e49e0-7070-4d85-9c52-ccd18a5a1e65-flow-m-86400-m3s-qualified","2022-04-25T09:00:00","2022-04-25","3.663","Complete","Good",""
"http://environment.data.gov.uk/hydrology/id/measures/585e49e0-7070-4d85-9c52-ccd18a5a1e65-flow-m-86400-m3s-qualified","2022-04-26T09:00:00","2022-04-26","3.648","Complete","Good",""
"http://environment.data.gov.uk/hydrology/id/measures/585e49e0-7070-4d85-9c52-ccd18a5a1e65-flow-m-86400-m3s-qualified","2022-04-27T09:00:00","2022-04-27","3.391","Complete","Good",""
"http://environment.data.gov.uk/hydrology/id/measures/585e49e0-7070-4d85-9c52-ccd18a5a1e65-flow-m-86400-m3s-qualified","2022-04-28T09:00:00","2022-04-28","3.305","Complete","Good",""
"http://environment.data.gov.uk/hydrology/id/measures/585e49e0-7070-4d85-9c52-ccd18a5a1e65-flow-m-86400-m3s-qualified","2022-04-29T09:00:00","2022-04-29","3.246","Complete","Good",""
"http://environment.data.gov.uk/hydrology/id/measures/585e49e0-7070-4d85-9c52-ccd18a5a1e65-flow-m-86400-m3s-qualified","2022-04-30T09:00:00","2022-04-30","3.226","Complete","Good",""
"http://environment.data.gov.uk/hydrology/id/measures/585e49e0-7070-4d85-9c52-ccd18a5a1e65-flow-m-86400-m3s-qualified","2022-05-01T09:00:00","2022-05-01","3.378","Complete","Good",""
"http://environment.data.gov.uk/hydrology/id/measures/585e49e0-7070-4d85-9c52-ccd18a5a1e65-flow-m-86400-m3s-qualified","2022-05-02T09:00:00","2022-05-02","3.337","Complete","Good",""
"http://environment.data.gov.uk/hydrology/id/measures/585e49e0-7070-4d85-9c52-ccd18a5a1e65-flow-m-86400-m3s-qualified","2022-05-03T09:00:00","2022-05-03","3.276","Complete","Good",""
"http://environment.data.gov.uk/hydrology/id/measures/585e49e0-7070-4d85-9c52-ccd18a5a1e65-flow-m-86400-m3s-qualified","2022-05-04T09:00:00","2022-05-04","3.105","Complete","Good",""
"http://environment.data.gov.uk/hydrology/id/measures/585e49e0-7070-4d85-9c52-ccd18a5a1e65-flow-m-86400-m3s-qualified","2022-05-05T09:00:00","2022-05-05","3.053","Complete","Good",""
"http://environment.data.gov.uk/hydrology/id/measures/585e49e0-7070-4d85-9c52-ccd18a5a1e65-flow-m-86400-m3s-qualified","2022-05-06T09:00:00","2022-05-06","2.905","Complete","Good",""
"http://environment.data.gov.uk/hydrology/id/measures/585e49e0-7070-4d85-9c52-ccd18a5a1e65-flow-m-86400-m3s-qualified","2022-05-07T09:00:00","2022-05-07","3.288","Complete","Good",""
"http://environment.data.gov.uk/hydrology/id/measures/585e49e0-7070-4d85-9c52-ccd18a5a1e65-flow-m-86400-m3s-qualified","2022-05-08T09:00:00","2022-05-08","3.218","Complete","Good",""
"http://environment.data.gov.uk/hydrology/id/measures/585e49e0-7070-4d85-9c52-ccd18a5a1e65-flow-m-86400-m3s-qualified","2022-05-09T09:00:00","2022-05-09","2.567","Complete","Good",""
"http://environment.data.gov.uk/hydrology/id/measures/585e49e0-7070-4d85-9c52-ccd18a5a1e65-flow-m-86400-m3s-qualified","2022-05-10T09:00:00","2022-05-10","2.662","Complete","Good",""
"http://environment.data.gov.uk/hydrology/id/measures/585e49e0-7070-4d85-9c52-ccd18a5a1e65-flow-m-86400-m3s-qualified","2022-05-11T09:00:00","2022-05-11","3.384","Complete","Good",""
"http://environment.data.gov.uk/hydrology/id/measures/585e49e0-7070-4d85-9c52-ccd18a5a1e65-flow-m-86400-m3s-qualified","2022-05-12T09:00:00","2022-05-12","3.133","Complete","Good",""
"http://environment.data.gov.uk/hydrology/id/measures/585e49e0-7070-4d85-9c52-ccd18a5a1e65-flow-m-86400-m3s-qualified","2022-05-13T09:00:00","2022-05-13","2.851","Complete","Good",""
"http://environment.data.gov.uk/hydrology/id/measures/585e49e0-7070-4d85-9c52-ccd18a5a1e65-flow-m-86400-m3s-qualified","2022-05-14T09:00:00","2022-05-14","3.182","Complete","Good",""
"http://environment.data.gov.uk/hydrology/id/measures/585e49e0-7070-4d85-9c52-ccd18a5a1e65-flow-m-86400-m3s-qualified","2022-05-15T09:00:00","2022-05-15","4.611","Complete","Good",""
"http://environment.data.gov.uk/hydrology/id/measures/585e49e0-7070-4d85-9c52-ccd18a5a1e65-flow-m-86400-m3s-qualified","2022-05-16T09:00:00","2022-05-16","5.891","Complete","Good",""
"http://environment.data.gov.uk/hydrology/id/measures/585e49e0-7070-4d85-9c52-ccd18a5a1e65-flow-m-86400-m3s-qualified","2022-05-17T09:00:00","2022-05-17","4.083","Complete","Good",""
"http://environment.data.gov.uk/hydrology/id/measures/585e49e0-7070-4d85-9c52-ccd18a5a1e65-flow-m-86400-m3s-qualified","2022-05-18T09:00:00","2022-05-18","3.873","Complete","Good",""
"http://environment.data.gov.uk/hydrology/id/measures/585e49e0-7070-4d85-9c52-ccd18a5a1e65-flow-m-86400-m3s-qualified","2022-05-19T09:00:00","2022-05-19","4.595","Complete","Good",""
"http://environment.data.gov.uk/hydrology/id/measures/585e49e0-7070-4d85-9c52-ccd18a5a1e65-flow-m-86400-m3s-qualified","2022-05-20T09:00:00","2022-05-20","4.107","Complete","Good",""
"http://environment.data.gov.uk/hydrology/id/measures/585e49e0-7070-4d85-9c52-ccd18a5a1e65-flow-m-86400-m3s-qualified","2022-05-21T09:00:00","2022-05-21","3.438","Complete","Good",""
"http://environment.data.gov.uk/hydrology/id/measures/585e49e0-7070-4d85-9c52-ccd18a5a1e65-flow-m-86400-m3s-qualified","2022-05-22T09:00:00","2022-05-22","3.107","Complete","Good",""
"http://environment.data.gov.uk/hydrology/id/measures/585e49e0-7070-4d85-9c52-ccd18a5a1e65-flow-m-86400-m3s-qualified","2022-05-23T09:00:00","2022-05-23","3.095","Complete","Good",""
"http://environment.data.gov.uk/hydrology/id/measures/585e49e0-7070-4d85-9c52-ccd18a5a1e65-flow-m-86400-m3s-qualified","2022-05-24T09:00:00","2022-05-24","3.232","Complete","Good",""
"http://environment.data.gov.uk/hydrology/id/measures/585e49e0-7070-4d85-9c52-ccd18a5a1e65-flow-m-86400-m3s-qualified","2022-05-25T09:00:00","2022-05-25","2.719","Complete","Good",""
"http://environment.data.gov.uk/hydrology/id/measures/585e49e0-7070-4d85-9c52-ccd18a5a1e65-flow-m-86400-m3s-qualified","2022-05-26T09:00:00","2022-05-26","2.6","Complete","Good",""
"http://environment.data.gov.uk/hydrology/id/measures/585e49e0-7070-4d85-9c52-ccd18a5a1e65-flow-m-86400-m3s-qualified","2022-05-27T09:00:00","2022-05-27","2.56","Complete","Good",""
"http://environment.data.gov.uk/hydrology/id/measures/585e49e0-7070-4d85-9c52-ccd18a5a1e65-flow-m-86400-m3s-qualified","2022-05-28T09:00:00","2022-05-28","2.657","Complete","Good",""
"http://environment.data.gov.uk/hydrology/id/measures/585e49e0-7070-4d85-9c52-ccd18a5a1e65-flow-m-86400-m3s-qualified","2022-05-29T09:00:00","2022-05-29","2.515","Complete","Good",""
"http://environment.data.gov.uk/hydrology/id/measures/585e49e0-7070-4d85-9c52-ccd18a5a1e65-flow-m-86400-m3s-qualified","2022-05-30T09:00:00","2022-05-30","2.433","Complete","Good",""
"http://environment.data.gov.uk/hydrology/id/measures/585e49e0-7070-4d85-9c52-ccd18a5a1e65-flow-m-86400-m3s-qualified","2022-05-31T09:00:00","2022-05-31","2.3","Complete","Good",""
"http://environment.data.gov.uk/hydrology/id/measures/585e49e0-7070-4d85-9c52-ccd18a5a1e65-flow-m-86400-m3s-qualified","2022-06-01T09:00:00","2022-06-01","2.465","Complete","Good",""
"http://environment.data.gov.uk/hydrology/id/measures/585e49e0-7070-4d85-9c52-ccd18a5a1e65-flow-m-86400-m3s-qualified","2022-06-02T09:00:00","2022-06-02","2.603","Complete","Good",""
"http://environment.data.gov.uk/hydrology/id/measures/585e49e0-7070-4d85-9c52-ccd18a5a1e65-flow-m-86400-m3s-qualified","2022-06-03T09:00:00","2022-06-03","2.815","Complete","Good",""
"http://environment.data.gov.uk/hydrology/id/measures/585e49e0-7070-4d85-9c52-ccd18a5a1e65-flow-m-86400-m3s-qualified","2022-06-04T09:00:00","2022-06-04","2.832","Complete","Good",""
"http://environment.data.gov.uk/hydrology/id/measures/585e49e0-7070-4d85-9c52-ccd18a5a1e65-flow-m-86400-m3s-qualified","2022-06-05T09:00:00","2022-06-05","4.171","Complete","Good",""
"http://environment.data.gov.uk/hydrology/id/measures/585e49e0-7070-4d85-9c52-ccd18a5a1e65-flow-m-86400-m3s-qualified","2022-06-06T09:00:00","2022-06-06","4.864","Complete","Good",""
"http://environment.data.gov.uk/hydrology/id/measures/585e49e0-7070-4d85-9c52-ccd18a5a1e65-flow-m-86400-m3s-qualified","2022-06-07T09:00:00","2022-06-07","3.232","Complete","Good",""
"http://environment.data.gov.uk/hydrology/id/measures/585e49e0-7070-4d85-9c52-ccd18a5a1e65-flow-m-86400-m3s-qualified","2022-06-08T09:00:00","2022-06-08","2.449","Complete","Good",""
"http://environment.data.gov.uk/hydrology/id/measures/585e49e0-7070-4d85-9c52-ccd18a5a1e65-flow-m-86400-m3s-qualified","2022-06-09T09:00:00","2022-06-09","2.403","Complete","Good",""
"http://environment.data.gov.uk/hydrology/id/measures/585e49e0-7070-4d85-9c52-ccd18a5a1e65-flow-m-86400-m3s-qualified","2022-06-10T09:00:00","2022-06-10","2.065","Complete","Good",""
"http://environment.data.gov.uk/hydrology/id/measures/585e49e0-7070-4d85-9c52-ccd18a5a1e65-flow-m-86400-m3s-qualified","2022-06-11T09:00:00","2022-06-11","1.965","Complete","Good",""
"http://environment.data.gov.uk/hydrology/id/measures/585e49e0-7070-4d85-9c52-ccd18a5a1e65-flow-m-86400-m3s-qualified","2022-06-12T09:00:00","2022-06-12","1.92","Complete","Good",""
"http://environment.data.gov.uk/hydrology/id/measures/585e49e0-7070-4d85-9c52-ccd18a5a1e65-flow-m-86400-m3s-qualified","2022-06-13T09:00:00","2022-06-13","2.259","Complete","Good",""
"http://environment.data.gov.uk/hydrology/id/measures/585e49e0-7070-4d85-9c52-ccd18a5a1e65-flow-m-86400-m3s-qualified","2022-06-14T09:00:00","2022-06-14","2.527","Complete","Good",""
"http://environment.data.gov.uk/hydrology/id/measures/585e49e0-7070-4d85-9c52-ccd18a5a1e65-flow-m-86400-m3s-qualified","2022-06-15T09:00:00","2022-06-15","2.296","Complete","Good",""
"http://environment.data.gov.uk/hydrology/id/measures/585e49e0-7070-4d85-9c52-ccd18a5a1e65-flow-m-86400-m3s-qualified","2022-06-16T09:00:00","2022-06-16","2.393","Complete","Good",""
"http://environment.data.gov.uk/hydrology/id/measures/585e49e0-7070-4d85-9c52-ccd18a5a1e65-flow-m-86400-m3s-qualified","2022-06-17T09:00:00","2022-06-17","1.511","Complete","Good",""
"http://environment.data.gov.uk/hydrology/id/measures/585e49e0-7070-4d85-9c52-ccd18a5a1e65-flow-m-86400-m3s-qualified","2022-06-18T09:00:00","2022-06-18","2.199","Complete","Good",""
"http://environment.data.gov.uk/hydrology/id/measures/585e49e0-7070-4d85-9c52-ccd18a5a1e65-flow-m-86400-m3s-qualified","2022-06-19T09:00:00","2022-06-19","2.706","Complete","Good",""
"http://environment.data.gov.uk/hydrology/id/measures/585e49e0-7070-4d85-9c52-ccd18a5a1e65-flow-m-86400-m3s-qualified","2022-06-20T09:00:00","2022-06-20","2.701","Complete","Good",""
"http://environment.data.gov.uk/hydrology/id/measures/585e49e0-7070-4d85-9c52-ccd18a5a1e65-flow-m-86400-m3s-qualified","2022-06-21T09:00:00","2022-06-21","2.353","Complete","Good",""
"http://environment.data.gov.uk/hydrology/id/measures/585e49e0-7070-4d85-9c52-ccd18a5a1e65-flow-m-86400-m3s-qualified","2022-06-22T09:00:00","2022-06-22","2.628","Complete","Good",""
"http://environment.data.gov.uk/hydrology/id/measures/585e49e0-7070-4d85-9c52-ccd18a5a1e65-flow-m-86400-m3s-qualified","2022-06-23T09:00:00","2022-06-23","2.029","Complete","Good",""
"http://environment.data.gov.uk/hydrology/id/measures/585e49e0-7070-4d85-9c52-ccd18a5a1e65-flow-m-86400-m3s-qualified","2022-06-24T09:00:00","2022-06-24","1.316","Complete","Good",""
"http://environment.data.gov.uk/hydrology/id/measures/585e49e0-7070-4d85-9c52-ccd18a5a1e65-flow-m-86400-m3s-qualified","2022-06-25T09:00:00","2022-06-25","1.351","Complete","Good",""
"http://environment.data.gov.uk/hydrology/id/measures/585e49e0-7070-4d85-9c52-ccd18a5a1e65-flow-m-86400-m3s-qualified","2022-06-26T09:00:00","2022-06-26","1.201","Complete","Suspect",""
"http://environment.data.gov.uk/hydrology/id/measures/585e49e0-7070-4d85-9c52-ccd18a5a1e65-flow-m-86400-m3s-qualified","2022-06-27T09:00:00","2022-06-27","1.28","Complete","Good",""
"http://environment.data.gov.uk/hydrology/id/measures/585e49e0-7070-4d85-9c52-ccd18a5a1e65-flow-m-86400-m3s-qualified","2022-06-28T09:00:00","2022-06-28","1.265","Complete","Good",""
"http://environment.data.gov.uk/hydrology/id/measures/585e49e0-7070-4d85-9c52-ccd18a5a1e65-flow-m-86400-m3s-qualified","2022-06-29T09:00:00","2022-06-29","1.521","Complete","Good",""
"http://environment.data.gov.uk/hydrology/id/measures/585e49e0-7070-4d85-9c52-ccd18a5a1e65-flow-m-86400-m3s-qualified","2022-06-30T09:00:00","2022-06-30","1.941","Complete","Good",""
"http://environment.data.gov.uk/hydrology/id/measures/585e49e0-7070-4d85-9c52-ccd18a5a1e65-flow-m-86400-m3s-qualified","2022-07-01T09:00:00","2022-07-01","1.919","Complete","Good",""
"http://environment.data.gov.uk/hydrology/id/measures/585e49e0-7070-4d85-9c52-ccd18a5a1e65-flow-m-86400-m3s-qualified","2022-07-02T09:00:00","2022-07-02","2.019","Complete","Good",""
"http://environment.data.gov.uk/hydrology/id/measures/585e49e0-7070-4d85-9c52-ccd18a5a1e65-flow-m-86400-m3s-qualified","2022-07-03T09:00:00","2022-07-03","1.951","Complete","Good",""
"http://environment.data.gov.uk/hydrology/id/measures/585e49e0-7070-4d85-9c52-ccd18a5a1e65-flow-m-86400-m3s-qualified","2022-07-04T09:00:00","2022-07-04","1.502","Complete","Good",""
"http://environment.data.gov.uk/hydrology/id/measures/585e49e0-7070-4d85-9c52-ccd18a5a1e65-flow-m-86400-m3s-qualified","2022-07-05T09:00:00","2022-07-05","1.756","Complete","Good",""
"http://environment.data.gov.uk/hydrology/id/measures/585e49e0-7070-4d85-9c52-ccd18a5a1e65-flow-m-86400-m3s-qualified","2022-07-06T09:00:00","2022-07-06","1.419","Complete","Good",""
"http://environment.data.gov.uk/hydrology/id/measures/585e49e0-7070-4d85-9c52-ccd18a5a1e65-flow-m-86400-m3s-qualified","2022-07-07T09:00:00","2022-07-07","1.874","Complete","Estimated",""
"http://environment.data.gov.uk/hydrology/id/measures/585e49e0-7070-4d85-9c52-ccd18a5a1e65-flow-m-86400-m3s-qualified","2022-07-08T09:00:00","2022-07-08","1.704","Complete","Estimated",""
"http://environment.data.gov.uk/hydrology/id/measures/585e49e0-7070-4d85-9c52-ccd18a5a1e65-flow-m-86400-m3s-qualified","2022-07-09T09:00:00","2022-07-09","1.636","Complete","Estimated",""
"http://environment.data.gov.uk/hydrology/id/measures/585e49e0-7070-4d85-9c52-ccd18a5a1e65-flow-m-86400-m3s-qualified","2022-07-10T09:00:00","2022-07-10","1.608","Complete","Estimated",""
"http://environment.data.gov.uk/hydrology/id/measures/585e49e0-7070-4d85-9c52-ccd18a5a1e65-flow-m-86400-m3s-qualified","2022-07-11T09:00:00","2022-07-11","1.612","Complete","Estimated",""
"http://environment.data.gov.uk/hydrology/id/measures/585e49e0-7070-4d85-9c52-ccd18a5a1e65-flow-m-86400-m3s-qualified","2022-07-12T09:00:00","2022-07-12","1.564","Complete","Estimated",""
"http://environment.data.gov.uk/hydrology/id/measures/585e49e0-7070-4d85-9c52-ccd18a5a1e65-flow-m-86400-m3s-qualified","2022-07-13T09:00:00","2022-07-13","1.555","Complete","Estimated",""
"http://environment.data.gov.uk/hydrology/id/measures/585e49e0-7070-4d85-9c52-ccd18a5a1e65-flow-m-86400-m3s-qualified","2022-07-14T09:00:00","2022-07-14","1.412","Complete","Estimated",""
"http://environment.data.gov.uk/hydrology/id/measures/585e49e0-7070-4d85-9c52-ccd18a5a1e65-flow-m-86400-m3s-qualified","2022-07-15T09:00:00","2022-07-15","1.438","Complete","Estimated",""
"http://environment.data.gov.uk/hydrology/id/measures/585e49e0-7070-4d85-9c52-ccd18a5a1e65-flow-m-86400-m3s-qualified","2022-07-16T09:00:00","2022-07-16","1.394","Complete","Estimated",""
"http://environment.data.gov.uk/hydrology/id/measures/585e49e0-7070-4d85-9c52-ccd18a5a1e65-flow-m-86400-m3s-qualified","2022-07-17T09:00:00","2022-07-17","1.402","Complete","Estimated",""
"http://environment.data.gov.uk/hydrology/id/measures/585e49e0-7070-4d85-9c52-ccd18a5a1e65-flow-m-86400-m3s-qualified","2022-07-18T09:00:00","2022-07-18","1.488","Complete","Estimated",""
"http://environment.data.gov.uk/hydrology/id/measures/585e49e0-7070-4d85-9c52-ccd18a5a1e65-flow-m-86400-m3s-qualified","2022-07-19T09:00:00","2022-07-19","1.434","Complete","Estimated",""
"http://environment.data.gov.uk/hydrology/id/measures/585e49e0-7070-4d85-9c52-ccd18a5a1e65-flow-m-86400-m3s-qualified","2022-07-20T09:00:00","2022-07-20","1.359","Complete","Estimated",""
"http://environment.data.gov.uk/hydrology/id/measures/585e49e0-7070-4d85-9c52-ccd18a5a1e65-flow-m-86400-m3s-qualified","2022-07-21T09:00:00","2022-07-21","1.405","Complete","Estimated",""
"http://environment.data.gov.uk/hydrology/id/measures/585e49e0-7070-4d85-9c52-ccd18a5a1e65-flow-m-86400-m3s-qualified","2022-07-22T09:00:00","2022-07-22","1.472","Complete","Estimated",""
"http://environment.data.gov.uk/hydrology/id/measures/585e49e0-7070-4d85-9c52-ccd18a5a1e65-flow-m-86400-m3s-qualified","2022-07-23T09:00:00","2022-07-23","1.504","Complete","Estimated",""
"http://environment.data.gov.uk/hydrology/id/measures/585e49e0-7070-4d85-9c52-ccd18a5a1e65-flow-m-86400-m3s-qualified","2022-07-24T09:00:00","2022-07-24","1.492","Complete","Estimated",""
"http://environment.data.gov.uk/hydrology/id/measures/585e49e0-7070-4d85-9c52-ccd18a5a1e65-flow-m-86400-m3s-qualified","2022-07-25T09:00:00","2022-07-25","1.461","Complete","Estimated",""
"http://environment.data.gov.uk/hydrology/id/measures/585e49e0-7070-4d85-9c52-ccd18a5a1e65-flow-m-86400-m3s-qualified","2022-07-26T09:00:00","2022-07-26","1.398","Complete","Estimated",""
"http://environment.data.gov.uk/hydrology/id/measures/585e49e0-7070-4d85-9c52-ccd18a5a1e65-flow-m-86400-m3s-qualified","2022-07-27T09:00:00","2022-07-27","1.392","Complete","Estimated",""
"http://environment.data.gov.uk/hydrology/id/measures/585e49e0-7070-4d85-9c52-ccd18a5a1e65-flow-m-86400-m3s-qualified","2022-07-28T09:00:00","2022-07-28","1.423","Complete","Estimated",""
"http://environment.data.gov.uk/hydrology/id/measures/585e49e0-7070-4d85-9c52-ccd18a5a1e65-flow-m-86400-m3s-qualified","2022-07-29T09:00:00","2022-07-29","1.503","Complete","Estimated",""
"http://environment.data.gov.uk/hydrology/id/measures/585e49e0-7070-4d85-9c52-ccd18a5a1e65-flow-m-86400-m3s-qualified","2022-07-30T09:00:00","2022-07-30","1.424","Complete","Estimated",""
"http://environment.data.gov.uk/hydrology/id/measures/585e49e0-7070-4d85-9c52-ccd18a5a1e65-flow-m-86400-m3s-qualified","2022-07-31T09:00:00","2022-07-31","1.337","Complete","Estimated",""
"http://environment.data.gov.uk/hydrology/id/measures/585e49e0-7070-4d85-9c52-ccd18a5a1e65-flow-m-86400-m3s-qualified","2022-08-01T09:00:00","2022-08-01","1.092","Complete","Estimated",""
"http://environment.data.gov.uk/hydrology/id/measures/585e49e0-7070-4d85-9c52-ccd18a5a1e65-flow-m-86400-m3s-qualified","2022-08-02T09:00:00","2022-08-02","1.293","Complete","Estimated",""
"http://environment.data.gov.uk/hydrology/id/measures/585e49e0-7070-4d85-9c52-ccd18a5a1e65-flow-m-86400-m3s-qualified","2022-08-03T09:00:00","2022-08-03","1.17","Complete","Estimated",""
"http://environment.data.gov.uk/hydrology/id/measures/585e49e0-7070-4d85-9c52-ccd18a5a1e65-flow-m-86400-m3s-qualified","2022-08-04T09:00:00","2022-08-04","1.217","Complete","Estimated",""
"http://environment.data.gov.uk/hydrology/id/measures/585e49e0-7070-4d85-9c52-ccd18a5a1e65-flow-m-86400-m3s-qualified","2022-08-05T09:00:00","2022-08-05","1.146","Complete","Estimated",""
"http://environment.data.gov.uk/hydrology/id/measures/585e49e0-7070-4d85-9c52-ccd18a5a1e65-flow-m-86400-m3s-qualified","2022-08-06T09:00:00","2022-08-06","1.221","Complete","Estimated",""
"http://environment.data.gov.uk/hydrology/id/measures/585e49e0-7070-4d85-9c52-ccd18a5a1e65-flow-m-86400-m3s-qualified","2022-08-07T09:00:00","2022-08-07","1.189","Complete","Estimated",""
"http://environment.data.gov.uk/hydrology/id/measures/585e49e0-7070-4d85-9c52-ccd18a5a1e65-flow-m-86400-m3s-qualified","2022-08-08T09:00:00","2022-08-08","1.234","Complete","Estimated",""
"http://environment.data.gov.uk/hydrology/id/measures/585e49e0-7070-4d85-9c52-ccd18a5a1e65-flow-m-86400-m3s-qualified","2022-08-09T09:00:00","2022-08-09","1.259","Complete","Estimated",""
"http://environment.data.gov.uk/hydrology/id/measures/585e49e0-7070-4d85-9c52-ccd18a5a1e65-flow-m-86400-m3s-qualified","2022-08-10T09:00:00","2022-08-10","1.271","Complete","Estimated",""
"http://environment.data.gov.uk/hydrology/id/measures/585e49e0-7070-4d85-9c52-ccd18a5a1e65-flow-m-86400-m3s-qualified","2022-08-11T09:00:00","2022-08-11","1.074","Complete","Estimated",""
"http://environment.data.gov.uk/hydrology/id/measures/585e49e0-7070-4d85-9c52-ccd18a5a1e65-flow-m-86400-m3s-qualified","2022-08-12T09:00:00","2022-08-12","0.981","Complete","Estimated",""
"http://environment.data.gov.uk/hydrology/id/measures/585e49e0-7070-4d85-9c52-ccd18a5a1e65-flow-m-86400-m3s-qualified","2022-08-13T09:00:00","2022-08-13","0.952","Complete","Estimated",""
"http://environment.data.gov.uk/hydrology/id/measures/585e49e0-7070-4d85-9c52-ccd18a5a1e65-flow-m-86400-m3s-qualified","2022-08-14T09:00:00","2022-08-14","1.013","Complete","Estimated",""
"http://environment.data.gov.uk/hydrology/id/measures/585e49e0-7070-4d85-9c52-ccd18a5a1e65-flow-m-86400-m3s-qualified","2022-08-15T09:00:00","2022-08-15","0.93","Complete","Estimated",""
"http://environment.data.gov.uk/hydrology/id/measures/585e49e0-7070-4d85-9c52-ccd18a5a1e65-flow-m-86400-m3s-qualified","2022-08-16T09:00:00","2022-08-16","1.848","Complete","Estimated",""
"http://environment.data.gov.uk/hydrology/id/measures/585e49e0-7070-4d85-9c52-ccd18a5a1e65-flow-m-86400-m3s-qualified","2022-08-17T09:00:00","2022-08-17","2.453","Complete","Good",""
"http://environment.data.gov.uk/hydrology/id/measures/585e49e0-7070-4d85-9c52-ccd18a5a1e65-flow-m-86400-m3s-qualified","2022-08-18T09:00:00","2022-08-18","1.061","Complete","Good",""
"http://environment.data.gov.uk/hydrology/id/measures/585e49e0-7070-4d85-9c52-ccd18a5a1e65-flow-m-86400-m3s-qualified","2022-08-19T09:00:00","2022-08-19","0.957","Complete","Good",""
"http://environment.data.gov.uk/hydrology/id/measures/585e49e0-7070-4d85-9c52-ccd18a5a1e65-flow-m-86400-m3s-qualified","2022-08-20T09:00:00","2022-08-20","0.978","Complete","Good",""
"http://environment.data.gov.uk/hydrology/id/measures/585e49e0-7070-4d85-9c52-ccd18a5a1e65-flow-m-86400-m3s-qualified","2022-08-21T09:00:00","2022-08-21","0.987","Complete","Good",""
"http://environment.data.gov.uk/hydrology/id/measures/585e49e0-7070-4d85-9c52-ccd18a5a1e65-flow-m-86400-m3s-qualified","2022-08-22T09:00:00","2022-08-22","0.975","Complete","Good",""
"http://environment.data.gov.uk/hydrology/id/measures/585e49e0-7070-4d85-9c52-ccd18a5a1e65-flow-m-86400-m3s-qualified","2022-08-23T09:00:00","2022-08-23","0.763","Complete","Good",""
"http://environment.data.gov.uk/hydrology/id/measures/585e49e0-7070-4d85-9c52-ccd18a5a1e65-flow-m-86400-m3s-qualified","2022-08-24T09:00:00","2022-08-24","0.952","Complete","Good",""
"http://environment.data.gov.uk/hydrology/id/measures/585e49e0-7070-4d85-9c52-ccd18a5a1e65-flow-m-86400-m3s-qualified","2022-08-25T09:00:00","2022-08-25","1.096","Complete","Good",""
"http://environment.data.gov.uk/hydrology/id/measures/585e49e0-7070-4d85-9c52-ccd18a5a1e65-flow-m-86400-m3s-qualified","2022-08-26T09:00:00","2022-08-26","1.147","Complete","Good",""
"http://environment.data.gov.uk/hydrology/id/measures/585e49e0-7070-4d85-9c52-ccd18a5a1e65-flow-m-86400-m3s-qualified","2022-08-27T09:00:00","2022-08-27","1.643","Complete","Good",""
"http://environment.data.gov.uk/hydrology/id/measures/585e49e0-7070-4d85-9c52-ccd18a5a1e65-flow-m-86400-m3s-qualified","2022-08-28T09:00:00","2022-08-28","1.553","Complete","Good",""
"http://environment.data.gov.uk/hydrology/id/measures/585e49e0-7070-4d85-9c52-ccd18a5a1e65-flow-m-86400-m3s-qualified","2022-08-29T09:00:00","2022-08-29","1.524","Complete","Good",""
"http://environment.data.gov.uk/hydrology/id/measures/585e49e0-7070-4d85-9c52-ccd18a5a1e65-flow-m-86400-m3s-qualified","2022-08-30T09:00:00","2022-08-30","1.401","Complete","Good",""
"http://environment.data.gov.uk/hydrology/id/measures/585e49e0-7070-4d85-9c52-ccd18a5a1e65-flow-m-86400-m3s-qualified","2022-08-31T09:00:00","2022-08-31","1.422","Complete","Good",""
"http://environment.data.gov.uk/hydrology/id/measures/585e49e0-7070-4d85-9c52-ccd18a5a1e65-flow-m-86400-m3s-qualified","2022-09-01T09:00:00","2022-09-01","1.226","Complete","Good",""
"http://environment.data.gov.uk/hydrology/id/measures/585e49e0-7070-4d85-9c52-ccd18a5a1e65-flow-m-86400-m3s-qualified","2022-09-02T09:00:00","2022-09-02","1.413","Complete","Good",""
"http://environment.data.gov.uk/hydrology/id/measures/585e49e0-7070-4d85-9c52-ccd18a5a1e65-flow-m-86400-m3s-qualified","2022-09-03T09:00:00","2022-09-03","0.839","Complete","Good",""
"http://environment.data.gov.uk/hydrology/id/measures/585e49e0-7070-4d85-9c52-ccd18a5a1e65-flow-m-86400-m3s-qualified","2022-09-04T09:00:00","2022-09-04","0.903","Complete","Good",""
"http://environment.data.gov.uk/hydrology/id/measures/585e49e0-7070-4d85-9c52-ccd18a5a1e65-flow-m-86400-m3s-qualified","2022-09-05T09:00:00","2022-09-05","1.737","Complete","Good",""
"http://environment.data.gov.uk/hydrology/id/measures/585e49e0-7070-4d85-9c52-ccd18a5a1e65-flow-m-86400-m3s-qualified","2022-09-06T09:00:00","2022-09-06","2.269","Complete","Good",""
"http://environment.data.gov.uk/hydrology/id/measures/585e49e0-7070-4d85-9c52-ccd18a5a1e65-flow-m-86400-m3s-qualified","2022-09-07T09:00:00","2022-09-07","2.238","Complete","Good",""
"http://environment.data.gov.uk/hydrology/id/measures/585e49e0-7070-4d85-9c52-ccd18a5a1e65-flow-m-86400-m3s-qualified","2022-09-08T09:00:00","2022-09-08","2.143","Complete","Good",""
"http://environment.data.gov.uk/hydrology/id/measures/585e49e0-7070-4d85-9c52-ccd18a5a1e65-flow-m-86400-m3s-qualified","2022-09-09T09:00:00","2022-09-09","1.778","Complete","Good",""
"http://environment.data.gov.uk/hydrology/id/measures/585e49e0-7070-4d85-9c52-ccd18a5a1e65-flow-m-86400-m3s-qualified","2022-09-10T09:00:00","2022-09-10","1.688","Complete","Good",""
"http://environment.data.gov.uk/hydrology/id/measures/585e49e0-7070-4d85-9c52-ccd18a5a1e65-flow-m-86400-m3s-qualified","2022-09-11T09:00:00","2022-09-11","1.592","Complete","Good",""
"http://environment.data.gov.uk/hydrology/id/measures/585e49e0-7070-4d85-9c52-ccd18a5a1e65-flow-m-86400-m3s-qualified","2022-09-12T09:00:00","2022-09-12","1.827","Complete","Good",""
"http://environment.data.gov.uk/hydrology/id/measures/585e49e0-7070-4d85-9c52-ccd18a5a1e65-flow-m-86400-m3s-qualified","2022-09-13T09:00:00","2022-09-13","1.672","Complete","Good",""
"http://environment.data.gov.uk/hydrology/id/measures/585e49e0-7070-4d85-9c52-ccd18a5a1e65-flow-m-86400-m3s-qualified","2022-09-14T09:00:00","2022-09-14","1.911","Complete","Good",""
"http://environment.data.gov.uk/hydrology/id/measures/585e49e0-7070-4d85-9c52-ccd18a5a1e65-flow-m-86400-m3s-qualified","2022-09-15T09:00:00","2022-09-15","1.543","Complete","Good",""
"http://environment.data.gov.uk/hydrology/id/measures/585e49e0-7070-4d85-9c52-ccd18a5a1e65-flow-m-86400-m3s-qualified","2022-09-16T09:00:00","2022-09-16","1.515","Complete","Good",""
"http://environment.data.gov.uk/hydrology/id/measures/585e49e0-7070-4d85-9c52-ccd18a5a1e65-flow-m-86400-m3s-qualified","2022-09-17T09:00:00","2022-09-17","1.397","Complete","Good",""
"http://environment.data.gov.uk/hydrology/id/measures/585e49e0-7070-4d85-9c52-ccd18a5a1e65-flow-m-86400-m3s-qualified","2022-09-18T09:00:00","2022-09-18","1.499","Complete","Good",""
"http://environment.data.gov.uk/hydrology/id/measures/585e49e0-7070-4d85-9c52-ccd18a5a1e65-flow-m-86400-m3s-qualified","2022-09-19T09:00:00","2022-09-19","1.125","Complete","Good",""
"http://environment.data.gov.uk/hydrology/id/measures/585e49e0-7070-4d85-9c52-ccd18a5a1e65-flow-m-86400-m3s-qualified","2022-09-20T09:00:00","2022-09-20","1.34","Complete","Good",""
"http://environment.data.gov.uk/hydrology/id/measures/585e49e0-7070-4d85-9c52-ccd18a5a1e65-flow-m-86400-m3s-qualified","2022-09-21T09:00:00","2022-09-21","1.014","Complete","Good",""
"http://environment.data.gov.uk/hydrology/id/measures/585e49e0-7070-4d85-9c52-ccd18a5a1e65-flow-m-86400-m3s-qualified","2022-09-22T09:00:00","2022-09-22","1.104","Complete","Good",""
"http://environment.data.gov.uk/hydrology/id/measures/585e49e0-7070-4d85-9c52-ccd18a5a1e65-flow-m-86400-m3s-qualified","2022-09-23T09:00:00","2022-09-23","1.428","Complete","Good",""
"http://environment.data.gov.uk/hydrology/id/measures/585e49e0-7070-4d85-9c52-ccd18a5a1e65-flow-m-86400-m3s-qualified","2022-09-24T09:00:00","2022-09-24","1.527","Complete","Good",""
"http://environment.data.gov.uk/hydrology/id/measures/585e49e0-7070-4d85-9c52-ccd18a5a1e65-flow-m-86400-m3s-qualified","2022-09-25T09:00:00","2022-09-25","0.958","Complete","Good",""
"http://environment.data.gov.uk/hydrology/id/measures/585e49e0-7070-4d85-9c52-ccd18a5a1e65-flow-m-86400-m3s-qualified","2022-09-26T09:00:00","2022-09-26","1.261","Complete","Good",""
"http://environment.data.gov.uk/hydrology/id/measures/585e49e0-7070-4d85-9c52-ccd18a5a1e65-flow-m-86400-m3s-qualified","2022-09-27T09:00:00","2022-09-27","1.171","Complete","Good",""
"http://environment.data.gov.uk/hydrology/id/measures/585e49e0-7070-4d85-9c52-ccd18a5a1e65-flow-m-86400-m3s-qualified","2022-09-28T09:00:00","2022-09-28","1.38","Complete","Good",""
"http://environment.data.gov.uk/hydrology/id/measures/585e49e0-7070-4d85-9c52-ccd18a5a1e65-flow-m-86400-m3s-qualified","2022-09-29T09:00:00","2022-09-29","1.406","Complete","Good",""
"http://environment.data.gov.uk/hydrology/id/measures/585e49e0-7070-4d85-9c52-ccd18a5a1e65-flow-m-86400-m3s-qualified","2022-09-30T09:00:00","2022-09-30","1.363","Complete","Good",""
"http://environment.data.gov.uk/hydrology/id/measures/585e49e0-7070-4d85-9c52-ccd18a5a1e65-flow-m-86400-m3s-qualified","2022-10-01T09:00:00","2022-10-01","1.657","Complete","Good",""
"http://environment.data.gov.uk/hydrology/id/measures/585e49e0-7070-4d85-9c52-ccd18a5a1e65-flow-m-86400-m3s-qualified","2022-10-02T09:00:00","2022-10-02","2.492","Complete","Good",""
"http://environment.data.gov.uk/hydrology/id/measures/585e49e0-7070-4d85-9c52-ccd18a5a1e65-flow-m-86400-m3s-qualified","2022-10-03T09:00:00","2022-10-03","1.984","Complete","Good",""
"http://environment.data.gov.uk/hydrology/id/measures/585e49e0-7070-4d85-9c52-ccd18a5a1e65-flow-m-86400-m3s-qualified","2022-10-04T09:00:00","2022-10-04","0.797","Complete","Good",""
"http://environment.data.gov.uk/hydrology/id/measures/585e49e0-7070-4d85-9c52-ccd18a5a1e65-flow-m-86400-m3s-qualified","2022-10-05T09:00:00","2022-10-05","1.379","Complete","Good",""
"http://environment.data.gov.uk/hydrology/id/measures/585e49e0-7070-4d85-9c52-ccd18a5a1e65-flow-m-86400-m3s-qualified","2022-10-06T09:00:00","2022-10-06","1.226","Complete","Good",""
"http://environment.data.gov.uk/hydrology/id/measures/585e49e0-7070-4d85-9c52-ccd18a5a1e65-flow-m-86400-m3s-qualified","2022-10-07T09:00:00","2022-10-07","1.099","Complete","Good",""
"http://environment.data.gov.uk/hydrology/id/measures/585e49e0-7070-4d85-9c52-ccd18a5a1e65-flow-m-86400-m3s-qualified","2022-10-08T09:00:00","2022-10-08","1.268","Complete","Good",""
"http://environment.data.gov.uk/hydrology/id/measures/585e49e0-7070-4d85-9c52-ccd18a5a1e65-flow-m-86400-m3s-qualified","2022-10-09T09:00:00","2022-10-09","1.232","Complete","Good",""
"http://environment.data.gov.uk/hydrology/id/measures/585e49e0-7070-4d85-9c52-ccd18a5a1e65-flow-m-86400-m3s-qualified","2022-10-10T09:00:00","2022-10-10","1.348","Complete","Good",""
"http://environment.data.gov.uk/hydrology/id/measures/585e49e0-7070-4d85-9c52-ccd18a5a1e65-flow-m-86400-m3s-qualified","2022-10-11T09:00:00","2022-10-11","1.389","Complete","Good",""
"http://environment.data.gov.uk/hydrology/id/measures/585e49e0-7070-4d85-9c52-ccd18a5a1e65-flow-m-86400-m3s-qualified","2022-10-12T09:00:00","2022-10-12","1.263","Complete","Good",""
"http://environment.data.gov.uk/hydrology/id/measures/585e49e0-7070-4d85-9c52-ccd18a5a1e65-flow-m-86400-m3s-qualified","2022-10-13T09:00:00","2022-10-13","1.525","Complete","Good",""
"http://environment.data.gov.uk/hydrology/id/measures/585e49e0-7070-4d85-9c52-ccd18a5a1e65-flow-m-86400-m3s-qualified","2022-10-14T09:00:00","2022-10-14","1.367","Complete","Good",""
"http://environment.data.gov.uk/hydrology/id/measures/585e49e0-7070-4d85-9c52-ccd18a5a1e65-flow-m-86400-m3s-qualified","2022-10-15T09:00:00","2022-10-15","1.013","Complete","Good",""
"http://environment.data.gov.uk/hydrology/id/measures/585e49e0-7070-4d85-9c52-ccd18a5a1e65-flow-m-86400-m3s-qualified","2022-10-16T09:00:00","2022-10-16","1.812","Complete","Good",""
"http://environment.data.gov.uk/hydrology/id/measures/585e49e0-7070-4d85-9c52-ccd18a5a1e65-flow-m-86400-m3s-qualified","2022-10-17T09:00:00","2022-10-17","1.711","Complete","Good",""
"http://environment.data.gov.uk/hydrology/id/measures/585e49e0-7070-4d85-9c52-ccd18a5a1e65-flow-m-86400-m3s-qualified","2022-10-18T09:00:00","2022-10-18","1.829","Complete","Good",""
"http://environment.data.gov.uk/hydrology/id/measures/585e49e0-7070-4d85-9c52-ccd18a5a1e65-flow-m-86400-m3s-qualified","2022-10-19T09:00:00","2022-10-19","1.889","Complete","Good",""
"http://environment.data.gov.uk/hydrology/id/measures/585e49e0-7070-4d85-9c52-ccd18a5a1e65-flow-m-86400-m3s-qualified","2022-10-20T09:00:00","2022-10-20","1.655","Complete","Good",""
"http://environment.data.gov.uk/hydrology/id/measures/585e49e0-7070-4d85-9c52-ccd18a5a1e65-flow-m-86400-m3s-qualified","2022-10-21T09:00:00","2022-10-21","5.598","Complete","Good",""
"http://environment.data.gov.uk/hydrology/id/measures/585e49e0-7070-4d85-9c52-ccd18a5a1e65-flow-m-86400-m3s-qualified","2022-10-22T09:00:00","2022-10-22","6.093","Complete","Good",""
"http://environment.data.gov.uk/hydrology/id/measures/585e49e0-7070-4d85-9c52-ccd18a5a1e65-flow-m-86400-m3s-qualified","2022-10-23T09:00:00","2022-10-23","11.776","Complete","Good",""
"http://environment.data.gov.uk/hydrology/id/measures/585e49e0-7070-4d85-9c52-ccd18a5a1e65-flow-m-86400-m3s-qualified","2022-10-24T09:00:00","2022-10-24","12.668","Complete","Good",""
"http://environment.data.gov.uk/hydrology/id/measures/585e49e0-7070-4d85-9c52-ccd18a5a1e65-flow-m-86400-m3s-qualified","2022-10-25T09:00:00","2022-10-25","6.706","Complete","Good",""
"http://environment.data.gov.uk/hydrology/id/measures/585e49e0-7070-4d85-9c52-ccd18a5a1e65-flow-m-86400-m3s-qualified","2022-10-26T09:00:00","2022-10-26","3.813","Complete","Good",""
"http://environment.data.gov.uk/hydrology/id/measures/585e49e0-7070-4d85-9c52-ccd18a5a1e65-flow-m-86400-m3s-qualified","2022-10-27T09:00:00","2022-10-27","2.898","Complete","Good",""
"http://environment.data.gov.uk/hydrology/id/measures/585e49e0-7070-4d85-9c52-ccd18a5a1e65-flow-m-86400-m3s-qualified","2022-10-28T09:00:00","2022-10-28","2.455","Complete","Good",""
"http://environment.data.gov.uk/hydrology/id/measures/585e49e0-7070-4d85-9c52-ccd18a5a1e65-flow-m-86400-m3s-qualified","2022-10-29T09:00:00","2022-10-29","2.28","Complete","Good",""
"http://environment.data.gov.uk/hydrology/id/measures/585e49e0-7070-4d85-9c52-ccd18a5a1e65-flow-m-86400-m3s-qualified","2022-10-30T09:00:00","2022-10-30","2.145","Complete","Good",""
"http://environment.data.gov.uk/hydrology/id/measures/585e49e0-7070-4d85-9c52-ccd18a5a1e65-flow-m-86400-m3s-qualified","2022-10-31T09:00:00","2022-10-31","4.683","Complete","Good",""
"http://environment.data.gov.uk/hydrology/id/measures/585e49e0-7070-4d85-9c52-ccd18a5a1e65-flow-m-86400-m3s-qualified","2022-11-01T09:00:00","2022-11-01","8.453","Complete","Good",""
"http://environment.data.gov.uk/hydrology/id/measures/585e49e0-7070-4d85-9c52-ccd18a5a1e65-flow-m-86400-m3s-qualified","2022-11-02T09:00:00","2022-11-02","9.122","Complete","Good",""
"http://environment.data.gov.uk/hydrology/id/measures/585e49e0-7070-4d85-9c52-ccd18a5a1e65-flow-m-86400-m3s-qualified","2022-11-03T09:00:00","2022-11-03","16.584","Complete","Good",""
"http://environment.data.gov.uk/hydrology/id/measures/585e49e0-7070-4d85-9c52-ccd18a5a1e65-flow-m-86400-m3s-qualified","2022-11-04T09:00:00","2022-11-04","12.471","Complete","Good",""
"http://environment.data.gov.uk/hydrology/id/measures/585e49e0-7070-4d85-9c52-ccd18a5a1e65-flow-m-86400-m3s-qualified","2022-11-05T09:00:00","2022-11-05","8.165","Complete","Good",""
"http://environment.data.gov.uk/hydrology/id/measures/585e49e0-7070-4d85-9c52-ccd18a5a1e65-flow-m-86400-m3s-qualified","2022-11-06T09:00:00","2022-11-06","9.235","Complete","Good",""
"http://environment.data.gov.uk/hydrology/id/measures/585e49e0-7070-4d85-9c52-ccd18a5a1e65-flow-m-86400-m3s-qualified","2022-11-07T09:00:00","2022-11-07","12.093","Complete","Good",""
"http://environment.data.gov.uk/hydrology/id/measures/585e49e0-7070-4d85-9c52-ccd18a5a1e65-flow-m-86400-m3s-qualified","2022-11-08T09:00:00","2022-11-08","18.876","Complete","Good",""
"http://environment.data.gov.uk/hydrology/id/measures/585e49e0-7070-4d85-9c52-ccd18a5a1e65-flow-m-86400-m3s-qualified","2022-11-09T09:00:00","2022-11-09","18.821","Complete","Good",""
"http://environment.data.gov.uk/hydrology/id/measures/585e49e0-7070-4d85-9c52-ccd18a5a1e65-flow-m-86400-m3s-qualified","2022-11-10T09:00:00","2022-11-10","13.616","Complete","Good",""
"http://environment.data.gov.uk/hydrology/id/measures/585e49e0-7070-4d85-9c52-ccd18a5a1e65-flow-m-86400-m3s-qualified","2022-11-11T09:00:00","2022-11-11","10.05","Complete","Good",""
"http://environment.data.gov.uk/hydrology/id/measures/585e49e0-7070-4d85-9c52-ccd18a5a1e65-flow-m-86400-m3s-qualified","2022-11-12T09:00:00","2022-11-12","7.958","Complete","Good",""
"http://environment.data.gov.uk/hydrology/id/measures/585e49e0-7070-4d85-9c52-ccd18a5a1e65-flow-m-86400-m3s-qualified","2022-11-13T09:00:00","2022-11-13","6.83","Complete","Good",""
"http://environment.data.gov.uk/hydrology/id/measures/585e49e0-7070-4d85-9c52-ccd18a5a1e65-flow-m-86400-m3s-qualified","2022-11-14T09:00:00","2022-11-14","6.61","Complete","Good",""
"http://environment.data.gov.uk/hydrology/id/measures/585e49e0-7070-4d85-9c52-ccd18a5a1e65-flow-m-86400-m3s-qualified","2022-11-15T09:00:00","2022-11-15","23.868","Complete","Good",""
"http://environment.data.gov.uk/hydrology/id/measures/585e49e0-7070-4d85-9c52-ccd18a5a1e65-flow-m-86400-m3s-qualified","2022-11-16T09:00:00","2022-11-16","45.222","Complete","Good",""
"http://environment.data.gov.uk/hydrology/id/measures/585e49e0-7070-4d85-9c52-ccd18a5a1e65-flow-m-86400-m3s-qualified","2022-11-17T09:00:00","2022-11-17","46.899","Complete","Good",""
"http://environment.data.gov.uk/hydrology/id/measures/585e49e0-7070-4d85-9c52-ccd18a5a1e65-flow-m-86400-m3s-qualified","2022-11-18T09:00:00","2022-11-18","28.989","Complete","Good",""
"http://environment.data.gov.uk/hydrology/id/measures/585e49e0-7070-4d85-9c52-ccd18a5a1e65-flow-m-86400-m3s-qualified","2022-11-19T09:00:00","2022-11-19","17.368","Complete","Good",""
"http://environment.data.gov.uk/hydrology/id/measures/585e49e0-7070-4d85-9c52-ccd18a5a1e65-flow-m-86400-m3s-qualified","2022-11-20T09:00:00","2022-11-20","15.71","Complete","Good",""
"http://environment.data.gov.uk/hydrology/id/measures/585e49e0-7070-4d85-9c52-ccd18a5a1e65-flow-m-86400-m3s-qualified","2022-11-21T09:00:00","2022-11-21","24.047","Complete","Good",""
"http://environment.data.gov.uk/hydrology/id/measures/585e49e0-7070-4d85-9c52-ccd18a5a1e65-flow-m-86400-m3s-qualified","2022-11-22T09:00:00","2022-11-22","28.636","Complete","Good",""
"http://environment.data.gov.uk/hydrology/id/measures/585e49e0-7070-4d85-9c52-ccd18a5a1e65-flow-m-86400-m3s-qualified","2022-11-23T09:00:00","2022-11-23","35.854","Complete","Good",""
"http://environment.data.gov.uk/hydrology/id/measures/585e49e0-7070-4d85-9c52-ccd18a5a1e65-flow-m-86400-m3s-qualified","2022-11-24T09:00:00","2022-11-24","41.543","Complete","Good",""
"http://environment.data.gov.uk/hydrology/id/measures/585e49e0-7070-4d85-9c52-ccd18a5a1e65-flow-m-86400-m3s-qualified","2022-11-25T09:00:00","2022-11-25","35.719","Complete","Good",""
"http://environment.data.gov.uk/hydrology/id/measures/585e49e0-7070-4d85-9c52-ccd18a5a1e65-flow-m-86400-m3s-qualified","2022-11-26T09:00:00","2022-11-26","27.134","Complete","Good",""
"http://environment.data.gov.uk/hydrology/id/measures/585e49e0-7070-4d85-9c52-ccd18a5a1e65-flow-m-86400-m3s-qualified","2022-11-27T09:00:00","2022-11-27","35.764","Complete","Good",""
"http://environment.data.gov.uk/hydrology/id/measures/585e49e0-7070-4d85-9c52-ccd18a5a1e65-flow-m-86400-m3s-qualified","2022-11-28T09:00:00","2022-11-28","30.043","Complete","Good",""
"http://environment.data.gov.uk/hydrology/id/measures/585e49e0-7070-4d85-9c52-ccd18a5a1e65-flow-m-86400-m3s-qualified","2022-11-29T09:00:00","2022-11-29","21.163","Complete","Good",""
"http://environment.data.gov.uk/hydrology/id/measures/585e49e0-7070-4d85-9c52-ccd18a5a1e65-flow-m-86400-m3s-qualified","2022-11-30T09:00:00","2022-11-30","17.376","Complete","Good",""
"http://environment.data.gov.uk/hydrology/id/measures/585e49e0-7070-4d85-9c52-ccd18a5a1e65-flow-m-86400-m3s-qualified","2022-12-01T09:00:00","2022-12-01","15.039","Complete","Good",""
"http://environment.data.gov.uk/hydrology/id/measures/585e49e0-7070-4d85-9c52-ccd18a5a1e65-flow-m-86400-m3s-qualified","2022-12-02T09:00:00","2022-12-02","13.562","Complete","Good",""
"http://environment.data.gov.uk/hydrology/id/measures/585e49e0-7070-4d85-9c52-ccd18a5a1e65-flow-m-86400-m3s-qualified","2022-12-03T09:00:00","2022-12-03","12.348","Complete","Good",""
"http://environment.data.gov.uk/hydrology/id/measures/585e49e0-7070-4d85-9c52-ccd18a5a1e65-flow-m-86400-m3s-qualified","2022-12-04T09:00:00","2022-12-04","11.197","Complete","Good",""
"http://environment.data.gov.uk/hydrology/id/measures/585e49e0-7070-4d85-9c52-ccd18a5a1e65-flow-m-86400-m3s-qualified","2022-12-05T09:00:00","2022-12-05","10.25","Complete","Good",""
"http://environment.data.gov.uk/hydrology/id/measures/585e49e0-7070-4d85-9c52-ccd18a5a1e65-flow-m-86400-m3s-qualified","2022-12-06T09:00:00","2022-12-06","9.371","Complete","Good",""
"http://environment.data.gov.uk/hydrology/id/measures/585e49e0-7070-4d85-9c52-ccd18a5a1e65-flow-m-86400-m3s-qualified","2022-12-07T09:00:00","2022-12-07","8.641","Complete","Good",""
"http://environment.data.gov.uk/hydrology/id/measures/585e49e0-7070-4d85-9c52-ccd18a5a1e65-flow-m-86400-m3s-qualified","2022-12-08T09:00:00","2022-12-08","8.104","Complete","Good",""
"http://environment.data.gov.uk/hydrology/id/measures/585e49e0-7070-4d85-9c52-ccd18a5a1e65-flow-m-86400-m3s-qualified","2022-12-09T09:00:00","2022-12-09","7.634","Complete","Good",""
"http://environment.data.gov.uk/hydrology/id/measures/585e49e0-7070-4d85-9c52-ccd18a5a1e65-flow-m-86400-m3s-qualified","2022-12-10T09:00:00","2022-12-10","7.085","Complete","Good",""
"http://environment.data.gov.uk/hydrology/id/measures/585e49e0-7070-4d85-9c52-ccd18a5a1e65-flow-m-86400-m3s-qualified","2022-12-11T09:00:00","2022-12-11","6.836","Complete","Good",""
"http://environment.data.gov.uk/hydrology/id/measures/585e49e0-7070-4d85-9c52-ccd18a5a1e65-flow-m-86400-m3s-qualified","2022-12-12T09:00:00","2022-12-12","6.572","Complete","Good",""
"http://environment.data.gov.uk/hydrology/id/measures/585e49e0-7070-4d85-9c52-ccd18a5a1e65-flow-m-86400-m3s-qualified","2022-12-13T09:00:00","2022-12-13","6.361","Complete","Good",""
"http://environment.data.gov.uk/hydrology/id/measures/585e49e0-7070-4d85-9c52-ccd18a5a1e65-flow-m-86400-m3s-qualified","2022-12-14T09:00:00","2022-12-14","5.889","Complete","Good",""
"http://environment.data.gov.uk/hydrology/id/measures/585e49e0-7070-4d85-9c52-ccd18a5a1e65-flow-m-86400-m3s-qualified","2022-12-15T09:00:00","2022-12-15","5.526","Complete","Good",""
"http://environment.data.gov.uk/hydrology/id/measures/585e49e0-7070-4d85-9c52-ccd18a5a1e65-flow-m-86400-m3s-qualified","2022-12-16T09:00:00","2022-12-16","5.347","Complete","Good",""
"http://environment.data.gov.uk/hydrology/id/measures/585e49e0-7070-4d85-9c52-ccd18a5a1e65-flow-m-86400-m3s-qualified","2022-12-17T09:00:00","2022-12-17","5.164","Complete","Good",""
"http://environment.data.gov.uk/hydrology/id/measures/585e49e0-7070-4d85-9c52-ccd18a5a1e65-flow-m-86400-m3s-qualified","2022-12-18T09:00:00","2022-12-18","9.934","Complete","Good",""
"http://environment.data.gov.uk/hydrology/id/measures/585e49e0-7070-4d85-9c52-ccd18a5a1e65-flow-m-86400-m3s-qualified","2022-12-19T09:00:00","2022-12-19","38.776","Complete","Good",""
"http://environment.data.gov.uk/hydrology/id/measures/585e49e0-7070-4d85-9c52-ccd18a5a1e65-flow-m-86400-m3s-qualified","2022-12-20T09:00:00","2022-12-20","62.557","Complete","Good",""
"http://environment.data.gov.uk/hydrology/id/measures/585e49e0-7070-4d85-9c52-ccd18a5a1e65-flow-m-86400-m3s-qualified","2022-12-21T09:00:00","2022-12-21","54.331","Complete","Good",""
"http://environment.data.gov.uk/hydrology/id/measures/585e49e0-7070-4d85-9c52-ccd18a5a1e65-flow-m-86400-m3s-qualified","2022-12-22T09:00:00","2022-12-22","28.003","Complete","Good",""
"http://environment.data.gov.uk/hydrology/id/measures/585e49e0-7070-4d85-9c52-ccd18a5a1e65-flow-m-86400-m3s-qualified","2022-12-23T09:00:00","2022-12-23","41.104","Complete","Good",""
"http://environment.data.gov.uk/hydrology/id/measures/585e49e0-7070-4d85-9c52-ccd18a5a1e65-flow-m-86400-m3s-qualified","2022-12-24T09:00:00","2022-12-24","38.429","Complete","Good",""
"http://environment.data.gov.uk/hydrology/id/measures/585e49e0-7070-4d85-9c52-ccd18a5a1e65-flow-m-86400-m3s-qualified","2022-12-25T09:00:00","2022-12-25","37.215","Complete","Good",""
"http://environment.data.gov.uk/hydrology/id/measures/585e49e0-7070-4d85-9c52-ccd18a5a1e65-flow-m-86400-m3s-qualified","2022-12-26T09:00:00","2022-12-26","40.953","Complete","Good",""
"http://environment.data.gov.uk/hydrology/id/measures/585e49e0-7070-4d85-9c52-ccd18a5a1e65-flow-m-86400-m3s-qualified","2022-12-27T09:00:00","2022-12-27","38.169","Complete","Good",""
"http://environment.data.gov.uk/hydrology/id/measures/585e49e0-7070-4d85-9c52-ccd18a5a1e65-flow-m-86400-m3s-qualified","2022-12-28T09:00:00","2022-12-28","55.012","Complete","Good",""
"http://environment.data.gov.uk/hydrology/id/measures/585e49e0-7070-4d85-9c52-ccd18a5a1e65-flow-m-86400-m3s-qualified","2022-12-29T09:00:00","2022-12-29","57.786","Complete","Good",""
"http://environment.data.gov.uk/hydrology/id/measures/585e49e0-7070-4d85-9c52-ccd18a5a1e65-flow-m-86400-m3s-qualified","2022-12-30T09:00:00","2022-12-30","49.82","Complete","Good",""
"http://environment.data.gov.uk/hydrology/id/measures/585e49e0-7070-4d85-9c52-ccd18a5a1e65-flow-m-86400-m3s-qualified","2022-12-31T09:00:00","2022-12-31","60.588","Complete","Good",""
"http://environment.data.gov.uk/hydrology/id/measures/585e49e0-7070-4d85-9c52-ccd18a5a1e65-flow-m-86400-m3s-qualified","2023-01-01T09:00:00","2023-01-01","80.937","Complete","Good",""
"http://environment.data.gov.uk/hydrology/id/measures/585e49e0-7070-4d85-9c52-ccd18a5a1e65-flow-m-86400-m3s-qualified","2023-01-02T09:00:00","2023-01-02","65.239","Complete","Good",""
"http://environment.data.gov.uk/hydrology/id/measures/585e49e0-7070-4d85-9c52-ccd18a5a1e65-flow-m-86400-m3s-qualified","2023-01-03T09:00:00","2023-01-03","53.177","Complete","Good",""
"http://environment.data.gov.uk/hydrology/id/measures/585e49e0-7070-4d85-9c52-ccd18a5a1e65-flow-m-86400-m3s-qualified","2023-01-04T09:00:00","2023-01-04","60.894","Complete","Good",""
"http://environment.data.gov.uk/hydrology/id/measures/585e49e0-7070-4d85-9c52-ccd18a5a1e65-flow-m-86400-m3s-qualified","2023-01-05T09:00:00","2023-01-05","52.299","Complete","Good",""
"http://environment.data.gov.uk/hydrology/id/measures/585e49e0-7070-4d85-9c52-ccd18a5a1e65-flow-m-86400-m3s-qualified","2023-01-06T09:00:00","2023-01-06","38.795","Complete","Good",""
"http://environment.data.gov.uk/hydrology/id/measures/585e49e0-7070-4d85-9c52-ccd18a5a1e65-flow-m-86400-m3s-qualified","2023-01-07T09:00:00","2023-01-07","46.026","Complete","Good",""
"http://environment.data.gov.uk/hydrology/id/measures/585e49e0-7070-4d85-9c52-ccd18a5a1e65-flow-m-86400-m3s-qualified","2023-01-08T09:00:00","2023-01-08","56.62","Complete","Good",""
"http://environment.data.gov.uk/hydrology/id/measures/585e49e0-7070-4d85-9c52-ccd18a5a1e65-flow-m-86400-m3s-qualified","2023-01-09T09:00:00","2023-01-09","42.888","Complete","Good",""
"http://environment.data.gov.uk/hydrology/id/measures/585e49e0-7070-4d85-9c52-ccd18a5a1e65-flow-m-86400-m3s-qualified","2023-01-10T09:00:00","2023-01-10","35.048","Complete","Good",""
"http://environment.data.gov.uk/hydrology/id/measures/585e49e0-7070-4d85-9c52-ccd18a5a1e65-flow-m-86400-m3s-qualified","2023-01-11T09:00:00","2023-01-11","47.108","Complete","Good",""
"http://environment.data.gov.uk/hydrology/id/measures/585e49e0-7070-4d85-9c52-ccd18a5a1e65-flow-m-86400-m3s-qualified","2023-01-12T09:00:00","2023-01-12","114.831","Complete","Good",""
"http://environment.data.gov.uk/hydrology/id/measures/585e49e0-7070-4d85-9c52-ccd18a5a1e65-flow-m-86400-m3s-qualified","2023-01-13T09:00:00","2023-01-13","120.217","Complete","Good",""
"http://environment.data.gov.uk/hydrology/id/measures/585e49e0-7070-4d85-9c52-ccd18a5a1e65-flow-m-86400-m3s-qualified","2023-01-14T09:00:00","2023-01-14","115.881","Complete","Good",""
"http://environment.data.gov.uk/hydrology/id/measures/585e49e0-7070-4d85-9c52-ccd18a5a1e65-flow-m-86400-m3s-qualified","2023-01-15T09:00:00","2023-01-15","103.755","Complete","Good",""
"http://environment.data.gov.uk/hydrology/id/measures/585e49e0-7070-4d85-9c52-ccd18a5a1e65-flow-m-86400-m3s-qualified","2023-01-16T09:00:00","2023-01-16","77.572","Complete","Good",""
"http://environment.data.gov.uk/hydrology/id/measures/585e49e0-7070-4d85-9c52-ccd18a5a1e65-flow-m-86400-m3s-qualified","2023-01-17T09:00:00","2023-01-17","49.475","Complete","Good",""
"http://environment.data.gov.uk/hydrology/id/measures/585e49e0-7070-4d85-9c52-ccd18a5a1e65-flow-m-86400-m3s-qualified","2023-01-18T09:00:00","2023-01-18","33.333","Complete","Good",""
"http://environment.data.gov.uk/hydrology/id/measures/585e49e0-7070-4d85-9c52-ccd18a5a1e65-flow-m-86400-m3s-qualified","2023-01-19T09:00:00","2023-01-19","27.354","Complete","Good",""
"http://environment.data.gov.uk/hydrology/id/measures/585e49e0-7070-4d85-9c52-ccd18a5a1e65-flow-m-86400-m3s-qualified","2023-01-20T09:00:00","2023-01-20","23.407","Complete","Good",""
"http://environment.data.gov.uk/hydrology/id/measures/585e49e0-7070-4d85-9c52-ccd18a5a1e65-flow-m-86400-m3s-qualified","2023-01-21T09:00:00","2023-01-21","20.579","Complete","Good",""
"http://environment.data.gov.uk/hydrology/id/measures/585e49e0-7070-4d85-9c52-ccd18a5a1e65-flow-m-86400-m3s-qualified","2023-01-22T09:00:00","2023-01-22","18.623","Complete","Good",""
"http://environment.data.gov.uk/hydrology/id/measures/585e49e0-7070-4d85-9c52-ccd18a5a1e65-flow-m-86400-m3s-qualified","2023-01-23T09:00:00","2023-01-23","16.983","Complete","Good",""
"http://environment.data.gov.uk/hydrology/id/measures/585e49e0-7070-4d85-9c52-ccd18a5a1e65-flow-m-86400-m3s-qualified","2023-01-24T09:00:00","2023-01-24","15.761","Complete","Good",""
"http://environment.data.gov.uk/hydrology/id/measures/585e49e0-7070-4d85-9c52-ccd18a5a1e65-flow-m-86400-m3s-qualified","2023-01-25T09:00:00","2023-01-25","14.73","Complete","Good",""
"http://environment.data.gov.uk/hydrology/id/measures/585e49e0-7070-4d85-9c52-ccd18a5a1e65-flow-m-86400-m3s-qualified","2023-01-26T09:00:00","2023-01-26","14.553","Complete","Good",""
"http://environment.data.gov.uk/hydrology/id/measures/585e49e0-7070-4d85-9c52-ccd18a5a1e65-flow-m-86400-m3s-qualified","2023-01-27T09:00:00","2023-01-27","14.288","Complete","Good",""
"http://environment.data.gov.uk/hydrology/id/measures/585e49e0-7070-4d85-9c52-ccd18a5a1e65-flow-m-86400-m3s-qualified","2023-01-28T09:00:00","2023-01-28","13.652","Complete","Good",""
"http://environment.data.gov.uk/hydrology/id/measures/585e49e0-7070-4d85-9c52-ccd18a5a1e65-flow-m-86400-m3s-qualified","2023-01-29T09:00:00","2023-01-29","13.247","Complete","Good",""
"http://environment.data.gov.uk/hydrology/id/measures/585e49e0-7070-4d85-9c52-ccd18a5a1e65-flow-m-86400-m3s-qualified","2023-01-30T09:00:00","2023-01-30","12.828","Complete","Good",""
"http://environment.data.gov.uk/hydrology/id/measures/585e49e0-7070-4d85-9c52-ccd18a5a1e65-flow-m-86400-m3s-qualified","2023-01-31T09:00:00","2023-01-31","11.999","Complete","Good",""
"http://environment.data.gov.uk/hydrology/id/measures/585e49e0-7070-4d85-9c52-ccd18a5a1e65-flow-m-86400-m3s-qualified","2023-02-01T09:00:00","2023-02-01","11.314","Complete","Good",""
"http://environment.data.gov.uk/hydrology/id/measures/585e49e0-7070-4d85-9c52-ccd18a5a1e65-flow-m-86400-m3s-qualified","2023-02-02T09:00:00","2023-02-02","10.581","Complete","Good",""
"http://environment.data.gov.uk/hydrology/id/measures/585e49e0-7070-4d85-9c52-ccd18a5a1e65-flow-m-86400-m3s-qualified","2023-02-03T09:00:00","2023-02-03","10.124","Complete","Good",""
"http://environment.data.gov.uk/hydrology/id/measures/585e49e0-7070-4d85-9c52-ccd18a5a1e65-flow-m-86400-m3s-qualified","2023-02-04T09:00:00","2023-02-04","9.652","Complete","Good",""
"http://environment.data.gov.uk/hydrology/id/measures/585e49e0-7070-4d85-9c52-ccd18a5a1e65-flow-m-86400-m3s-qualified","2023-02-05T09:00:00","2023-02-05","9.144","Complete","Good",""
"http://environment.data.gov.uk/hydrology/id/measures/585e49e0-7070-4d85-9c52-ccd18a5a1e65-flow-m-86400-m3s-qualified","2023-02-06T09:00:00","2023-02-06","8.774","Complete","Good",""
"http://environment.data.gov.uk/hydrology/id/measures/585e49e0-7070-4d85-9c52-ccd18a5a1e65-flow-m-86400-m3s-qualified","2023-02-07T09:00:00","2023-02-07","8.513","Complete","Good",""
"http://environment.data.gov.uk/hydrology/id/measures/585e49e0-7070-4d85-9c52-ccd18a5a1e65-flow-m-86400-m3s-qualified","2023-02-08T09:00:00","2023-02-08","8.14","Complete","Good",""
"http://environment.data.gov.uk/hydrology/id/measures/585e49e0-7070-4d85-9c52-ccd18a5a1e65-flow-m-86400-m3s-qualified","2023-02-09T09:00:00","2023-02-09","7.756","Complete","Good",""
"http://environment.data.gov.uk/hydrology/id/measures/585e49e0-7070-4d85-9c52-ccd18a5a1e65-flow-m-86400-m3s-qualified","2023-02-10T09:00:00","2023-02-10","7.542","Complete","Good",""
"http://environment.data.gov.uk/hydrology/id/measures/585e49e0-7070-4d85-9c52-ccd18a5a1e65-flow-m-86400-m3s-qualified","2023-02-11T09:00:00","2023-02-11","7.354","Complete","Good",""
"http://environment.data.gov.uk/hydrology/id/measures/585e49e0-7070-4d85-9c52-ccd18a5a1e65-flow-m-86400-m3s-qualified","2023-02-12T09:00:00","2023-02-12","7.172","Complete","Good",""
"http://environment.data.gov.uk/hydrology/id/measures/585e49e0-7070-4d85-9c52-ccd18a5a1e65-flow-m-86400-m3s-qualified","2023-02-13T09:00:00","2023-02-13","7.138","Complete","Good",""
"http://environment.data.gov.uk/hydrology/id/measures/585e49e0-7070-4d85-9c52-ccd18a5a1e65-flow-m-86400-m3s-qualified","2023-02-14T09:00:00","2023-02-14","6.902","Complete","Good",""
"http://environment.data.gov.uk/hydrology/id/measures/585e49e0-7070-4d85-9c52-ccd18a5a1e65-flow-m-86400-m3s-qualified","2023-02-15T09:00:00","2023-02-15","6.769","Complete","Good",""
"http://environment.data.gov.uk/hydrology/id/measures/585e49e0-7070-4d85-9c52-ccd18a5a1e65-flow-m-86400-m3s-qualified","2023-02-16T09:00:00","2023-02-16","6.588","Complete","Good",""
"http://environment.data.gov.uk/hydrology/id/measures/585e49e0-7070-4d85-9c52-ccd18a5a1e65-flow-m-86400-m3s-qualified","2023-02-17T09:00:00","2023-02-17","6.376","Complete","Good",""
"http://environment.data.gov.uk/hydrology/id/measures/585e49e0-7070-4d85-9c52-ccd18a5a1e65-flow-m-86400-m3s-qualified","2023-02-18T09:00:00","2023-02-18","6.368","Complete","Good",""
"http://environment.data.gov.uk/hydrology/id/measures/585e49e0-7070-4d85-9c52-ccd18a5a1e65-flow-m-86400-m3s-qualified","2023-02-19T09:00:00","2023-02-19","6.191","Complete","Good",""
"http://environment.data.gov.uk/hydrology/id/measures/585e49e0-7070-4d85-9c52-ccd18a5a1e65-flow-m-86400-m3s-qualified","2023-02-20T09:00:00","2023-02-20","5.754","Complete","Good",""
"http://environment.data.gov.uk/hydrology/id/measures/585e49e0-7070-4d85-9c52-ccd18a5a1e65-flow-m-86400-m3s-qualified","2023-02-21T09:00:00","2023-02-21","5.875","Complete","Good",""
"http://environment.data.gov.uk/hydrology/id/measures/585e49e0-7070-4d85-9c52-ccd18a5a1e65-flow-m-86400-m3s-qualified","2023-02-22T09:00:00","2023-02-22","6.148","Complete","Good",""
"http://environment.data.gov.uk/hydrology/id/measures/585e49e0-7070-4d85-9c52-ccd18a5a1e65-flow-m-86400-m3s-qualified","2023-02-23T09:00:00","2023-02-23","6.244","Complete","Good",""
"http://environment.data.gov.uk/hydrology/id/measures/585e49e0-7070-4d85-9c52-ccd18a5a1e65-flow-m-86400-m3s-qualified","2023-02-24T09:00:00","2023-02-24","5.849","Complete","Good",""
"http://environment.data.gov.uk/hydrology/id/measures/585e49e0-7070-4d85-9c52-ccd18a5a1e65-flow-m-86400-m3s-qualified","2023-02-25T09:00:00","2023-02-25","5.678","Complete","Good",""
"http://environment.data.gov.uk/hydrology/id/measures/585e49e0-7070-4d85-9c52-ccd18a5a1e65-flow-m-86400-m3s-qualified","2023-02-26T09:00:00","2023-02-26","5.316","Complete","Good",""
"http://environment.data.gov.uk/hydrology/id/measures/585e49e0-7070-4d85-9c52-ccd18a5a1e65-flow-m-86400-m3s-qualified","2023-02-27T09:00:00","2023-02-27","4.987","Complete","Good",""
"http://environment.data.gov.uk/hydrology/id/measures/585e49e0-7070-4d85-9c52-ccd18a5a1e65-flow-m-86400-m3s-qualified","2023-02-28T09:00:00","2023-02-28","4.956","Complete","Good",""
"http://environment.data.gov.uk/hydrology/id/measures/585e49e0-7070-4d85-9c52-ccd18a5a1e65-flow-m-86400-m3s-qualified","2023-03-01T09:00:00","2023-03-01","5.046","Complete","Good",""
"http://environment.data.gov.uk/hydrology/id/measures/585e49e0-7070-4d85-9c52-ccd18a5a1e65-flow-m-86400-m3s-qualified","2023-03-02T09:00:00","2023-03-02","4.967","Complete","Good",""
"http://environment.data.gov.uk/hydrology/id/measures/585e49e0-7070-4d85-9c52-ccd18a5a1e65-flow-m-86400-m3s-qualified","2023-03-03T09:00:00","2023-03-03","4.543","Complete","Good",""
"http://environment.data.gov.uk/hydrology/id/measures/585e49e0-7070-4d85-9c52-ccd18a5a1e65-flow-m-86400-m3s-qualified","2023-03-04T09:00:00","2023-03-04","4.495","Complete","Good",""
"http://environment.data.gov.uk/hydrology/id/measures/585e49e0-7070-4d85-9c52-ccd18a5a1e65-flow-m-86400-m3s-qualified","2023-03-05T09:00:00","2023-03-05","4.443","Complete","Good",""
"http://environment.data.gov.uk/hydrology/id/measures/585e49e0-7070-4d85-9c52-ccd18a5a1e65-flow-m-86400-m3s-qualified","2023-03-06T09:00:00","2023-03-06","4.472","Complete","Good",""
"http://environment.data.gov.uk/hydrology/id/measures/585e49e0-7070-4d85-9c52-ccd18a5a1e65-flow-m-86400-m3s-qualified","2023-03-07T09:00:00","2023-03-07","5.468","Complete","Good",""
"http://environment.data.gov.uk/hydrology/id/measures/585e49e0-7070-4d85-9c52-ccd18a5a1e65-flow-m-86400-m3s-qualified","2023-03-08T09:00:00","2023-03-08","11.668","Complete","Good",""
"http://environment.data.gov.uk/hydrology/id/measures/585e49e0-7070-4d85-9c52-ccd18a5a1e65-flow-m-86400-m3s-qualified","2023-03-09T09:00:00","2023-03-09","22.934","Complete","Good",""
"http://environment.data.gov.uk/hydrology/id/measures/585e49e0-7070-4d85-9c52-ccd18a5a1e65-flow-m-86400-m3s-qualified","2023-03-10T09:00:00","2023-03-10","29.826","Complete","Good",""
"http://environment.data.gov.uk/hydrology/id/measures/585e49e0-7070-4d85-9c52-ccd18a5a1e65-flow-m-86400-m3s-qualified","2023-03-11T09:00:00","2023-03-11","20.593","Complete","Good",""
"http://environment.data.gov.uk/hydrology/id/measures/585e49e0-7070-4d85-9c52-ccd18a5a1e65-flow-m-86400-m3s-qualified","2023-03-12T09:00:00","2023-03-12","17.364","Complete","Good",""
"http://environment.data.gov.uk/hydrology/id/measures/585e49e0-7070-4d85-9c52-ccd18a5a1e65-flow-m-86400-m3s-qualified","2023-03-13T09:00:00","2023-03-13","21.386","Complete","Good",""
"http://environment.data.gov.uk/hydrology/id/measures/585e49e0-7070-4d85-9c52-ccd18a5a1e65-flow-m-86400-m3s-qualified","2023-03-14T09:00:00","2023-03-14","20.735","Complete","Good",""
"http://environment.data.gov.uk/hydrology/id/measures/585e49e0-7070-4d85-9c52-ccd18a5a1e65-flow-m-86400-m3s-qualified","2023-03-15T09:00:00","2023-03-15","17.149","Complete","Good",""
"http://environment.data.gov.uk/hydrology/id/measures/585e49e0-7070-4d85-9c52-ccd18a5a1e65-flow-m-86400-m3s-qualified","2023-03-16T09:00:00","2023-03-16","20.002","Complete","Good",""
"http://environment.data.gov.uk/hydrology/id/measures/585e49e0-7070-4d85-9c52-ccd18a5a1e65-flow-m-86400-m3s-qualified","2023-03-17T09:00:00","2023-03-17","18.126","Complete","Good",""
"http://environment.data.gov.uk/hydrology/id/measures/585e49e0-7070-4d85-9c52-ccd18a5a1e65-flow-m-86400-m3s-qualified","2023-03-18T09:00:00","2023-03-18","16.268","Complete","Good",""
"http://environment.data.gov.uk/hydrology/id/measures/585e49e0-7070-4d85-9c52-ccd18a5a1e65-flow-m-86400-m3s-qualified","2023-03-19T09:00:00","2023-03-19","13.988","Complete","Good",""
"http://environment.data.gov.uk/hydrology/id/measures/585e49e0-7070-4d85-9c52-ccd18a5a1e65-flow-m-86400-m3s-qualified","2023-03-20T09:00:00","2023-03-20","12.643","Complete","Good",""
"http://environment.data.gov.uk/hydrology/id/measures/585e49e0-7070-4d85-9c52-ccd18a5a1e65-flow-m-86400-m3s-qualified","2023-03-21T09:00:00","2023-03-21","13.679","Complete","Good",""
"http://environment.data.gov.uk/hydrology/id/measures/585e49e0-7070-4d85-9c52-ccd18a5a1e65-flow-m-86400-m3s-qualified","2023-03-22T09:00:00","2023-03-22","28.502","Complete","Good",""
"http://environment.data.gov.uk/hydrology/id/measures/585e49e0-7070-4d85-9c52-ccd18a5a1e65-flow-m-86400-m3s-qualified","2023-03-23T09:00:00","2023-03-23","43.907","Complete","Good",""
"http://environment.data.gov.uk/hydrology/id/measures/585e49e0-7070-4d85-9c52-ccd18a5a1e65-flow-m-86400-m3s-qualified","2023-03-24T09:00:00","2023-03-24","49.947","Complete","Good",""
"http://environment.data.gov.uk/hydrology/id/measures/585e49e0-7070-4d85-9c52-ccd18a5a1e65-flow-m-86400-m3s-qualified","2023-03-25T09:00:00","2023-03-25","39.837","Complete","Good",""
"http://environment.data.gov.uk/hydrology/id/measures/585e49e0-7070-4d85-9c52-ccd18a5a1e65-flow-m-86400-m3s-qualified","2023-03-26T09:00:00","2023-03-26","45.662","Complete","Good",""
"http://environment.data.gov.uk/hydrology/id/measures/585e49e0-7070-4d85-9c52-ccd18a5a1e65-flow-m-86400-m3s-qualified","2023-03-27T09:00:00","2023-03-27","33.755","Complete","Good",""
"http://environment.data.gov.uk/hydrology/id/measures/585e49e0-7070-4d85-9c52-ccd18a5a1e65-flow-m-86400-m3s-qualified","2023-03-28T09:00:00","2023-03-28","24.628","Complete","Good",""
"http://environment.data.gov.uk/hydrology/id/measures/585e49e0-7070-4d85-9c52-ccd18a5a1e65-flow-m-86400-m3s-qualified","2023-03-29T09:00:00","2023-03-29","23.77","Complete","Good",""
"http://environment.data.gov.uk/hydrology/id/measures/585e49e0-7070-4d85-9c52-ccd18a5a1e65-flow-m-86400-m3s-qualified","2023-03-30T09:00:00","2023-03-30","36.231","Complete","Good",""
"http://environment.data.gov.uk/hydrology/id/measures/585e49e0-7070-4d85-9c52-ccd18a5a1e65-flow-m-86400-m3s-qualified","2023-03-31T09:00:00","2023-03-31","57.644","Complete","Good",""
"http://environment.data.gov.uk/hydrology/id/measures/585e49e0-7070-4d85-9c52-ccd18a5a1e65-flow-m-86400-m3s-qualified","2023-04-01T09:00:00","2023-04-01","96.561","Complete","Good",""
"http://environment.data.gov.uk/hydrology/id/measures/585e49e0-7070-4d85-9c52-ccd18a5a1e65-flow-m-86400-m3s-qualified","2023-04-02T09:00:00","2023-04-02","102.663","Complete","Good",""
"http://environment.data.gov.uk/hydrology/id/measures/585e49e0-7070-4d85-9c52-ccd18a5a1e65-flow-m-86400-m3s-qualified","2023-04-03T09:00:00","2023-04-03","54.461","Complete","Good",""
"http://environment.data.gov.uk/hydrology/id/measures/585e49e0-7070-4d85-9c52-ccd18a5a1e65-flow-m-86400-m3s-qualified","2023-04-04T09:00:00","2023-04-04","32.165","Complete","Good",""
"http://environment.data.gov.uk/hydrology/id/measures/585e49e0-7070-4d85-9c52-ccd18a5a1e65-flow-m-86400-m3s-qualified","2023-04-05T09:00:00","2023-04-05","25.865","Complete","Good",""
"http://environment.data.gov.uk/hydrology/id/measures/585e49e0-7070-4d85-9c52-ccd18a5a1e65-flow-m-86400-m3s-qualified","2023-04-06T09:00:00","2023-04-06","25.364","Complete","Good",""
"http://environment.data.gov.uk/hydrology/id/measures/585e49e0-7070-4d85-9c52-ccd18a5a1e65-flow-m-86400-m3s-qualified","2023-04-07T09:00:00","2023-04-07","23.489","Complete","Good",""
"http://environment.data.gov.uk/hydrology/id/measures/585e49e0-7070-4d85-9c52-ccd18a5a1e65-flow-m-86400-m3s-qualified","2023-04-08T09:00:00","2023-04-08","19.375","Complete","Good",""
"http://environment.data.gov.uk/hydrology/id/measures/585e49e0-7070-4d85-9c52-ccd18a5a1e65-flow-m-86400-m3s-qualified","2023-04-09T09:00:00","2023-04-09","17.268","Complete","Good",""
"http://environment.data.gov.uk/hydrology/id/measures/585e49e0-7070-4d85-9c52-ccd18a5a1e65-flow-m-86400-m3s-qualified","2023-04-10T09:00:00","2023-04-10","24.358","Complete","Good",""
"http://environment.data.gov.uk/hydrology/id/measures/585e49e0-7070-4d85-9c52-ccd18a5a1e65-flow-m-86400-m3s-qualified","2023-04-11T09:00:00","2023-04-11","29.034","Complete","Good",""
"http://environment.data.gov.uk/hydrology/id/measures/585e49e0-7070-4d85-9c52-ccd18a5a1e65-flow-m-86400-m3s-qualified","2023-04-12T09:00:00","2023-04-12","45.094","Complete","Good",""
"http://environment.data.gov.uk/hydrology/id/measures/585e49e0-7070-4d85-9c52-ccd18a5a1e65-flow-m-86400-m3s-qualified","2023-04-13T09:00:00","2023-04-13","35.909","Complete","Good",""
"http://environment.data.gov.uk/hydrology/id/measures/585e49e0-7070-4d85-9c52-ccd18a5a1e65-flow-m-86400-m3s-qualified","2023-04-14T09:00:00","2023-04-14","27.468","Complete","Good",""
"http://environment.data.gov.uk/hydrology/id/measures/585e49e0-7070-4d85-9c52-ccd18a5a1e65-flow-m-86400-m3s-qualified","2023-04-15T09:00:00","2023-04-15","25.193","Complete","Good",""
"http://environment.data.gov.uk/hydrology/id/measures/585e49e0-7070-4d85-9c52-ccd18a5a1e65-flow-m-86400-m3s-qualified","2023-04-16T09:00:00","2023-04-16","20.584","Complete","Good",""
"http://environment.data.gov.uk/hydrology/id/measures/585e49e0-7070-4d85-9c52-ccd18a5a1e65-flow-m-86400-m3s-qualified","2023-04-17T09:00:00","2023-04-17","17.914","Complete","Good",""
"http://environment.data.gov.uk/hydrology/id/measures/585e49e0-7070-4d85-9c52-ccd18a5a1e65-flow-m-86400-m3s-qualified","2023-04-18T09:00:00","2023-04-18","15.926","Complete","Good",""
"http://environment.data.gov.uk/hydrology/id/measures/585e49e0-7070-4d85-9c52-ccd18a5a1e65-flow-m-86400-m3s-qualified","2023-04-19T09:00:00","2023-04-19","14.21","Complete","Good",""
"http://environment.data.gov.uk/hydrology/id/measures/585e49e0-7070-4d85-9c52-ccd18a5a1e65-flow-m-86400-m3s-qualified","2023-04-20T09:00:00","2023-04-20","12.935","Complete","Good",""
"http://environment.data.gov.uk/hydrology/id/measures/585e49e0-7070-4d85-9c52-ccd18a5a1e65-flow-m-86400-m3s-qualified","2023-04-21T09:00:00","2023-04-21","12.144","Complete","Good",""
"http://environment.data.gov.uk/hydrology/id/measures/585e49e0-7070-4d85-9c52-ccd18a5a1e65-flow-m-86400-m3s-qualified","2023-04-22T09:00:00","2023-04-22","11.729","Complete","Good",""
"http://environment.data.gov.uk/hydrology/id/measures/585e49e0-7070-4d85-9c52-ccd18a5a1e65-flow-m-86400-m3s-qualified","2023-04-23T09:00:00","2023-04-23","11.51","Complete","Good",""
"http://environment.data.gov.uk/hydrology/id/measures/585e49e0-7070-4d85-9c52-ccd18a5a1e65-flow-m-86400-m3s-qualified","2023-04-24T09:00:00","2023-04-24","11.518","Complete","Good",""
"http://environment.data.gov.uk/hydrology/id/measures/585e49e0-7070-4d85-9c52-ccd18a5a1e65-flow-m-86400-m3s-qualified","2023-04-25T09:00:00","2023-04-25","11.684","Complete","Good",""
"http://environment.data.gov.uk/hydrology/id/measures/585e49e0-7070-4d85-9c52-ccd18a5a1e65-flow-m-86400-m3s-qualified","2023-04-26T09:00:00","2023-04-26","10.438","Complete","Good",""
"http://environment.data.gov.uk/hydrology/id/measures/585e49e0-7070-4d85-9c52-ccd18a5a1e65-flow-m-86400-m3s-qualified","2023-04-27T09:00:00","2023-04-27","11.846","Complete","Good",""
"http://environment.data.gov.uk/hydrology/id/measures/585e49e0-7070-4d85-9c52-ccd18a5a1e65-flow-m-86400-m3s-qualified","2023-04-28T09:00:00","2023-04-28","14.75","Complete","Good",""
"http://environment.data.gov.uk/hydrology/id/measures/585e49e0-7070-4d85-9c52-ccd18a5a1e65-flow-m-86400-m3s-qualified","2023-04-29T09:00:00","2023-04-29","12.159","Complete","Good",""
"http://environment.data.gov.uk/hydrology/id/measures/585e49e0-7070-4d85-9c52-ccd18a5a1e65-flow-m-86400-m3s-qualified","2023-04-30T09:00:00","2023-04-30","10.375","Complete","Good",""
"http://environment.data.gov.uk/hydrology/id/measures/585e49e0-7070-4d85-9c52-ccd18a5a1e65-flow-m-86400-m3s-qualified","2023-05-01T09:00:00","2023-05-01","9.662","Complete","Good",""
"http://environment.data.gov.uk/hydrology/id/measures/585e49e0-7070-4d85-9c52-ccd18a5a1e65-flow-m-86400-m3s-qualified","2023-05-02T09:00:00","2023-05-02","8.925","Complete","Good",""
"http://environment.data.gov.uk/hydrology/id/measures/585e49e0-7070-4d85-9c52-ccd18a5a1e65-flow-m-86400-m3s-qualified","2023-05-03T09:00:00","2023-05-03","8.496","Complete","Good",""
"http://environment.data.gov.uk/hydrology/id/measures/585e49e0-7070-4d85-9c52-ccd18a5a1e65-flow-m-86400-m3s-qualified","2023-05-04T09:00:00","2023-05-04","8.298","Complete","Good",""
"http://environment.data.gov.uk/hydrology/id/measures/585e49e0-7070-4d85-9c52-ccd18a5a1e65-flow-m-86400-m3s-qualified","2023-05-05T09:00:00","2023-05-05","8.569","Complete","Good",""
"http://environment.data.gov.uk/hydrology/id/measures/585e49e0-7070-4d85-9c52-ccd18a5a1e65-flow-m-86400-m3s-qualified","2023-05-06T09:00:00","2023-05-06","10.259","Complete","Good",""
"http://environment.data.gov.uk/hydrology/id/measures/585e49e0-7070-4d85-9c52-ccd18a5a1e65-flow-m-86400-m3s-qualified","2023-05-07T09:00:00","2023-05-07","10.005","Complete","Good",""
"http://environment.data.gov.uk/hydrology/id/measures/585e49e0-7070-4d85-9c52-ccd18a5a1e65-flow-m-86400-m3s-qualified","2023-05-08T09:00:00","2023-05-08","14.791","Complete","Good",""
"http://environment.data.gov.uk/hydrology/id/measures/585e49e0-7070-4d85-9c52-ccd18a5a1e65-flow-m-86400-m3s-qualified","2023-05-09T09:00:00","2023-05-09","30.62","Complete","Good",""
"http://environment.data.gov.uk/hydrology/id/measures/585e49e0-7070-4d85-9c52-ccd18a5a1e65-flow-m-86400-m3s-qualified","2023-05-10T09:00:00","2023-05-10","26.756","Complete","Good",""
"http://environment.data.gov.uk/hydrology/id/measures/585e49e0-7070-4d85-9c52-ccd18a5a1e65-flow-m-86400-m3s-qualified","2023-05-11T09:00:00","2023-05-11","18.523","Complete","Good",""
"http://environment.data.gov.uk/hydrology/id/measures/585e49e0-7070-4d85-9c52-ccd18a5a1e65-flow-m-86400-m3s-qualified","2023-05-12T09:00:00","2023-05-12","16.95","Complete","Good",""
"http://environment.data.gov.uk/hydrology/id/measures/585e49e0-7070-4d85-9c52-ccd18a5a1e65-flow-m-86400-m3s-qualified","2023-05-13T09:00:00","2023-05-13","12.792","Complete","Good",""
"http://environment.data.gov.uk/hydrology/id/measures/585e49e0-7070-4d85-9c52-ccd18a5a1e65-flow-m-86400-m3s-qualified","2023-05-14T09:00:00","2023-05-14","11.282","Complete","Good",""
"http://environment.data.gov.uk/hydrology/id/measures/585e49e0-7070-4d85-9c52-ccd18a5a1e65-flow-m-86400-m3s-qualified","2023-05-15T09:00:00","2023-05-15","10.578","Complete","Good",""
"http://environment.data.gov.uk/hydrology/id/measures/585e49e0-7070-4d85-9c52-ccd18a5a1e65-flow-m-86400-m3s-qualified","2023-05-16T09:00:00","2023-05-16","9.262","Complete","Good",""
"http://environment.data.gov.uk/hydrology/id/measures/585e49e0-7070-4d85-9c52-ccd18a5a1e65-flow-m-86400-m3s-qualified","2023-05-17T09:00:00","2023-05-17","8.333","Complete","Good",""
"http://environment.data.gov.uk/hydrology/id/measures/585e49e0-7070-4d85-9c52-ccd18a5a1e65-flow-m-86400-m3s-qualified","2023-05-18T09:00:00","2023-05-18","7.958","Complete","Good",""
"http://environment.data.gov.uk/hydrology/id/measures/585e49e0-7070-4d85-9c52-ccd18a5a1e65-flow-m-86400-m3s-qualified","2023-05-19T09:00:00","2023-05-19","7.794","Complete","Good",""
"http://environment.data.gov.uk/hydrology/id/measures/585e49e0-7070-4d85-9c52-ccd18a5a1e65-flow-m-86400-m3s-qualified","2023-05-20T09:00:00","2023-05-20","7.719","Complete","Good",""
"http://environment.data.gov.uk/hydrology/id/measures/585e49e0-7070-4d85-9c52-ccd18a5a1e65-flow-m-86400-m3s-qualified","2023-05-21T09:00:00","2023-05-21","7.056","Complete","Good",""
"http://environment.data.gov.uk/hydrology/id/measures/585e49e0-7070-4d85-9c52-ccd18a5a1e65-flow-m-86400-m3s-qualified","2023-05-22T09:00:00","2023-05-22","6.598","Complete","Good",""
"http://environment.data.gov.uk/hydrology/id/measures/585e49e0-7070-4d85-9c52-ccd18a5a1e65-flow-m-86400-m3s-qualified","2023-05-23T09:00:00","2023-05-23","6.189","Complete","Good",""
"http://environment.data.gov.uk/hydrology/id/measures/585e49e0-7070-4d85-9c52-ccd18a5a1e65-flow-m-86400-m3s-qualified","2023-05-24T09:00:00","2023-05-24","6.037","Complete","Good",""
"http://environment.data.gov.uk/hydrology/id/measures/585e49e0-7070-4d85-9c52-ccd18a5a1e65-flow-m-86400-m3s-qualified","2023-05-25T09:00:00","2023-05-25","5.823","Complete","Good",""
"http://environment.data.gov.uk/hydrology/id/measures/585e49e0-7070-4d85-9c52-ccd18a5a1e65-flow-m-86400-m3s-qualified","2023-05-26T09:00:00","2023-05-26","5.468","Complete","Good",""
"http://environment.data.gov.uk/hydrology/id/measures/585e49e0-7070-4d85-9c52-ccd18a5a1e65-flow-m-86400-m3s-qualified","2023-05-27T09:00:00","2023-05-27","5.382","Complete","Good",""
"http://environment.data.gov.uk/hydrology/id/measures/585e49e0-7070-4d85-9c52-ccd18a5a1e65-flow-m-86400-m3s-qualified","2023-05-28T09:00:00","2023-05-28","5.261","Complete","Good",""
"http://environment.data.gov.uk/hydrology/id/measures/585e49e0-7070-4d85-9c52-ccd18a5a1e65-flow-m-86400-m3s-qualified","2023-05-29T09:00:00","2023-05-29","5.067","Complete","Good",""
"http://environment.data.gov.uk/hydrology/id/measures/585e49e0-7070-4d85-9c52-ccd18a5a1e65-flow-m-86400-m3s-qualified","2023-05-30T09:00:00","2023-05-30","4.903","Complete","Good",""
"http://environment.data.gov.uk/hydrology/id/measures/585e49e0-7070-4d85-9c52-ccd18a5a1e65-flow-m-86400-m3s-qualified","2023-05-31T09:00:00","2023-05-31","4.729","Complete","Good",""
"http://environment.data.gov.uk/hydrology/id/measures/585e49e0-7070-4d85-9c52-ccd18a5a1e65-flow-m-86400-m3s-qualified","2023-06-01T09:00:00","2023-06-01","4.715","Complete","Good",""
"http://environment.data.gov.uk/hydrology/id/measures/585e49e0-7070-4d85-9c52-ccd18a5a1e65-flow-m-86400-m3s-qualified","2023-06-02T09:00:00","2023-06-02","4.623","Complete","Good",""
"http://environment.data.gov.uk/hydrology/id/measures/585e49e0-7070-4d85-9c52-ccd18a5a1e65-flow-m-86400-m3s-qualified","2023-06-03T09:00:00","2023-06-03","4.496","Complete","Good",""
"http://environment.data.gov.uk/hydrology/id/measures/585e49e0-7070-4d85-9c52-ccd18a5a1e65-flow-m-86400-m3s-qualified","2023-06-04T09:00:00","2023-06-04","4.327","Complete","Good",""
"http://environment.data.gov.uk/hydrology/id/measures/585e49e0-7070-4d85-9c52-ccd18a5a1e65-flow-m-86400-m3s-qualified","2023-06-05T09:00:00","2023-06-05","4.183","Complete","Good",""
"http://environment.data.gov.uk/hydrology/id/measures/585e49e0-7070-4d85-9c52-ccd18a5a1e65-flow-m-86400-m3s-qualified","2023-06-06T09:00:00","2023-06-06","4.066","Complete","Good",""
"http://environment.data.gov.uk/hydrology/id/measures/585e49e0-7070-4d85-9c52-ccd18a5a1e65-flow-m-86400-m3s-qualified","2023-06-07T09:00:00","2023-06-07","4.015","Complete","Good",""
"http://environment.data.gov.uk/hydrology/id/measures/585e49e0-7070-4d85-9c52-ccd18a5a1e65-flow-m-86400-m3s-qualified","2023-06-08T09:00:00","2023-06-08","4.003","Complete","Good",""
"http://environment.data.gov.uk/hydrology/id/measures/585e49e0-7070-4d85-9c52-ccd18a5a1e65-flow-m-86400-m3s-qualified","2023-06-09T09:00:00","2023-06-09","3.926","Complete","Good",""
"http://environment.data.gov.uk/hydrology/id/measures/585e49e0-7070-4d85-9c52-ccd18a5a1e65-flow-m-86400-m3s-qualified","2023-06-10T09:00:00","2023-06-10","3.661","Complete","Good",""
"http://environment.data.gov.uk/hydrology/id/measures/585e49e0-7070-4d85-9c52-ccd18a5a1e65-flow-m-86400-m3s-qualified","2023-06-11T09:00:00","2023-06-11","3.845","Complete","Good",""
"http://environment.data.gov.uk/hydrology/id/measures/585e49e0-7070-4d85-9c52-ccd18a5a1e65-flow-m-86400-m3s-qualified","2023-06-12T09:00:00","2023-06-12","4.045","Complete","Good",""
"http://environment.data.gov.uk/hydrology/id/measures/585e49e0-7070-4d85-9c52-ccd18a5a1e65-flow-m-86400-m3s-qualified","2023-06-13T09:00:00","2023-06-13","3.79","Complete","Good",""
"http://environment.data.gov.uk/hydrology/id/measures/585e49e0-7070-4d85-9c52-ccd18a5a1e65-flow-m-86400-m3s-qualified","2023-06-14T09:00:00","2023-06-14","3.526","Complete","Good",""
"http://environment.data.gov.uk/hydrology/id/measures/585e49e0-7070-4d85-9c52-ccd18a5a1e65-flow-m-86400-m3s-qualified","2023-06-15T09:00:00","2023-06-15","3.482","Complete","Good",""
"http://environment.data.gov.uk/hydrology/id/measures/585e49e0-7070-4d85-9c52-ccd18a5a1e65-flow-m-86400-m3s-qualified","2023-06-16T09:00:00","2023-06-16","3.36","Complete","Good",""
"http://environment.data.gov.uk/hydrology/id/measures/585e49e0-7070-4d85-9c52-ccd18a5a1e65-flow-m-86400-m3s-qualified","2023-06-17T09:00:00","2023-06-17","3.293","Complete","Good",""
"http://environment.data.gov.uk/hydrology/id/measures/585e49e0-7070-4d85-9c52-ccd18a5a1e65-flow-m-86400-m3s-qualified","2023-06-18T09:00:00","2023-06-18","3.571","Complete","Good",""
"http://environment.data.gov.uk/hydrology/id/measures/585e49e0-7070-4d85-9c52-ccd18a5a1e65-flow-m-86400-m3s-qualified","2023-06-19T09:00:00","2023-06-19","4.117","Complete","Good",""
"http://environment.data.gov.uk/hydrology/id/measures/585e49e0-7070-4d85-9c52-ccd18a5a1e65-flow-m-86400-m3s-qualified","2023-06-20T09:00:00","2023-06-20","6.699","Complete","Good",""
"http://environment.data.gov.uk/hydrology/id/measures/585e49e0-7070-4d85-9c52-ccd18a5a1e65-flow-m-86400-m3s-qualified","2023-06-21T09:00:00","2023-06-21","5.308","Complete","Good",""
"http://environment.data.gov.uk/hydrology/id/measures/585e49e0-7070-4d85-9c52-ccd18a5a1e65-flow-m-86400-m3s-qualified","2023-06-22T09:00:00","2023-06-22","4.015","Complete","Good",""
"http://environment.data.gov.uk/hydrology/id/measures/585e49e0-7070-4d85-9c52-ccd18a5a1e65-flow-m-86400-m3s-qualified","2023-06-23T09:00:00","2023-06-23","3.206","Complete","Good",""
"http://environment.data.gov.uk/hydrology/id/measures/585e49e0-7070-4d85-9c52-ccd18a5a1e65-flow-m-86400-m3s-qualified","2023-06-24T09:00:00","2023-06-24","3.112","Complete","Good",""
"http://environment.data.gov.uk/hydrology/id/measures/585e49e0-7070-4d85-9c52-ccd18a5a1e65-flow-m-86400-m3s-qualified","2023-06-25T09:00:00","2023-06-25","2.615","Complete","Good",""
"http://environment.data.gov.uk/hydrology/id/measures/585e49e0-7070-4d85-9c52-ccd18a5a1e65-flow-m-86400-m3s-qualified","2023-06-26T09:00:00","2023-06-26","2.496","Complete","Good",""
"http://environment.data.gov.uk/hydrology/id/measures/585e49e0-7070-4d85-9c52-ccd18a5a1e65-flow-m-86400-m3s-qualified","2023-06-27T09:00:00","2023-06-27","2.376","Complete","Good",""
"http://environment.data.gov.uk/hydrology/id/measures/585e49e0-7070-4d85-9c52-ccd18a5a1e65-flow-m-86400-m3s-qualified","2023-06-28T09:00:00","2023-06-28","2.497","Complete","Good",""
"http://environment.data.gov.uk/hydrology/id/measures/585e49e0-7070-4d85-9c52-ccd18a5a1e65-flow-m-86400-m3s-qualified","2023-06-29T09:00:00","2023-06-29","2.548","Complete","Good",""
"http://environment.data.gov.uk/hydrology/id/measures/585e49e0-7070-4d85-9c52-ccd18a5a1e65-flow-m-86400-m3s-qualified","2023-06-30T09:00:00","2023-06-30","2.296","Complete","Good",""
"http://environment.data.gov.uk/hydrology/id/measures/585e49e0-7070-4d85-9c52-ccd18a5a1e65-flow-m-86400-m3s-qualified","2023-07-01T09:00:00","2023-07-01","2.477","Complete","Good",""
"http://environment.data.gov.uk/hydrology/id/measures/585e49e0-7070-4d85-9c52-ccd18a5a1e65-flow-m-86400-m3s-qualified","2023-07-02T09:00:00","2023-07-02","2.337","Complete","Good",""
"http://environment.data.gov.uk/hydrology/id/measures/585e49e0-7070-4d85-9c52-ccd18a5a1e65-flow-m-86400-m3s-qualified","2023-07-03T09:00:00","2023-07-03","2.273","Complete","Good",""
"http://environment.data.gov.uk/hydrology/id/measures/585e49e0-7070-4d85-9c52-ccd18a5a1e65-flow-m-86400-m3s-qualified","2023-07-04T09:00:00","2023-07-04","3.589","Complete","Good",""
"http://environment.data.gov.uk/hydrology/id/measures/585e49e0-7070-4d85-9c52-ccd18a5a1e65-flow-m-86400-m3s-qualified","2023-07-05T09:00:00","2023-07-05","4.571","Complete","Good",""
"http://environment.data.gov.uk/hydrology/id/measures/585e49e0-7070-4d85-9c52-ccd18a5a1e65-flow-m-86400-m3s-qualified","2023-07-06T09:00:00","2023-07-06","2.98","Complete","Good",""
"http://environment.data.gov.uk/hydrology/id/measures/585e49e0-7070-4d85-9c52-ccd18a5a1e65-flow-m-86400-m3s-qualified","2023-07-07T09:00:00","2023-07-07","2.749","Complete","Good",""
"http://environment.data.gov.uk/hydrology/id/measures/585e49e0-7070-4d85-9c52-ccd18a5a1e65-flow-m-86400-m3s-qualified","2023-07-08T09:00:00","2023-07-08","2.615","Complete","Good",""
"http://environment.data.gov.uk/hydrology/id/measures/585e49e0-7070-4d85-9c52-ccd18a5a1e65-flow-m-86400-m3s-qualified","2023-07-09T09:00:00","2023-07-09","2.991","Complete","Good",""
"http://environment.data.gov.uk/hydrology/id/measures/585e49e0-7070-4d85-9c52-ccd18a5a1e65-flow-m-86400-m3s-qualified","2023-07-10T09:00:00","2023-07-10","3.326","Complete","Good",""
"http://environment.data.gov.uk/hydrology/id/measures/585e49e0-7070-4d85-9c52-ccd18a5a1e65-flow-m-86400-m3s-qualified","2023-07-11T09:00:00","2023-07-11","5.346","Complete","Good",""
"http://environment.data.gov.uk/hydrology/id/measures/585e49e0-7070-4d85-9c52-ccd18a5a1e65-flow-m-86400-m3s-qualified","2023-07-12T09:00:00","2023-07-12","4.313","Complete","Good",""
"http://environment.data.gov.uk/hydrology/id/measures/585e49e0-7070-4d85-9c52-ccd18a5a1e65-flow-m-86400-m3s-qualified","2023-07-13T09:00:00","2023-07-13","3.186","Complete","Good",""
"http://environment.data.gov.uk/hydrology/id/measures/585e49e0-7070-4d85-9c52-ccd18a5a1e65-flow-m-86400-m3s-qualified","2023-07-14T09:00:00","2023-07-14","8.81","Complete","Good",""
"http://environment.data.gov.uk/hydrology/id/measures/585e49e0-7070-4d85-9c52-ccd18a5a1e65-flow-m-86400-m3s-qualified","2023-07-15T09:00:00","2023-07-15","10.12","Complete","Good",""
"http://environment.data.gov.uk/hydrology/id/measures/585e49e0-7070-4d85-9c52-ccd18a5a1e65-flow-m-86400-m3s-qualified","2023-07-16T09:00:00","2023-07-16","7.556","Complete","Good",""
"http://environment.data.gov.uk/hydrology/id/measures/585e49e0-7070-4d85-9c52-ccd18a5a1e65-flow-m-86400-m3s-qualified","2023-07-17T09:00:00","2023-07-17","5.377","Complete","Good",""
"http://environment.data.gov.uk/hydrology/id/measures/585e49e0-7070-4d85-9c52-ccd18a5a1e65-flow-m-86400-m3s-qualified","2023-07-18T09:00:00","2023-07-18","3.882","Complete","Good",""
"http://environment.data.gov.uk/hydrology/id/measures/585e49e0-7070-4d85-9c52-ccd18a5a1e65-flow-m-86400-m3s-qualified","2023-07-19T09:00:00","2023-07-19","2.988","Complete","Good",""
"http://environment.data.gov.uk/hydrology/id/measures/585e49e0-7070-4d85-9c52-ccd18a5a1e65-flow-m-86400-m3s-qualified","2023-07-20T09:00:00","2023-07-20","2.784","Complete","Good",""
"http://environment.data.gov.uk/hydrology/id/measures/585e49e0-7070-4d85-9c52-ccd18a5a1e65-flow-m-86400-m3s-qualified","2023-07-21T09:00:00","2023-07-21","2.502","Complete","Good",""
"http://environment.data.gov.uk/hydrology/id/measures/585e49e0-7070-4d85-9c52-ccd18a5a1e65-flow-m-86400-m3s-qualified","2023-07-22T09:00:00","2023-07-22","3.39","Complete","Good",""
"http://environment.data.gov.uk/hydrology/id/measures/585e49e0-7070-4d85-9c52-ccd18a5a1e65-flow-m-86400-m3s-qualified","2023-07-23T09:00:00","2023-07-23","4.511","Complete","Good",""
"http://environment.data.gov.uk/hydrology/id/measures/585e49e0-7070-4d85-9c52-ccd18a5a1e65-flow-m-86400-m3s-qualified","2023-07-24T09:00:00","2023-07-24","3.768","Complete","Good",""
"http://environment.data.gov.uk/hydrology/id/measures/585e49e0-7070-4d85-9c52-ccd18a5a1e65-flow-m-86400-m3s-qualified","2023-07-25T09:00:00","2023-07-25","3.145","Complete","Good",""
"http://environment.data.gov.uk/hydrology/id/measures/585e49e0-7070-4d85-9c52-ccd18a5a1e65-flow-m-86400-m3s-qualified","2023-07-26T09:00:00","2023-07-26","3.194","Complete","Good",""
"http://environment.data.gov.uk/hydrology/id/measures/585e49e0-7070-4d85-9c52-ccd18a5a1e65-flow-m-86400-m3s-qualified","2023-07-27T09:00:00","2023-07-27","4.049","Complete","Good",""
"http://environment.data.gov.uk/hydrology/id/measures/585e49e0-7070-4d85-9c52-ccd18a5a1e65-flow-m-86400-m3s-qualified","2023-07-28T09:00:00","2023-07-28","3.071","Complete","Good",""
"http://environment.data.gov.uk/hydrology/id/measures/585e49e0-7070-4d85-9c52-ccd18a5a1e65-flow-m-86400-m3s-qualified","2023-07-29T09:00:00","2023-07-29","2.472","Complete","Good",""
"http://environment.data.gov.uk/hydrology/id/measures/585e49e0-7070-4d85-9c52-ccd18a5a1e65-flow-m-86400-m3s-qualified","2023-07-30T09:00:00","2023-07-30","2.81","Complete","Good",""
"http://environment.data.gov.uk/hydrology/id/measures/585e49e0-7070-4d85-9c52-ccd18a5a1e65-flow-m-86400-m3s-qualified","2023-07-31T09:00:00","2023-07-31","3.175","Complete","Good",""
"http://environment.data.gov.uk/hydrology/id/measures/585e49e0-7070-4d85-9c52-ccd18a5a1e65-flow-m-86400-m3s-qualified","2023-08-01T09:00:00","2023-08-01","2.871","Complete","Good",""
"http://environment.data.gov.uk/hydrology/id/measures/585e49e0-7070-4d85-9c52-ccd18a5a1e65-flow-m-86400-m3s-qualified","2023-08-02T09:00:00","2023-08-02","4.444","Complete","Good",""
"http://environment.data.gov.uk/hydrology/id/measures/585e49e0-7070-4d85-9c52-ccd18a5a1e65-flow-m-86400-m3s-qualified","2023-08-03T09:00:00","2023-08-03","5.464","Complete","Good",""
"http://environment.data.gov.uk/hydrology/id/measures/585e49e0-7070-4d85-9c52-ccd18a5a1e65-flow-m-86400-m3s-qualified","2023-08-04T09:00:00","2023-08-04","5.261","Complete","Good",""
"http://environment.data.gov.uk/hydrology/id/measures/585e49e0-7070-4d85-9c52-ccd18a5a1e65-flow-m-86400-m3s-qualified","2023-08-05T09:00:00","2023-08-05","4.685","Complete","Good",""
"http://environment.data.gov.uk/hydrology/id/measures/585e49e0-7070-4d85-9c52-ccd18a5a1e65-flow-m-86400-m3s-qualified","2023-08-06T09:00:00","2023-08-06","8.268","Complete","Good",""
"http://environment.data.gov.uk/hydrology/id/measures/585e49e0-7070-4d85-9c52-ccd18a5a1e65-flow-m-86400-m3s-qualified","2023-08-07T09:00:00","2023-08-07","6.861","Complete","Good",""
"http://environment.data.gov.uk/hydrology/id/measures/585e49e0-7070-4d85-9c52-ccd18a5a1e65-flow-m-86400-m3s-qualified","2023-08-08T09:00:00","2023-08-08","4.488","Complete","Good",""
"http://environment.data.gov.uk/hydrology/id/measures/585e49e0-7070-4d85-9c52-ccd18a5a1e65-flow-m-86400-m3s-qualified","2023-08-09T09:00:00","2023-08-09","3.74","Complete","Good",""
"http://environment.data.gov.uk/hydrology/id/measures/585e49e0-7070-4d85-9c52-ccd18a5a1e65-flow-m-86400-m3s-qualified","2023-08-10T09:00:00","2023-08-10","3.295","Complete","Good",""
"http://environment.data.gov.uk/hydrology/id/measures/585e49e0-7070-4d85-9c52-ccd18a5a1e65-flow-m-86400-m3s-qualified","2023-08-11T09:00:00","2023-08-11","2.559","Complete","Good",""
"http://environment.data.gov.uk/hydrology/id/measures/585e49e0-7070-4d85-9c52-ccd18a5a1e65-flow-m-86400-m3s-qualified","2023-08-12T09:00:00","2023-08-12","3.089","Complete","Good",""
"http://environment.data.gov.uk/hydrology/id/measures/585e49e0-7070-4d85-9c52-ccd18a5a1e65-flow-m-86400-m3s-qualified","2023-08-13T09:00:00","2023-08-13","3.337","Complete","Good",""
"http://environment.data.gov.uk/hydrology/id/measures/585e49e0-7070-4d85-9c52-ccd18a5a1e65-flow-m-86400-m3s-qualified","2023-08-14T09:00:00","2023-08-14","4.058","Complete","Good",""
"http://environment.data.gov.uk/hydrology/id/measures/585e49e0-7070-4d85-9c52-ccd18a5a1e65-flow-m-86400-m3s-qualified","2023-08-15T09:00:00","2023-08-15","3.818","Complete","Good",""
"http://environment.data.gov.uk/hydrology/id/measures/585e49e0-7070-4d85-9c52-ccd18a5a1e65-flow-m-86400-m3s-qualified","2023-08-16T09:00:00","2023-08-16","3.208","Complete","Good",""
"http://environment.data.gov.uk/hydrology/id/measures/585e49e0-7070-4d85-9c52-ccd18a5a1e65-flow-m-86400-m3s-qualified","2023-08-17T09:00:00","2023-08-17","2.87","Complete","Good",""
"http://environment.data.gov.uk/hydrology/id/measures/585e49e0-7070-4d85-9c52-ccd18a5a1e65-flow-m-86400-m3s-qualified","2023-08-18T09:00:00","2023-08-18","3.519","Complete","Good",""
"http://environment.data.gov.uk/hydrology/id/measures/585e49e0-7070-4d85-9c52-ccd18a5a1e65-flow-m-86400-m3s-qualified","2023-08-19T09:00:00","2023-08-19","3.478","Complete","Good",""
"http://environment.data.gov.uk/hydrology/id/measures/585e49e0-7070-4d85-9c52-ccd18a5a1e65-flow-m-86400-m3s-qualified","2023-08-20T09:00:00","2023-08-20","3.091","Complete","Good",""
"http://environment.data.gov.uk/hydrology/id/measures/585e49e0-7070-4d85-9c52-ccd18a5a1e65-flow-m-86400-m3s-qualified","2023-08-21T09:00:00","2023-08-21","2.755","Complete","Good",""
"http://environment.data.gov.uk/hydrology/id/measures/585e49e0-7070-4d85-9c52-ccd18a5a1e65-flow-m-86400-m3s-qualified","2023-08-22T09:00:00","2023-08-22","2.753","Complete","Good",""
"http://environment.data.gov.uk/hydrology/id/measures/585e49e0-7070-4d85-9c52-ccd18a5a1e65-flow-m-86400-m3s-qualified","2023-08-23T09:00:00","2023-08-23","2.621","Complete","Good",""
"http://environment.data.gov.uk/hydrology/id/measures/585e49e0-7070-4d85-9c52-ccd18a5a1e65-flow-m-86400-m3s-qualified","2023-08-24T09:00:00","2023-08-24","2.488","Complete","Good",""
"http://environment.data.gov.uk/hydrology/id/measures/585e49e0-7070-4d85-9c52-ccd18a5a1e65-flow-m-86400-m3s-qualified","2023-08-25T09:00:00","2023-08-25","2.528","Complete","Good",""
"http://environment.data.gov.uk/hydrology/id/measures/585e49e0-7070-4d85-9c52-ccd18a5a1e65-flow-m-86400-m3s-qualified","2023-08-26T09:00:00","2023-08-26","2.525","Complete","Good",""
"http://environment.data.gov.uk/hydrology/id/measures/585e49e0-7070-4d85-9c52-ccd18a5a1e65-flow-m-86400-m3s-qualified","2023-08-27T09:00:00","2023-08-27","2.437","Complete","Good",""
"http://environment.data.gov.uk/hydrology/id/measures/585e49e0-7070-4d85-9c52-ccd18a5a1e65-flow-m-86400-m3s-qualified","2023-08-28T09:00:00","2023-08-28","2.335","Complete","Good",""
"http://environment.data.gov.uk/hydrology/id/measures/585e49e0-7070-4d85-9c52-ccd18a5a1e65-flow-m-86400-m3s-qualified","2023-08-29T09:00:00","2023-08-29","2.153","Complete","Good",""
"http://environment.data.gov.uk/hydrology/id/measures/585e49e0-7070-4d85-9c52-ccd18a5a1e65-flow-m-86400-m3s-qualified","2023-08-30T09:00:00","2023-08-30","2.179","Complete","Good",""
"http://environment.data.gov.uk/hydrology/id/measures/585e49e0-7070-4d85-9c52-ccd18a5a1e65-flow-m-86400-m3s-qualified","2023-08-31T09:00:00","2023-08-31","2.589","Complete","Good",""
"http://environment.data.gov.uk/hydrology/id/measures/585e49e0-7070-4d85-9c52-ccd18a5a1e65-flow-m-86400-m3s-qualified","2023-09-01T09:00:00","2023-09-01","2.947","Complete","Good",""
"http://environment.data.gov.uk/hydrology/id/measures/585e49e0-7070-4d85-9c52-ccd18a5a1e65-flow-m-86400-m3s-qualified","2023-09-02T09:00:00","2023-09-02","2.51","Complete","Good",""
"http://environment.data.gov.uk/hydrology/id/measures/585e49e0-7070-4d85-9c52-ccd18a5a1e65-flow-m-86400-m3s-qualified","2023-09-03T09:00:00","2023-09-03","2.608","Complete","Good",""
"http://environment.data.gov.uk/hydrology/id/measures/585e49e0-7070-4d85-9c52-ccd18a5a1e65-flow-m-86400-m3s-qualified","2023-09-04T09:00:00","2023-09-04","2.528","Complete","Good",""
"http://environment.data.gov.uk/hydrology/id/measures/585e49e0-7070-4d85-9c52-ccd18a5a1e65-flow-m-86400-m3s-qualified","2023-09-05T09:00:00","2023-09-05","2.494","Complete","Good",""
"http://environment.data.gov.uk/hydrology/id/measures/585e49e0-7070-4d85-9c52-ccd18a5a1e65-flow-m-86400-m3s-qualified","2023-09-06T09:00:00","2023-09-06","2.402","Complete","Good",""
"http://environment.data.gov.uk/hydrology/id/measures/585e49e0-7070-4d85-9c52-ccd18a5a1e65-flow-m-86400-m3s-qualified","2023-09-07T09:00:00","2023-09-07","2.486","Complete","Good",""
"http://environment.data.gov.uk/hydrology/id/measures/585e49e0-7070-4d85-9c52-ccd18a5a1e65-flow-m-86400-m3s-qualified","2023-09-08T09:00:00","2023-09-08","2.456","Complete","Good",""
"http://environment.data.gov.uk/hydrology/id/measures/585e49e0-7070-4d85-9c52-ccd18a5a1e65-flow-m-86400-m3s-qualified","2023-09-09T09:00:00","2023-09-09","2.286","Complete","Good",""
"http://environment.data.gov.uk/hydrology/id/measures/585e49e0-7070-4d85-9c52-ccd18a5a1e65-flow-m-86400-m3s-qualified","2023-09-10T09:00:00","2023-09-10","1.928","Complete","Good",""
"http://environment.data.gov.uk/hydrology/id/measures/585e49e0-7070-4d85-9c52-ccd18a5a1e65-flow-m-86400-m3s-qualified","2023-09-11T09:00:00","2023-09-11","1.886","Complete","Good",""
"http://environment.data.gov.uk/hydrology/id/measures/585e49e0-7070-4d85-9c52-ccd18a5a1e65-flow-m-86400-m3s-qualified","2023-09-12T09:00:00","2023-09-12","2.232","Complete","Good",""
"http://environment.data.gov.uk/hydrology/id/measures/585e49e0-7070-4d85-9c52-ccd18a5a1e65-flow-m-86400-m3s-qualified","2023-09-13T09:00:00","2023-09-13","2.275","Complete","Good",""
"http://environment.data.gov.uk/hydrology/id/measures/585e49e0-7070-4d85-9c52-ccd18a5a1e65-flow-m-86400-m3s-qualified","2023-09-14T09:00:00","2023-09-14","1.931","Complete","Good",""
"http://environment.data.gov.uk/hydrology/id/measures/585e49e0-7070-4d85-9c52-ccd18a5a1e65-flow-m-86400-m3s-qualified","2023-09-15T09:00:00","2023-09-15","2.236","Complete","Good",""
"http://environment.data.gov.uk/hydrology/id/measures/585e49e0-7070-4d85-9c52-ccd18a5a1e65-flow-m-86400-m3s-qualified","2023-09-16T09:00:00","2023-09-16","1.842","Complete","Good",""
"http://environment.data.gov.uk/hydrology/id/measures/585e49e0-7070-4d85-9c52-ccd18a5a1e65-flow-m-86400-m3s-qualified","2023-09-17T09:00:00","2023-09-17","3.008","Complete","Good",""
"http://environment.data.gov.uk/hydrology/id/measures/585e49e0-7070-4d85-9c52-ccd18a5a1e65-flow-m-86400-m3s-qualified","2023-09-18T09:00:00","2023-09-18","3.229","Complete","Good",""
"http://environment.data.gov.uk/hydrology/id/measures/585e49e0-7070-4d85-9c52-ccd18a5a1e65-flow-m-86400-m3s-qualified","2023-09-19T09:00:00","2023-09-19","5.242","Complete","Good",""
"http://environment.data.gov.uk/hydrology/id/measures/585e49e0-7070-4d85-9c52-ccd18a5a1e65-flow-m-86400-m3s-qualified","2023-09-20T09:00:00","2023-09-20","6.498","Complete","Good",""
"http://environment.data.gov.uk/hydrology/id/measures/585e49e0-7070-4d85-9c52-ccd18a5a1e65-flow-m-86400-m3s-qualified","2023-09-21T09:00:00","2023-09-21","9.445","Complete","Good",""
"http://environment.data.gov.uk/hydrology/id/measures/585e49e0-7070-4d85-9c52-ccd18a5a1e65-flow-m-86400-m3s-qualified","2023-09-22T09:00:00","2023-09-22","7.886","Complete","Good",""
"http://environment.data.gov.uk/hydrology/id/measures/585e49e0-7070-4d85-9c52-ccd18a5a1e65-flow-m-86400-m3s-qualified","2023-09-23T09:00:00","2023-09-23","4.455","Complete","Good",""
"http://environment.data.gov.uk/hydrology/id/measures/585e49e0-7070-4d85-9c52-ccd18a5a1e65-flow-m-86400-m3s-qualified","2023-09-24T09:00:00","2023-09-24","3.203","Complete","Good",""
"http://environment.data.gov.uk/hydrology/id/measures/585e49e0-7070-4d85-9c52-ccd18a5a1e65-flow-m-86400-m3s-qualified","2023-09-25T09:00:00","2023-09-25","3.173","Complete","Good",""
"http://environment.data.gov.uk/hydrology/id/measures/585e49e0-7070-4d85-9c52-ccd18a5a1e65-flow-m-86400-m3s-qualified","2023-09-26T09:00:00","2023-09-26","3.921","Complete","Good",""
"http://environment.data.gov.uk/hydrology/id/measures/585e49e0-7070-4d85-9c52-ccd18a5a1e65-flow-m-86400-m3s-qualified","2023-09-27T09:00:00","2023-09-27","3.377","Complete","Good",""
"http://environment.data.gov.uk/hydrology/id/measures/585e49e0-7070-4d85-9c52-ccd18a5a1e65-flow-m-86400-m3s-qualified","2023-09-28T09:00:00","2023-09-28","3.479","Complete","Good",""
"http://environment.data.gov.uk/hydrology/id/measures/585e49e0-7070-4d85-9c52-ccd18a5a1e65-flow-m-86400-m3s-qualified","2023-09-29T09:00:00","2023-09-29","4.043","Complete","Good",""
"http://environment.data.gov.uk/hydrology/id/measures/585e49e0-7070-4d85-9c52-ccd18a5a1e65-flow-m-86400-m3s-qualified","2023-09-30T09:00:00","2023-09-30","3.625","Complete","Good",""
"http://environment.data.gov.uk/hydrology/id/measures/585e49e0-7070-4d85-9c52-ccd18a5a1e65-flow-m-86400-m3s-qualified","2023-10-01T09:00:00","2023-10-01","3.046","Complete","Good",""
"http://environment.data.gov.uk/hydrology/id/measures/585e49e0-7070-4d85-9c52-ccd18a5a1e65-flow-m-86400-m3s-qualified","2023-10-02T09:00:00","2023-10-02","3.026","Complete","Good",""
"http://environment.data.gov.uk/hydrology/id/measures/585e49e0-7070-4d85-9c52-ccd18a5a1e65-flow-m-86400-m3s-qualified","2023-10-03T09:00:00","2023-10-03","3.025","Complete","Good",""
"http://environment.data.gov.uk/hydrology/id/measures/585e49e0-7070-4d85-9c52-ccd18a5a1e65-flow-m-86400-m3s-qualified","2023-10-04T09:00:00","2023-10-04","2.733","Complete","Good",""
"http://environment.data.gov.uk/hydrology/id/measures/585e49e0-7070-4d85-9c52-ccd18a5a1e65-flow-m-86400-m3s-qualified","2023-10-05T09:00:00","2023-10-05","2.52","Complete","Good",""
"http://environment.data.gov.uk/hydrology/id/measures/585e49e0-7070-4d85-9c52-ccd18a5a1e65-flow-m-86400-m3s-qualified","2023-10-06T09:00:00","2023-10-06","2.515","Complete","Good",""
"http://environment.data.gov.uk/hydrology/id/measures/585e49e0-7070-4d85-9c52-ccd18a5a1e65-flow-m-86400-m3s-qualified","2023-10-07T09:00:00","2023-10-07","2.457","Complete","Good",""
"http://environment.data.gov.uk/hydrology/id/measures/585e49e0-7070-4d85-9c52-ccd18a5a1e65-flow-m-86400-m3s-qualified","2023-10-08T09:00:00","2023-10-08","2.483","Complete","Good",""
"http://environment.data.gov.uk/hydrology/id/measures/585e49e0-7070-4d85-9c52-ccd18a5a1e65-flow-m-86400-m3s-qualified","2023-10-09T09:00:00","2023-10-09","3.15","Complete","Good",""
"http://environment.data.gov.uk/hydrology/id/measures/585e49e0-7070-4d85-9c52-ccd18a5a1e65-flow-m-86400-m3s-qualified","2023-10-10T09:00:00","2023-10-10","1.721","Complete","Good",""
"http://environment.data.gov.uk/hydrology/id/measures/585e49e0-7070-4d85-9c52-ccd18a5a1e65-flow-m-86400-m3s-qualified","2023-10-11T09:00:00","2023-10-11","2.283","Complete","Good",""
"http://environment.data.gov.uk/hydrology/id/measures/585e49e0-7070-4d85-9c52-ccd18a5a1e65-flow-m-86400-m3s-qualified","2023-10-12T09:00:00","2023-10-12","4.921","Complete","Good",""
"http://environment.data.gov.uk/hydrology/id/measures/585e49e0-7070-4d85-9c52-ccd18a5a1e65-flow-m-86400-m3s-qualified","2023-10-13T09:00:00","2023-10-13","22.406","Complete","Good",""
"http://environment.data.gov.uk/hydrology/id/measures/585e49e0-7070-4d85-9c52-ccd18a5a1e65-flow-m-86400-m3s-qualified","2023-10-14T09:00:00","2023-10-14","36.041","Complete","Good",""
"http://environment.data.gov.uk/hydrology/id/measures/585e49e0-7070-4d85-9c52-ccd18a5a1e65-flow-m-86400-m3s-qualified","2023-10-15T09:00:00","2023-10-15","18.088","Complete","Good",""
"http://environment.data.gov.uk/hydrology/id/measures/585e49e0-7070-4d85-9c52-ccd18a5a1e65-flow-m-86400-m3s-qualified","2023-10-16T09:00:00","2023-10-16","9.624","Complete","Good",""
"http://environment.data.gov.uk/hydrology/id/measures/585e49e0-7070-4d85-9c52-ccd18a5a1e65-flow-m-86400-m3s-qualified","2023-10-17T09:00:00","2023-10-17","7.343","Complete","Good",""
"http://environment.data.gov.uk/hydrology/id/measures/585e49e0-7070-4d85-9c52-ccd18a5a1e65-flow-m-86400-m3s-qualified","2023-10-18T09:00:00","2023-10-18","12.263","Complete","Good",""
"http://environment.data.gov.uk/hydrology/id/measures/585e49e0-7070-4d85-9c52-ccd18a5a1e65-flow-m-86400-m3s-qualified","2023-10-19T09:00:00","2023-10-19","35.716","Complete","Good",""
"http://environment.data.gov.uk/hydrology/id/measures/585e49e0-7070-4d85-9c52-ccd18a5a1e65-flow-m-86400-m3s-qualified","2023-10-20T09:00:00","2023-10-20","50.404","Complete","Good",""
"http://environment.data.gov.uk/hydrology/id/measures/585e49e0-7070-4d85-9c52-ccd18a5a1e65-flow-m-86400-m3s-qualified","2023-10-21T09:00:00","2023-10-21","83.149","Complete","Good",""
"http://environment.data.gov.uk/hydrology/id/measures/585e49e0-7070-4d85-9c52-ccd18a5a1e65-flow-m-86400-m3s-qualified","2023-10-22T09:00:00","2023-10-22","44.193","Complete","Good",""
"http://environment.data.gov.uk/hydrology/id/measures/585e49e0-7070-4d85-9c52-ccd18a5a1e65-flow-m-86400-m3s-qualified","2023-10-23T09:00:00","2023-10-23","18.911","Complete","Good",""
"http://environment.data.gov.uk/hydrology/id/measures/585e49e0-7070-4d85-9c52-ccd18a5a1e65-flow-m-86400-m3s-qualified","2023-10-24T09:00:00","2023-10-24","17.119","Complete","Good",""
"http://environment.data.gov.uk/hydrology/id/measures/585e49e0-7070-4d85-9c52-ccd18a5a1e65-flow-m-86400-m3s-qualified","2023-10-25T09:00:00","2023-10-25","30.269","Complete","Good",""
"http://environment.data.gov.uk/hydrology/id/measures/585e49e0-7070-4d85-9c52-ccd18a5a1e65-flow-m-86400-m3s-qualified","2023-10-26T09:00:00","2023-10-26","25.156","Complete","Good",""
"http://environment.data.gov.uk/hydrology/id/measures/585e49e0-7070-4d85-9c52-ccd18a5a1e65-flow-m-86400-m3s-qualified","2023-10-27T09:00:00","2023-10-27","18.494","Complete","Good",""
"http://environment.data.gov.uk/hydrology/id/measures/585e49e0-7070-4d85-9c52-ccd18a5a1e65-flow-m-86400-m3s-qualified","2023-10-28T09:00:00","2023-10-28","28.511","Complete","Good",""
"http://environment.data.gov.uk/hydrology/id/measures/585e49e0-7070-4d85-9c52-ccd18a5a1e65-flow-m-86400-m3s-qualified","2023-10-29T09:00:00","2023-10-29","51.171","Complete","Good",""
"http://environment.data.gov.uk/hydrology/id/measures/585e49e0-7070-4d85-9c52-ccd18a5a1e65-flow-m-86400-m3s-qualified","2023-10-30T09:00:00","2023-10-30","38.187","Complete","Good",""
"http://environment.data.gov.uk/hydrology/id/measures/585e49e0-7070-4d85-9c52-ccd18a5a1e65-flow-m-86400-m3s-qualified","2023-10-31T09:00:00","2023-10-31","24.347","Complete","Good",""
"http://environment.data.gov.uk/hydrology/id/measures/585e49e0-7070-4d85-9c52-ccd18a5a1e65-flow-m-86400-m3s-qualified","2023-11-01T09:00:00","2023-11-01","33.723","Complete","Good",""
"http://environment.data.gov.uk/hydrology/id/measures/585e49e0-7070-4d85-9c52-ccd18a5a1e65-flow-m-86400-m3s-qualified","2023-11-02T09:00:00","2023-11-02","62.275","Complete","Good",""
"http://environment.data.gov.uk/hydrology/id/measures/585e49e0-7070-4d85-9c52-ccd18a5a1e65-flow-m-86400-m3s-qualified","2023-11-03T09:00:00","2023-11-03","73.96","Complete","Good",""
"http://environment.data.gov.uk/hydrology/id/measures/585e49e0-7070-4d85-9c52-ccd18a5a1e65-flow-m-86400-m3s-qualified","2023-11-04T09:00:00","2023-11-04","57.109","Complete","Good",""
"http://environment.data.gov.uk/hydrology/id/measures/585e49e0-7070-4d85-9c52-ccd18a5a1e65-flow-m-86400-m3s-qualified","2023-11-05T09:00:00","2023-11-05","44.97","Complete","Good",""
"http://environment.data.gov.uk/hydrology/id/measures/585e49e0-7070-4d85-9c52-ccd18a5a1e65-flow-m-86400-m3s-qualified","2023-11-06T09:00:00","2023-11-06","29.686","Complete","Good",""
"http://environment.data.gov.uk/hydrology/id/measures/585e49e0-7070-4d85-9c52-ccd18a5a1e65-flow-m-86400-m3s-qualified","2023-11-07T09:00:00","2023-11-07","23.984","Complete","Good",""
"http://environment.data.gov.uk/hydrology/id/measures/585e49e0-7070-4d85-9c52-ccd18a5a1e65-flow-m-86400-m3s-qualified","2023-11-08T09:00:00","2023-11-08","27.994","Complete","Good",""
"http://environment.data.gov.uk/hydrology/id/measures/585e49e0-7070-4d85-9c52-ccd18a5a1e65-flow-m-86400-m3s-qualified","2023-11-09T09:00:00","2023-11-09","32.269","Complete","Good",""
"http://environment.data.gov.uk/hydrology/id/measures/585e49e0-7070-4d85-9c52-ccd18a5a1e65-flow-m-86400-m3s-qualified","2023-11-10T09:00:00","2023-11-10","57.255","Complete","Good",""
"http://environment.data.gov.uk/hydrology/id/measures/585e49e0-7070-4d85-9c52-ccd18a5a1e65-flow-m-86400-m3s-qualified","2023-11-11T09:00:00","2023-11-11","67.7","Complete","Good",""
"http://environment.data.gov.uk/hydrology/id/measures/585e49e0-7070-4d85-9c52-ccd18a5a1e65-flow-m-86400-m3s-qualified","2023-11-12T09:00:00","2023-11-12","44.948","Complete","Good",""
"http://environment.data.gov.uk/hydrology/id/measures/585e49e0-7070-4d85-9c52-ccd18a5a1e65-flow-m-86400-m3s-qualified","2023-11-13T09:00:00","2023-11-13","48.558","Complete","Good",""
"http://environment.data.gov.uk/hydrology/id/measures/585e49e0-7070-4d85-9c52-ccd18a5a1e65-flow-m-86400-m3s-qualified","2023-11-14T09:00:00","2023-11-14","57.946","Complete","Good",""
"http://environment.data.gov.uk/hydrology/id/measures/585e49e0-7070-4d85-9c52-ccd18a5a1e65-flow-m-86400-m3s-qualified","2023-11-15T09:00:00","2023-11-15","56.613","Complete","Good",""
"http://environment.data.gov.uk/hydrology/id/measures/585e49e0-7070-4d85-9c52-ccd18a5a1e65-flow-m-86400-m3s-qualified","2023-11-16T09:00:00","2023-11-16","37.926","Complete","Good",""
"http://environment.data.gov.uk/hydrology/id/measures/585e49e0-7070-4d85-9c52-ccd18a5a1e65-flow-m-86400-m3s-qualified","2023-11-17T09:00:00","2023-11-17","29.6","Complete","Good",""
"http://environment.data.gov.uk/hydrology/id/measures/585e49e0-7070-4d85-9c52-ccd18a5a1e65-flow-m-86400-m3s-qualified","2023-11-18T09:00:00","2023-11-18","35.19","Complete","Good",""
"http://environment.data.gov.uk/hydrology/id/measures/585e49e0-7070-4d85-9c52-ccd18a5a1e65-flow-m-86400-m3s-qualified","2023-11-19T09:00:00","2023-11-19","33.392","Complete","Good",""
"http://environment.data.gov.uk/hydrology/id/measures/585e49e0-7070-4d85-9c52-ccd18a5a1e65-flow-m-86400-m3s-qualified","2023-11-20T09:00:00","2023-11-20","28.18","Complete","Good",""
"http://environment.data.gov.uk/hydrology/id/measures/585e49e0-7070-4d85-9c52-ccd18a5a1e65-flow-m-86400-m3s-qualified","2023-11-21T09:00:00","2023-11-21","23.933","Complete","Good",""
"http://environment.data.gov.uk/hydrology/id/measures/585e49e0-7070-4d85-9c52-ccd18a5a1e65-flow-m-86400-m3s-qualified","2023-11-22T09:00:00","2023-11-22","20.33","Complete","Good",""
"http://environment.data.gov.uk/hydrology/id/measures/585e49e0-7070-4d85-9c52-ccd18a5a1e65-flow-m-86400-m3s-qualified","2023-11-23T09:00:00","2023-11-23","18.525","Complete","Good",""
"http://environment.data.gov.uk/hydrology/id/measures/585e49e0-7070-4d85-9c52-ccd18a5a1e65-flow-m-86400-m3s-qualified","2023-11-24T09:00:00","2023-11-24","16.768","Complete","Good",""
"http://environment.data.gov.uk/hydrology/id/measures/585e49e0-7070-4d85-9c52-ccd18a5a1e65-flow-m-86400-m3s-qualified","2023-11-25T09:00:00","2023-11-25","15.123","Complete","Good",""
"http://environment.data.gov.uk/hydrology/id/measures/585e49e0-7070-4d85-9c52-ccd18a5a1e65-flow-m-86400-m3s-qualified","2023-11-26T09:00:00","2023-11-26","15.072","Complete","Good",""
"http://environment.data.gov.uk/hydrology/id/measures/585e49e0-7070-4d85-9c52-ccd18a5a1e65-flow-m-86400-m3s-qualified","2023-11-27T09:00:00","2023-11-27","18.307","Complete","Good",""
"http://environment.data.gov.uk/hydrology/id/measures/585e49e0-7070-4d85-9c52-ccd18a5a1e65-flow-m-86400-m3s-qualified","2023-11-28T09:00:00","2023-11-28","17.302","Complete","Good",""
"http://environment.data.gov.uk/hydrology/id/measures/585e49e0-7070-4d85-9c52-ccd18a5a1e65-flow-m-86400-m3s-qualified","2023-11-29T09:00:00","2023-11-29","15.059","Complete","Good",""
"http://environment.data.gov.uk/hydrology/id/measures/585e49e0-7070-4d85-9c52-ccd18a5a1e65-flow-m-86400-m3s-qualified","2023-11-30T09:00:00","2023-11-30","13.545","Complete","Good",""
"http://environment.data.gov.uk/hydrology/id/measures/585e49e0-7070-4d85-9c52-ccd18a5a1e65-flow-m-86400-m3s-qualified","2023-12-01T09:00:00","2023-12-01","12.036","Complete","Good",""
"http://environment.data.gov.uk/hydrology/id/measures/585e49e0-7070-4d85-9c52-ccd18a5a1e65-flow-m-86400-m3s-qualified","2023-12-02T09:00:00","2023-12-02","11.385","Complete","Good",""
"http://environment.data.gov.uk/hydrology/id/measures/585e49e0-7070-4d85-9c52-ccd18a5a1e65-flow-m-86400-m3s-qualified","2023-12-03T09:00:00","2023-12-03","14.983","Complete","Good",""
"http://environment.data.gov.uk/hydrology/id/measures/585e49e0-7070-4d85-9c52-ccd18a5a1e65-flow-m-86400-m3s-qualified","2023-12-04T09:00:00","2023-12-04","50.022","Complete","Good",""
"http://environment.data.gov.uk/hydrology/id/measures/585e49e0-7070-4d85-9c52-ccd18a5a1e65-flow-m-86400-m3s-qualified","2023-12-05T09:00:00","2023-12-05","64.47","Complete","Good",""
"http://environment.data.gov.uk/hydrology/id/measures/585e49e0-7070-4d85-9c52-ccd18a5a1e65-flow-m-86400-m3s-qualified","2023-12-06T09:00:00","2023-12-06","40.207","Complete","Good",""
"http://environment.data.gov.uk/hydrology/id/measures/585e49e0-7070-4d85-9c52-ccd18a5a1e65-flow-m-86400-m3s-qualified","2023-12-07T09:00:00","2023-12-07","30.297","Complete","Good",""
"http://environment.data.gov.uk/hydrology/id/measures/585e49e0-7070-4d85-9c52-ccd18a5a1e65-flow-m-86400-m3s-qualified","2023-12-08T09:00:00","2023-12-08","31.864","Complete","Good",""
"http://environment.data.gov.uk/hydrology/id/measures/585e49e0-7070-4d85-9c52-ccd18a5a1e65-flow-m-86400-m3s-qualified","2023-12-09T09:00:00","2023-12-09","44.885","Complete","Good",""
"http://environment.data.gov.uk/hydrology/id/measures/585e49e0-7070-4d85-9c52-ccd18a5a1e65-flow-m-86400-m3s-qualified","2023-12-10T09:00:00","2023-12-10","46.055","Complete","Good",""
"http://environment.data.gov.uk/hydrology/id/measures/585e49e0-7070-4d85-9c52-ccd18a5a1e65-flow-m-86400-m3s-qualified","2023-12-11T09:00:00","2023-12-11","33.895","Complete","Good",""
"http://environment.data.gov.uk/hydrology/id/measures/585e49e0-7070-4d85-9c52-ccd18a5a1e65-flow-m-86400-m3s-qualified","2023-12-12T09:00:00","2023-12-12","45.334","Complete","Good",""
"http://environment.data.gov.uk/hydrology/id/measures/585e49e0-7070-4d85-9c52-ccd18a5a1e65-flow-m-86400-m3s-qualified","2023-12-13T09:00:00","2023-12-13","38.489","Complete","Good",""
"http://environment.data.gov.uk/hydrology/id/measures/585e49e0-7070-4d85-9c52-ccd18a5a1e65-flow-m-86400-m3s-qualified","2023-12-14T09:00:00","2023-12-14","26.02","Complete","Good",""
"http://environment.data.gov.uk/hydrology/id/measures/585e49e0-7070-4d85-9c52-ccd18a5a1e65-flow-m-86400-m3s-qualified","2023-12-15T09:00:00","2023-12-15","21.715","Complete","Good",""
"http://environment.data.gov.uk/hydrology/id/measures/585e49e0-7070-4d85-9c52-ccd18a5a1e65-flow-m-86400-m3s-qualified","2023-12-16T09:00:00","2023-12-16","19.473","Complete","Good",""
"http://environment.data.gov.uk/hydrology/id/measures/585e49e0-7070-4d85-9c52-ccd18a5a1e65-flow-m-86400-m3s-qualified","2023-12-17T09:00:00","2023-12-17","17.989","Complete","Good",""
"http://environment.data.gov.uk/hydrology/id/measures/585e49e0-7070-4d85-9c52-ccd18a5a1e65-flow-m-86400-m3s-qualified","2023-12-18T09:00:00","2023-12-18","16.862","Complete","Good",""
"http://environment.data.gov.uk/hydrology/id/measures/585e49e0-7070-4d85-9c52-ccd18a5a1e65-flow-m-86400-m3s-qualified","2023-12-19T09:00:00","2023-12-19","33.768","Complete","Good",""
"http://environment.data.gov.uk/hydrology/id/measures/585e49e0-7070-4d85-9c52-ccd18a5a1e65-flow-m-86400-m3s-qualified","2023-12-20T09:00:00","2023-12-20","35.018","Complete","Good",""
"http://environment.data.gov.uk/hydrology/id/measures/585e49e0-7070-4d85-9c52-ccd18a5a1e65-flow-m-86400-m3s-qualified","2023-12-21T09:00:00","2023-12-21","23.504","Complete","Good",""
"http://environment.data.gov.uk/hydrology/id/measures/585e49e0-7070-4d85-9c52-ccd18a5a1e65-flow-m-86400-m3s-qualified","2023-12-22T09:00:00","2023-12-22","19.189","Complete","Good",""
"http://environment.data.gov.uk/hydrology/id/measures/585e49e0-7070-4d85-9c52-ccd18a5a1e65-flow-m-86400-m3s-qualified","2023-12-23T09:00:00","2023-12-23","17.029","Complete","Good",""
"http://environment.data.gov.uk/hydrology/id/measures/585e49e0-7070-4d85-9c52-ccd18a5a1e65-flow-m-86400-m3s-qualified","2023-12-24T09:00:00","2023-12-24","17.229","Complete","Good",""
"http://environment.data.gov.uk/hydrology/id/measures/585e49e0-7070-4d85-9c52-ccd18a5a1e65-flow-m-86400-m3s-qualified","2023-12-25T09:00:00","2023-12-25","23.243","Complete","Good",""
"http://environment.data.gov.uk/hydrology/id/measures/585e49e0-7070-4d85-9c52-ccd18a5a1e65-flow-m-86400-m3s-qualified","2023-12-26T09:00:00","2023-12-26","25.596","Complete","Good",""
"http://environment.data.gov.uk/hydrology/id/measures/585e49e0-7070-4d85-9c52-ccd18a5a1e65-flow-m-86400-m3s-qualified","2023-12-27T09:00:00","2023-12-27","28.821","Complete","Good",""
"http://environment.data.gov.uk/hydrology/id/measures/585e49e0-7070-4d85-9c52-ccd18a5a1e65-flow-m-86400-m3s-qualified","2023-12-28T09:00:00","2023-12-28","39.684","Complete","Good",""
"http://environment.data.gov.uk/hydrology/id/measures/585e49e0-7070-4d85-9c52-ccd18a5a1e65-flow-m-86400-m3s-qualified","2023-12-29T09:00:00","2023-12-29","40.987","Complete","Good",""
"http://environment.data.gov.uk/hydrology/id/measures/585e49e0-7070-4d85-9c52-ccd18a5a1e65-flow-m-86400-m3s-qualified","2023-12-30T09:00:00","2023-12-30","41.24","Complete","Good",""
"http://environment.data.gov.uk/hydrology/id/measures/585e49e0-7070-4d85-9c52-ccd18a5a1e65-flow-m-86400-m3s-qualified","2023-12-31T09:00:00","2023-12-31","75.909","Complete","Good",""
"http://environment.data.gov.uk/hydrology/id/measures/585e49e0-7070-4d85-9c52-ccd18a5a1e65-flow-m-86400-m3s-qualified","2024-01-01T09:00:00","2024-01-01","100.062","Complete","Good",""
"http://environment.data.gov.uk/hydrology/id/measures/585e49e0-7070-4d85-9c52-ccd18a5a1e65-flow-m-86400-m3s-qualified","2024-01-02T09:00:00","2024-01-02","110.874","Complete","Good",""
"http://environment.data.gov.uk/hydrology/id/measures/585e49e0-7070-4d85-9c52-ccd18a5a1e65-flow-m-86400-m3s-qualified","2024-01-03T09:00:00","2024-01-03","109.275","Complete","Good",""
"http://environment.data.gov.uk/hydrology/id/measures/585e49e0-7070-4d85-9c52-ccd18a5a1e65-flow-m-86400-m3s-qualified","2024-01-04T09:00:00","2024-01-04","116.256","Complete","Good",""
"http://environment.data.gov.uk/hydrology/id/measures/585e49e0-7070-4d85-9c52-ccd18a5a1e65-flow-m-86400-m3s-qualified","2024-01-05T09:00:00","2024-01-05","149.496","Complete","Good",""
"http://environment.data.gov.uk/hydrology/id/measures/585e49e0-7070-4d85-9c52-ccd18a5a1e65-flow-m-86400-m3s-qualified","2024-01-06T09:00:00","2024-01-06","82.533","Complete","Good",""
"http://environment.data.gov.uk/hydrology/id/measures/585e49e0-7070-4d85-9c52-ccd18a5a1e65-flow-m-86400-m3s-qualified","2024-01-07T09:00:00","2024-01-07","44.4","Complete","Good",""
"http://environment.data.gov.uk/hydrology/id/measures/585e49e0-7070-4d85-9c52-ccd18a5a1e65-flow-m-86400-m3s-qualified","2024-01-08T09:00:00","2024-01-08","32.39","Complete","Good",""
"http://environment.data.gov.uk/hydrology/id/measures/585e49e0-7070-4d85-9c52-ccd18a5a1e65-flow-m-86400-m3s-qualified","2024-01-09T09:00:00","2024-01-09","27.365","Complete","Good",""
"http://environment.data.gov.uk/hydrology/id/measures/585e49e0-7070-4d85-9c52-ccd18a5a1e65-flow-m-86400-m3s-qualified","2024-01-10T09:00:00","2024-01-10","23.493","Complete","Good",""
"http://environment.data.gov.uk/hydrology/id/measures/585e49e0-7070-4d85-9c52-ccd18a5a1e65-flow-m-86400-m3s-qualified","2024-01-11T09:00:00","2024-01-11","21.012","Complete","Good",""
"http://environment.data.gov.uk/hydrology/id/measures/585e49e0-7070-4d85-9c52-ccd18a5a1e65-flow-m-86400-m3s-qualified","2024-01-12T09:00:00","2024-01-12","19.356","Complete","Good",""
"http://environment.data.gov.uk/hydrology/id/measures/585e49e0-7070-4d85-9c52-ccd18a5a1e65-flow-m-86400-m3s-qualified","2024-01-13T09:00:00","2024-01-13","17.936","Complete","Good",""
"http://environment.data.gov.uk/hydrology/id/measures/585e49e0-7070-4d85-9c52-ccd18a5a1e65-flow-m-86400-m3s-qualified","2024-01-14T09:00:00","2024-01-14","16.804","Complete","Good",""
"http://environment.data.gov.uk/hydrology/id/measures/585e49e0-7070-4d85-9c52-ccd18a5a1e65-flow-m-86400-m3s-qualified","2024-01-15T09:00:00","2024-01-15","15.613","Complete","Good",""
"http://environment.data.gov.uk/hydrology/id/measures/585e49e0-7070-4d85-9c52-ccd18a5a1e65-flow-m-86400-m3s-qualified","2024-01-16T09:00:00","2024-01-16","14.446","Complete","Good",""
"http://environment.data.gov.uk/hydrology/id/measures/585e49e0-7070-4d85-9c52-ccd18a5a1e65-flow-m-86400-m3s-qualified","2024-01-17T09:00:00","2024-01-17","13.922","Complete","Good",""
"http://environment.data.gov.uk/hydrology/id/measures/585e49e0-7070-4d85-9c52-ccd18a5a1e65-flow-m-86400-m3s-qualified","2024-01-18T09:00:00","2024-01-18","12.309","Complete","Good",""
"http://environment.data.gov.uk/hydrology/id/measures/585e49e0-7070-4d85-9c52-ccd18a5a1e65-flow-m-86400-m3s-qualified","2024-01-19T09:00:00","2024-01-19","11.378","Complete","Good",""
"http://environment.data.gov.uk/hydrology/id/measures/585e49e0-7070-4d85-9c52-ccd18a5a1e65-flow-m-86400-m3s-qualified","2024-01-20T09:00:00","2024-01-20","11.661","Complete","Good",""
"http://environment.data.gov.uk/hydrology/id/measures/585e49e0-7070-4d85-9c52-ccd18a5a1e65-flow-m-86400-m3s-qualified","2024-01-21T09:00:00","2024-01-21","23.074","Complete","Good",""
"http://environment.data.gov.uk/hydrology/id/measures/585e49e0-7070-4d85-9c52-ccd18a5a1e65-flow-m-86400-m3s-qualified","2024-01-22T09:00:00","2024-01-22","56.294","Complete","Good",""
"http://environment.data.gov.uk/hydrology/id/measures/585e49e0-7070-4d85-9c52-ccd18a5a1e65-flow-m-86400-m3s-qualified","2024-01-23T09:00:00","2024-01-23","41.358","Complete","Good",""
"http://environment.data.gov.uk/hydrology/id/measures/585e49e0-7070-4d85-9c52-ccd18a5a1e65-flow-m-86400-m3s-qualified","2024-01-24T09:00:00","2024-01-24","33.942","Complete","Good",""
"http://environment.data.gov.uk/hydrology/id/measures/585e49e0-7070-4d85-9c52-ccd18a5a1e65-flow-m-86400-m3s-qualified","2024-01-25T09:00:00","2024-01-25","24.306","Complete","Good",""
"http://environment.data.gov.uk/hydrology/id/measures/585e49e0-7070-4d85-9c52-ccd18a5a1e65-flow-m-86400-m3s-qualified","2024-01-26T09:00:00","2024-01-26","23.063","Complete","Good",""
"http://environment.data.gov.uk/hydrology/id/measures/585e49e0-7070-4d85-9c52-ccd18a5a1e65-flow-m-86400-m3s-qualified","2024-01-27T09:00:00","2024-01-27","19.654","Complete","Good",""
"http://environment.data.gov.uk/hydrology/id/measures/585e49e0-7070-4d85-9c52-ccd18a5a1e65-flow-m-86400-m3s-qualified","2024-01-28T09:00:00","2024-01-28","17.78","Complete","Good",""
"http://environment.data.gov.uk/hydrology/id/measures/585e49e0-7070-4d85-9c52-ccd18a5a1e65-flow-m-86400-m3s-qualified","2024-01-29T09:00:00","2024-01-29","16.142","Complete","Good",""
"http://environment.data.gov.uk/hydrology/id/measures/585e49e0-7070-4d85-9c52-ccd18a5a1e65-flow-m-86400-m3s-qualified","2024-01-30T09:00:00","2024-01-30","14.552","Complete","Good",""
"http://environment.data.gov.uk/hydrology/id/measures/585e49e0-7070-4d85-9c52-ccd18a5a1e65-flow-m-86400-m3s-qualified","2024-01-31T09:00:00","2024-01-31","13.668","Complete","Good",""
"http://environment.data.gov.uk/hydrology/id/measures/585e49e0-7070-4d85-9c52-ccd18a5a1e65-flow-m-86400-m3s-qualified","2024-02-01T09:00:00","2024-02-01","12.757","Complete","Good",""
"http://environment.data.gov.uk/hydrology/id/measures/585e49e0-7070-4d85-9c52-ccd18a5a1e65-flow-m-86400-m3s-qualified","2024-02-02T09:00:00","2024-02-02","12.345","Complete","Good",""
"http://environment.data.gov.uk/hydrology/id/measures/585e49e0-7070-4d85-9c52-ccd18a5a1e65-flow-m-86400-m3s-qualified","2024-02-03T09:00:00","2024-02-03","11.836","Complete","Good",""
"http://environment.data.gov.uk/hydrology/id/measures/585e49e0-7070-4d85-9c52-ccd18a5a1e65-flow-m-86400-m3s-qualified","2024-02-04T09:00:00","2024-02-04","11.39","Complete","Good",""
"http://environment.data.gov.uk/hydrology/id/measures/585e49e0-7070-4d85-9c52-ccd18a5a1e65-flow-m-86400-m3s-qualified","2024-02-05T09:00:00","2024-02-05","10.9","Complete","Good",""
"http://environment.data.gov.uk/hydrology/id/measures/585e49e0-7070-4d85-9c52-ccd18a5a1e65-flow-m-86400-m3s-qualified","2024-02-06T09:00:00","2024-02-06","19.949","Complete","Good",""
"http://environment.data.gov.uk/hydrology/id/measures/585e49e0-7070-4d85-9c52-ccd18a5a1e65-flow-m-86400-m3s-qualified","2024-02-07T09:00:00","2024-02-07","55.697","Complete","Good",""
"http://environment.data.gov.uk/hydrology/id/measures/585e49e0-7070-4d85-9c52-ccd18a5a1e65-flow-m-86400-m3s-qualified","2024-02-08T09:00:00","2024-02-08","66.765","Complete","Good",""
"http://environment.data.gov.uk/hydrology/id/measures/585e49e0-7070-4d85-9c52-ccd18a5a1e65-flow-m-86400-m3s-qualified","2024-02-09T09:00:00","2024-02-09","110.713","Complete","Good",""
"http://environment.data.gov.uk/hydrology/id/measures/585e49e0-7070-4d85-9c52-ccd18a5a1e65-flow-m-86400-m3s-qualified","2024-02-10T09:00:00","2024-02-10","82.743","Complete","Good",""
"http://environment.data.gov.uk/hydrology/id/measures/585e49e0-7070-4d85-9c52-ccd18a5a1e65-flow-m-86400-m3s-qualified","2024-02-11T09:00:00","2024-02-11","38.468","Complete","Good",""
"http://environment.data.gov.uk/hydrology/id/measures/585e49e0-7070-4d85-9c52-ccd18a5a1e65-flow-m-86400-m3s-qualified","2024-02-12T09:00:00","2024-02-12","28.644","Complete","Good",""
"http://environment.data.gov.uk/hydrology/id/measures/585e49e0-7070-4d85-9c52-ccd18a5a1e65-flow-m-86400-m3s-qualified","2024-02-13T09:00:00","2024-02-13","24.804","Complete","Good",""
"http://environment.data.gov.uk/hydrology/id/measures/585e49e0-7070-4d85-9c52-ccd18a5a1e65-flow-m-86400-m3s-qualified","2024-02-14T09:00:00","2024-02-14","27.31","Complete","Good",""
"http://environment.data.gov.uk/hydrology/id/measures/585e49e0-7070-4d85-9c52-ccd18a5a1e65-flow-m-86400-m3s-qualified","2024-02-15T09:00:00","2024-02-15","33.595","Complete","Good",""
"http://environment.data.gov.uk/hydrology/id/measures/585e49e0-7070-4d85-9c52-ccd18a5a1e65-flow-m-86400-m3s-qualified","2024-02-16T09:00:00","2024-02-16","52.001","Complete","Good",""
"http://environment.data.gov.uk/hydrology/id/measures/585e49e0-7070-4d85-9c52-ccd18a5a1e65-flow-m-86400-m3s-qualified","2024-02-17T09:00:00","2024-02-17","44.61","Complete","Good",""
"http://environment.data.gov.uk/hydrology/id/measures/585e49e0-7070-4d85-9c52-ccd18a5a1e65-flow-m-86400-m3s-qualified","2024-02-18T09:00:00","2024-02-18","106.646","Complete","Good",""
"http://environment.data.gov.uk/hydrology/id/measures/585e49e0-7070-4d85-9c52-ccd18a5a1e65-flow-m-86400-m3s-qualified","2024-02-19T09:00:00","2024-02-19","90.77","Complete","Good",""
"http://environment.data.gov.uk/hydrology/id/measures/585e49e0-7070-4d85-9c52-ccd18a5a1e65-flow-m-86400-m3s-qualified","2024-02-20T09:00:00","2024-02-20","43.833","Complete","Good",""
"http://environment.data.gov.uk/hydrology/id/measures/585e49e0-7070-4d85-9c52-ccd18a5a1e65-flow-m-86400-m3s-qualified","2024-02-21T09:00:00","2024-02-21","56.845","Complete","Good",""
"http://environment.data.gov.uk/hydrology/id/measures/585e49e0-7070-4d85-9c52-ccd18a5a1e65-flow-m-86400-m3s-qualified","2024-02-22T09:00:00","2024-02-22","71.844","Complete","Good",""
"http://environment.data.gov.uk/hydrology/id/measures/585e49e0-7070-4d85-9c52-ccd18a5a1e65-flow-m-86400-m3s-qualified","2024-02-23T09:00:00","2024-02-23","81.784","Complete","Good",""
"http://environment.data.gov.uk/hydrology/id/measures/585e49e0-7070-4d85-9c52-ccd18a5a1e65-flow-m-86400-m3s-qualified","2024-02-24T09:00:00","2024-02-24","53.499","Complete","Good",""
"http://environment.data.gov.uk/hydrology/id/measures/585e49e0-7070-4d85-9c52-ccd18a5a1e65-flow-m-86400-m3s-qualified","2024-02-25T09:00:00","2024-02-25","37.081","Complete","Good",""
"http://environment.data.gov.uk/hydrology/id/measures/585e49e0-7070-4d85-9c52-ccd18a5a1e65-flow-m-86400-m3s-qualified","2024-02-26T09:00:00","2024-02-26","34.586","Complete","Good",""
"http://environment.data.gov.uk/hydrology/id/measures/585e49e0-7070-4d85-9c52-ccd18a5a1e65-flow-m-86400-m3s-qualified","2024-02-27T09:00:00","2024-02-27","26.966","Complete","Good",""
"http://environment.data.gov.uk/hydrology/id/measures/585e49e0-7070-4d85-9c52-ccd18a5a1e65-flow-m-86400-m3s-qualified","2024-02-28T09:00:00","2024-02-28","24.105","Complete","Good",""
"http://environment.data.gov.uk/hydrology/id/measures/585e49e0-7070-4d85-9c52-ccd18a5a1e65-flow-m-86400-m3s-qualified","2024-02-29T09:00:00","2024-02-29","27.608","Complete","Good",""
"http://environment.data.gov.uk/hydrology/id/measures/585e49e0-7070-4d85-9c52-ccd18a5a1e65-flow-m-86400-m3s-qualified","2024-03-01T09:00:00","2024-03-01","45.774","Complete","Good",""
"http://environment.data.gov.uk/hydrology/id/measures/585e49e0-7070-4d85-9c52-ccd18a5a1e65-flow-m-86400-m3s-qualified","2024-03-02T09:00:00","2024-03-02","74.641","Complete","Good",""
"http://environment.data.gov.uk/hydrology/id/measures/585e49e0-7070-4d85-9c52-ccd18a5a1e65-flow-m-86400-m3s-qualified","2024-03-03T09:00:00","2024-03-03","65.197","Complete","Good",""
"http://environment.data.gov.uk/hydrology/id/measures/585e49e0-7070-4d85-9c52-ccd18a5a1e65-flow-m-86400-m3s-qualified","2024-03-04T09:00:00","2024-03-04","33.843","Complete","Good",""
"http://environment.data.gov.uk/hydrology/id/measures/585e49e0-7070-4d85-9c52-ccd18a5a1e65-flow-m-86400-m3s-qualified","2024-03-05T09:00:00","2024-03-05","28.541","Complete","Good",""
"http://environment.data.gov.uk/hydrology/id/measures/585e49e0-7070-4d85-9c52-ccd18a5a1e65-flow-m-86400-m3s-qualified","2024-03-06T09:00:00","2024-03-06","24.375","Complete","Good",""
"http://environment.data.gov.uk/hydrology/id/measures/585e49e0-7070-4d85-9c52-ccd18a5a1e65-flow-m-86400-m3s-qualified","2024-03-07T09:00:00","2024-03-07","21.712","Complete","Good",""
"http://environment.data.gov.uk/hydrology/id/measures/585e49e0-7070-4d85-9c52-ccd18a5a1e65-flow-m-86400-m3s-qualified","2024-03-08T09:00:00","2024-03-08","20.086","Complete","Good",""
"http://environment.data.gov.uk/hydrology/id/measures/585e49e0-7070-4d85-9c52-ccd18a5a1e65-flow-m-86400-m3s-qualified","2024-03-09T09:00:00","2024-03-09","18.685","Complete","Good",""
"http://environment.data.gov.uk/hydrology/id/measures/585e49e0-7070-4d85-9c52-ccd18a5a1e65-flow-m-86400-m3s-qualified","2024-03-10T09:00:00","2024-03-10","18.178","Complete","Good",""
"http://environment.data.gov.uk/hydrology/id/measures/585e49e0-7070-4d85-9c52-ccd18a5a1e65-flow-m-86400-m3s-qualified","2024-03-11T09:00:00","2024-03-11","16.717","Complete","Good",""
"http://environment.data.gov.uk/hydrology/id/measures/585e49e0-7070-4d85-9c52-ccd18a5a1e65-flow-m-86400-m3s-qualified","2024-03-12T09:00:00","2024-03-12","31.942","Complete","Good",""
"http://environment.data.gov.uk/hydrology/id/measures/585e49e0-7070-4d85-9c52-ccd18a5a1e65-flow-m-86400-m3s-qualified","2024-03-13T09:00:00","2024-03-13","29.776","Complete","Good",""
"http://environment.data.gov.uk/hydrology/id/measures/585e49e0-7070-4d85-9c52-ccd18a5a1e65-flow-m-86400-m3s-qualified","2024-03-14T09:00:00","2024-03-14","21.378","Complete","Good",""
"http://environment.data.gov.uk/hydrology/id/measures/585e49e0-7070-4d85-9c52-ccd18a5a1e65-flow-m-86400-m3s-qualified","2024-03-15T09:00:00","2024-03-15","26.082","Complete","Good",""
"http://environment.data.gov.uk/hydrology/id/measures/585e49e0-7070-4d85-9c52-ccd18a5a1e65-flow-m-86400-m3s-qualified","2024-03-16T09:00:00","2024-03-16","24.95","Complete","Good",""
"http://environment.data.gov.uk/hydrology/id/measures/585e49e0-7070-4d85-9c52-ccd18a5a1e65-flow-m-86400-m3s-qualified","2024-03-17T09:00:00","2024-03-17","41.938","Complete","Good",""
"http://environment.data.gov.uk/hydrology/id/measures/585e49e0-7070-4d85-9c52-ccd18a5a1e65-flow-m-86400-m3s-qualified","2024-03-18T09:00:00","2024-03-18","32.81","Complete","Good",""
"http://environment.data.gov.uk/hydrology/id/measures/585e49e0-7070-4d85-9c52-ccd18a5a1e65-flow-m-86400-m3s-qualified","2024-03-19T09:00:00","2024-03-19","22.629","Complete","Good",""
"http://environment.data.gov.uk/hydrology/id/measures/585e49e0-7070-4d85-9c52-ccd18a5a1e65-flow-m-86400-m3s-qualified","2024-03-20T09:00:00","2024-03-20","20.434","Complete","Good",""
"http://environment.data.gov.uk/hydrology/id/measures/585e49e0-7070-4d85-9c52-ccd18a5a1e65-flow-m-86400-m3s-qualified","2024-03-21T09:00:00","2024-03-21","18.248","Complete","Good",""
"http://environment.data.gov.uk/hydrology/id/measures/585e49e0-7070-4d85-9c52-ccd18a5a1e65-flow-m-86400-m3s-qualified","2024-03-22T09:00:00","2024-03-22","16.49","Complete","Good",""
"http://environment.data.gov.uk/hydrology/id/measures/585e49e0-7070-4d85-9c52-ccd18a5a1e65-flow-m-86400-m3s-qualified","2024-03-23T09:00:00","2024-03-23","15.537","Complete","Good",""
"http://environment.data.gov.uk/hydrology/id/measures/585e49e0-7070-4d85-9c52-ccd18a5a1e65-flow-m-86400-m3s-qualified","2024-03-24T09:00:00","2024-03-24","15.245","Complete","Good",""
"http://environment.data.gov.uk/hydrology/id/measures/585e49e0-7070-4d85-9c52-ccd18a5a1e65-flow-m-86400-m3s-qualified","2024-03-25T09:00:00","2024-03-25","14.402","Complete","Good",""
"http://environment.data.gov.uk/hydrology/id/measures/585e49e0-7070-4d85-9c52-ccd18a5a1e65-flow-m-86400-m3s-qualified","2024-03-26T09:00:00","2024-03-26","17.649","Complete","Good",""
"http://environment.data.gov.uk/hydrology/id/measures/585e49e0-7070-4d85-9c52-ccd18a5a1e65-flow-m-86400-m3s-qualified","2024-03-27T09:00:00","2024-03-27","46.319","Complete","Good",""
"http://environment.data.gov.uk/hydrology/id/measures/585e49e0-7070-4d85-9c52-ccd18a5a1e65-flow-m-86400-m3s-qualified","2024-03-28T09:00:00","2024-03-28","94.421","Complete","Good",""
"http://environment.data.gov.uk/hydrology/id/measures/585e49e0-7070-4d85-9c52-ccd18a5a1e65-flow-m-86400-m3s-qualified","2024-03-29T09:00:00","2024-03-29","104.165","Complete","Good",""
"http://environment.data.gov.uk/hydrology/id/measures/585e49e0-7070-4d85-9c52-ccd18a5a1e65-flow-m-86400-m3s-qualified","2024-03-30T09:00:00","2024-03-30","44.964","Complete","Good",""
"http://environment.data.gov.uk/hydrology/id/measures/585e49e0-7070-4d85-9c52-ccd18a5a1e65-flow-m-86400-m3s-qualified","2024-03-31T09:00:00","2024-03-31","30.025","Complete","Good",""
"http://environment.data.gov.uk/hydrology/id/measures/585e49e0-7070-4d85-9c52-ccd18a5a1e65-flow-m-86400-m3s-qualified","2024-04-01T09:00:00","2024-04-01","34.613","Complete","Good",""
"http://environment.data.gov.uk/hydrology/id/measures/585e49e0-7070-4d85-9c52-ccd18a5a1e65-flow-m-86400-m3s-qualified","2024-04-02T09:00:00","2024-04-02","31.117","Complete","Good",""
"http://environment.data.gov.uk/hydrology/id/measures/585e49e0-7070-4d85-9c52-ccd18a5a1e65-flow-m-86400-m3s-qualified","2024-04-03T09:00:00","2024-04-03","34.353","Complete","Good",""
"http://environment.data.gov.uk/hydrology/id/measures/585e49e0-7070-4d85-9c52-ccd18a5a1e65-flow-m-86400-m3s-qualified","2024-04-04T09:00:00","2024-04-04","38.801","Complete","Good",""
"http://environment.data.gov.uk/hydrology/id/measures/585e49e0-7070-4d85-9c52-ccd18a5a1e65-flow-m-86400-m3s-qualified","2024-04-05T09:00:00","2024-04-05","47.74","Complete","Good",""
"http://environment.data.gov.uk/hydrology/id/measures/585e49e0-7070-4d85-9c52-ccd18a5a1e65-flow-m-86400-m3s-qualified","2024-04-06T09:00:00","2024-04-06","29.556","Complete","Good",""
"http://environment.data.gov.uk/hydrology/id/measures/585e49e0-7070-4d85-9c52-ccd18a5a1e65-flow-m-86400-m3s-qualified","2024-04-07T09:00:00","2024-04-07","23.324","Complete","Good",""
"http://environment.data.gov.uk/hydrology/id/measures/585e49e0-7070-4d85-9c52-ccd18a5a1e65-flow-m-86400-m3s-qualified","2024-04-08T09:00:00","2024-04-08","19.814","Complete","Good",""
"http://environment.data.gov.uk/hydrology/id/measures/585e49e0-7070-4d85-9c52-ccd18a5a1e65-flow-m-86400-m3s-qualified","2024-04-09T09:00:00","2024-04-09","18.402","Complete","Good",""
"http://environment.data.gov.uk/hydrology/id/measures/585e49e0-7070-4d85-9c52-ccd18a5a1e65-flow-m-86400-m3s-qualified","2024-04-10T09:00:00","2024-04-10","17.212","Complete","Good",""
"http://environment.data.gov.uk/hydrology/id/measures/585e49e0-7070-4d85-9c52-ccd18a5a1e65-flow-m-86400-m3s-qualified","2024-04-11T09:00:00","2024-04-11","16.678","Complete","Good",""
"http://environment.data.gov.uk/hydrology/id/measures/585e49e0-7070-4d85-9c52-ccd18a5a1e65-flow-m-86400-m3s-qualified","2024-04-12T09:00:00","2024-04-12","15.683","Complete","Good",""
"http://environment.data.gov.uk/hydrology/id/measures/585e49e0-7070-4d85-9c52-ccd18a5a1e65-flow-m-86400-m3s-qualified","2024-04-13T09:00:00","2024-04-13","14.345","Complete","Good",""
"http://environment.data.gov.uk/hydrology/id/measures/585e49e0-7070-4d85-9c52-ccd18a5a1e65-flow-m-86400-m3s-qualified","2024-04-14T09:00:00","2024-04-14","13.092","Complete","Good",""
"http://environment.data.gov.uk/hydrology/id/measures/585e49e0-7070-4d85-9c52-ccd18a5a1e65-flow-m-86400-m3s-qualified","2024-04-15T09:00:00","2024-04-15","13.494","Complete","Good",""
"http://environment.data.gov.uk/hydrology/id/measures/585e49e0-7070-4d85-9c52-ccd18a5a1e65-flow-m-86400-m3s-qualified","2024-04-16T09:00:00","2024-04-16","12.038","Complete","Good",""
"http://environment.data.gov.uk/hydrology/id/measures/585e49e0-7070-4d85-9c52-ccd18a5a1e65-flow-m-86400-m3s-qualified","2024-04-17T09:00:00","2024-04-17","11.181","Complete","Good",""
"http://environment.data.gov.uk/hydrology/id/measures/585e49e0-7070-4d85-9c52-ccd18a5a1e65-flow-m-86400-m3s-qualified","2024-04-18T09:00:00","2024-04-18","10.503","Complete","Good",""
"http://environment.data.gov.uk/hydrology/id/measures/585e49e0-7070-4d85-9c52-ccd18a5a1e65-flow-m-86400-m3s-qualified","2024-04-19T09:00:00","2024-04-19","10.214","Complete","Good",""
"http://environment.data.gov.uk/hydrology/id/measures/585e49e0-7070-4d85-9c52-ccd18a5a1e65-flow-m-86400-m3s-qualified","2024-04-20T09:00:00","2024-04-20","9.67","Complete","Good",""
"http://environment.data.gov.uk/hydrology/id/measures/585e49e0-7070-4d85-9c52-ccd18a5a1e65-flow-m-86400-m3s-qualified","2024-04-21T09:00:00","2024-04-21","9.256","Complete","Good",""
"http://environment.data.gov.uk/hydrology/id/measures/585e49e0-7070-4d85-9c52-ccd18a5a1e65-flow-m-86400-m3s-qualified","2024-04-22T09:00:00","2024-04-22","9.033","Complete","Good",""
"http://environment.data.gov.uk/hydrology/id/measures/585e49e0-7070-4d85-9c52-ccd18a5a1e65-flow-m-86400-m3s-qualified","2024-04-23T09:00:00","2024-04-23","8.977","Complete","Good",""
"http://environment.data.gov.uk/hydrology/id/measures/585e49e0-7070-4d85-9c52-ccd18a5a1e65-flow-m-86400-m3s-qualified","2024-04-24T09:00:00","2024-04-24","8.552","Complete","Good",""
"http://environment.data.gov.uk/hydrology/id/measures/585e49e0-7070-4d85-9c52-ccd18a5a1e65-flow-m-86400-m3s-qualified","2024-04-25T09:00:00","2024-04-25","8.405","Complete","Good",""
"http://environment.data.gov.uk/hydrology/id/measures/585e49e0-7070-4d85-9c52-ccd18a5a1e65-flow-m-86400-m3s-qualified","2024-04-26T09:00:00","2024-04-26","8.471","Complete","Good",""
"http://environment.data.gov.uk/hydrology/id/measures/585e49e0-7070-4d85-9c52-ccd18a5a1e65-flow-m-86400-m3s-qualified","2024-04-27T09:00:00","2024-04-27","12.59","Complete","Good",""
"http://environment.data.gov.uk/hydrology/id/measures/585e49e0-7070-4d85-9c52-ccd18a5a1e65-flow-m-86400-m3s-qualified","2024-04-28T09:00:00","2024-04-28","38.166","Complete","Good",""
"http://environment.data.gov.uk/hydrology/id/measures/585e49e0-7070-4d85-9c52-ccd18a5a1e65-flow-m-86400-m3s-qualified","2024-04-29T09:00:00","2024-04-29","22.46","Complete","Good",""
"http://environment.data.gov.uk/hydrology/id/measures/585e49e0-7070-4d85-9c52-ccd18a5a1e65-flow-m-86400-m3s-qualified","2024-04-30T09:00:00","2024-04-30","13.6","Complete","Good",""
"http://environment.data.gov.uk/hydrology/id/measures/585e49e0-7070-4d85-9c52-ccd18a5a1e65-flow-m-86400-m3s-qualified","2024-05-01T09:00:00","2024-05-01","12.648","Complete","Good",""
"http://environment.data.gov.uk/hydrology/id/measures/585e49e0-7070-4d85-9c52-ccd18a5a1e65-flow-m-86400-m3s-qualified","2024-05-02T09:00:00","2024-05-02","17.438","Complete","Good",""
"http://environment.data.gov.uk/hydrology/id/measures/585e49e0-7070-4d85-9c52-ccd18a5a1e65-flow-m-86400-m3s-qualified","2024-05-03T09:00:00","2024-05-03","13.639","Complete","Good",""
"http://environment.data.gov.uk/hydrology/id/measures/585e49e0-7070-4d85-9c52-ccd18a5a1e65-flow-m-86400-m3s-qualified","2024-05-04T09:00:00","2024-05-04","12.526","Complete","Good",""
"http://environment.data.gov.uk/hydrology/id/measures/585e49e0-7070-4d85-9c52-ccd18a5a1e65-flow-m-86400-m3s-qualified","2024-05-05T09:00:00","2024-05-05","10.565","Complete","Good",""
"http://environment.data.gov.uk/hydrology/id/measures/585e49e0-7070-4d85-9c52-ccd18a5a1e65-flow-m-86400-m3s-qualified","2024-05-06T09:00:00","2024-05-06","10.227","Complete","Good",""
"http://environment.data.gov.uk/hydrology/id/measures/585e49e0-7070-4d85-9c52-ccd18a5a1e65-flow-m-86400-m3s-qualified","2024-05-07T09:00:00","2024-05-07","10.076","Complete","Good",""
"http://environment.data.gov.uk/hydrology/id/measures/585e49e0-7070-4d85-9c52-ccd18a5a1e65-flow-m-86400-m3s-qualified","2024-05-08T09:00:00","2024-05-08","9.225","Complete","Good",""
"http://environment.data.gov.uk/hydrology/id/measures/585e49e0-7070-4d85-9c52-ccd18a5a1e65-flow-m-86400-m3s-qualified","2024-05-09T09:00:00","2024-05-09","8.481","Complete","Good",""
"http://environment.data.gov.uk/hydrology/id/measures/585e49e0-7070-4d85-9c52-ccd18a5a1e65-flow-m-86400-m3s-qualified","2024-05-10T09:00:00","2024-05-10","8.01","Complete","Good",""
"http://environment.data.gov.uk/hydrology/id/measures/585e49e0-7070-4d85-9c52-ccd18a5a1e65-flow-m-86400-m3s-qualified","2024-05-11T09:00:00","2024-05-11","7.653","Complete","Good",""
"http://environment.data.gov.uk/hydrology/id/measures/585e49e0-7070-4d85-9c52-ccd18a5a1e65-flow-m-86400-m3s-qualified","2024-05-12T09:00:00","2024-05-12","7.367","Complete","Good",""
"http://environment.data.gov.uk/hydrology/id/measures/585e49e0-7070-4d85-9c52-ccd18a5a1e65-flow-m-86400-m3s-qualified","2024-05-13T09:00:00","2024-05-13","7.743","Complete","Good",""
"http://environment.data.gov.uk/hydrology/id/measures/585e49e0-7070-4d85-9c52-ccd18a5a1e65-flow-m-86400-m3s-qualified","2024-05-14T09:00:00","2024-05-14","8.903","Complete","Good",""
"http://environment.data.gov.uk/hydrology/id/measures/585e49e0-7070-4d85-9c52-ccd18a5a1e65-flow-m-86400-m3s-qualified","2024-05-15T09:00:00","2024-05-15","7.627","Complete","Good",""
"http://environment.data.gov.uk/hydrology/id/measures/585e49e0-7070-4d85-9c52-ccd18a5a1e65-flow-m-86400-m3s-qualified","2024-05-16T09:00:00","2024-05-16","6.629","Complete","Good",""
"http://environment.data.gov.uk/hydrology/id/measures/585e49e0-7070-4d85-9c52-ccd18a5a1e65-flow-m-86400-m3s-qualified","2024-05-17T09:00:00","2024-05-17","6.566","Complete","Good",""
"http://environment.data.gov.uk/hydrology/id/measures/585e49e0-7070-4d85-9c52-ccd18a5a1e65-flow-m-86400-m3s-qualified","2024-05-18T09:00:00","2024-05-18","6.275","Complete","Good",""
"http://environment.data.gov.uk/hydrology/id/measures/585e49e0-7070-4d85-9c52-ccd18a5a1e65-flow-m-86400-m3s-qualified","2024-05-19T09:00:00","2024-05-19","6.063","Complete","Good",""
"http://environment.data.gov.uk/hydrology/id/measures/585e49e0-7070-4d85-9c52-ccd18a5a1e65-flow-m-86400-m3s-qualified","2024-05-20T09:00:00","2024-05-20","5.775","Complete","Good",""
"http://environment.data.gov.uk/hydrology/id/measures/585e49e0-7070-4d85-9c52-ccd18a5a1e65-flow-m-86400-m3s-qualified","2024-05-21T09:00:00","2024-05-21","6.096","Complete","Good",""
"http://environment.data.gov.uk/hydrology/id/measures/585e49e0-7070-4d85-9c52-ccd18a5a1e65-flow-m-86400-m3s-qualified","2024-05-22T09:00:00","2024-05-22","8.786","Complete","Good",""
"http://environment.data.gov.uk/hydrology/id/measures/585e49e0-7070-4d85-9c52-ccd18a5a1e65-flow-m-86400-m3s-qualified","2024-05-23T09:00:00","2024-05-23","8.672","Complete","Good",""
"http://environment.data.gov.uk/hydrology/id/measures/585e49e0-7070-4d85-9c52-ccd18a5a1e65-flow-m-86400-m3s-qualified","2024-05-24T09:00:00","2024-05-24","6.23","Complete","Good",""
"http://environment.data.gov.uk/hydrology/id/measures/585e49e0-7070-4d85-9c52-ccd18a5a1e65-flow-m-86400-m3s-qualified","2024-05-25T09:00:00","2024-05-25","6.259","Complete","Good",""
"http://environment.data.gov.uk/hydrology/id/measures/585e49e0-7070-4d85-9c52-ccd18a5a1e65-flow-m-86400-m3s-qualified","2024-05-26T09:00:00","2024-05-26","8.412","Complete","Good",""
"http://environment.data.gov.uk/hydrology/id/measures/585e49e0-7070-4d85-9c52-ccd18a5a1e65-flow-m-86400-m3s-qualified","2024-05-27T09:00:00","2024-05-27","8.003","Complete","Good",""
"http://environment.data.gov.uk/hydrology/id/measures/585e49e0-7070-4d85-9c52-ccd18a5a1e65-flow-m-86400-m3s-qualified","2024-05-28T09:00:00","2024-05-28","8.429","Complete","Good",""
"http://environment.data.gov.uk/hydrology/id/measures/585e49e0-7070-4d85-9c52-ccd18a5a1e65-flow-m-86400-m3s-qualified","2024-05-29T09:00:00","2024-05-29","9.931","Complete","Good",""
"http://environment.data.gov.uk/hydrology/id/measures/585e49e0-7070-4d85-9c52-ccd18a5a1e65-flow-m-86400-m3s-qualified","2024-05-30T09:00:00","2024-05-30","7.329","Complete","Good",""
"http://environment.data.gov.uk/hydrology/id/measures/585e49e0-7070-4d85-9c52-ccd18a5a1e65-flow-m-86400-m3s-qualified","2024-05-31T09:00:00","2024-05-31","6.183","Complete","Good",""
"http://environment.data.gov.uk/hydrology/id/measures/585e49e0-7070-4d85-9c52-ccd18a5a1e65-flow-m-86400-m3s-qualified","2024-06-01T09:00:00","2024-06-01","5.561","Complete","Good",""
"http://environment.data.gov.uk/hydrology/id/measures/585e49e0-7070-4d85-9c52-ccd18a5a1e65-flow-m-86400-m3s-qualified","2024-06-02T09:00:00","2024-06-02","5.229","Complete","Good",""
"http://environment.data.gov.uk/hydrology/id/measures/585e49e0-7070-4d85-9c52-ccd18a5a1e65-flow-m-86400-m3s-qualified","2024-06-03T09:00:00","2024-06-03","5.131","Complete","Good",""
"http://environment.data.gov.uk/hydrology/id/measures/585e49e0-7070-4d85-9c52-ccd18a5a1e65-flow-m-86400-m3s-qualified","2024-06-04T09:00:00","2024-06-04","4.808","Complete","Good",""
"http://environment.data.gov.uk/hydrology/id/measures/585e49e0-7070-4d85-9c52-ccd18a5a1e65-flow-m-86400-m3s-qualified","2024-06-05T09:00:00","2024-06-05","4.844","Complete","Good",""
"http://environment.data.gov.uk/hydrology/id/measures/585e49e0-7070-4d85-9c52-ccd18a5a1e65-flow-m-86400-m3s-qualified","2024-06-06T09:00:00","2024-06-06","4.626","Complete","Good",""
"http://environment.data.gov.uk/hydrology/id/measures/585e49e0-7070-4d85-9c52-ccd18a5a1e65-flow-m-86400-m3s-qualified","2024-06-07T09:00:00","2024-06-07","4.365","Complete","Good",""
"http://environment.data.gov.uk/hydrology/id/measures/585e49e0-7070-4d85-9c52-ccd18a5a1e65-flow-m-86400-m3s-qualified","2024-06-08T09:00:00","2024-06-08","4.252","Complete","Good",""
"http://environment.data.gov.uk/hydrology/id/measures/585e49e0-7070-4d85-9c52-ccd18a5a1e65-flow-m-86400-m3s-qualified","2024-06-09T09:00:00","2024-06-09","4.133","Complete","Good",""
"http://environment.data.gov.uk/hydrology/id/measures/585e49e0-7070-4d85-9c52-ccd18a5a1e65-flow-m-86400-m3s-qualified","2024-06-10T09:00:00","2024-06-10","4.383","Complete","Good",""
"http://environment.data.gov.uk/hydrology/id/measures/585e49e0-7070-4d85-9c52-ccd18a5a1e65-flow-m-86400-m3s-qualified","2024-06-11T09:00:00","2024-06-11","3.995","Complete","Good",""
"http://environment.data.gov.uk/hydrology/id/measures/585e49e0-7070-4d85-9c52-ccd18a5a1e65-flow-m-86400-m3s-qualified","2024-06-12T09:00:00","2024-06-12","4.087","Complete","Good",""
"http://environment.data.gov.uk/hydrology/id/measures/585e49e0-7070-4d85-9c52-ccd18a5a1e65-flow-m-86400-m3s-qualified","2024-06-13T09:00:00","2024-06-13","3.794","Complete","Good",""
"http://environment.data.gov.uk/hydrology/id/measures/585e49e0-7070-4d85-9c52-ccd18a5a1e65-flow-m-86400-m3s-qualified","2024-06-14T09:00:00","2024-06-14","5.192","Complete","Good",""
"http://environment.data.gov.uk/hydrology/id/measures/585e49e0-7070-4d85-9c52-ccd18a5a1e65-flow-m-86400-m3s-qualified","2024-06-15T09:00:00","2024-06-15","5.887","Complete","Good",""
"http://environment.data.gov.uk/hydrology/id/measures/585e49e0-7070-4d85-9c52-ccd18a5a1e65-flow-m-86400-m3s-qualified","2024-06-16T09:00:00","2024-06-16","4.81","Complete","Good",""
"http://environment.data.gov.uk/hydrology/id/measures/585e49e0-7070-4d85-9c52-ccd18a5a1e65-flow-m-86400-m3s-qualified","2024-06-17T09:00:00","2024-06-17","4.17","Complete","Good",""
"http://environment.data.gov.uk/hydrology/id/measures/585e49e0-7070-4d85-9c52-ccd18a5a1e65-flow-m-86400-m3s-qualified","2024-06-18T09:00:00","2024-06-18","3.872","Complete","Good",""
"http://environment.data.gov.uk/hydrology/id/measures/585e49e0-7070-4d85-9c52-ccd18a5a1e65-flow-m-86400-m3s-qualified","2024-06-19T09:00:00","2024-06-19","3.585","Complete","Good",""
"http://environment.data.gov.uk/hydrology/id/measures/585e49e0-7070-4d85-9c52-ccd18a5a1e65-flow-m-86400-m3s-qualified","2024-06-20T09:00:00","2024-06-20","3.61","Complete","Good",""
"http://environment.data.gov.uk/hydrology/id/measures/585e49e0-7070-4d85-9c52-ccd18a5a1e65-flow-m-86400-m3s-qualified","2024-06-21T09:00:00","2024-06-21","3.397","Complete","Good",""
"http://environment.data.gov.uk/hydrology/id/measures/585e49e0-7070-4d85-9c52-ccd18a5a1e65-flow-m-86400-m3s-qualified","2024-06-22T09:00:00","2024-06-22","3.329","Complete","Good",""
"http://environment.data.gov.uk/hydrology/id/measures/585e49e0-7070-4d85-9c52-ccd18a5a1e65-flow-m-86400-m3s-qualified","2024-06-23T09:00:00","2024-06-23","3.297","Complete","Good",""
"http://environment.data.gov.uk/hydrology/id/measures/585e49e0-7070-4d85-9c52-ccd18a5a1e65-flow-m-86400-m3s-qualified","2024-06-24T09:00:00","2024-06-24","3.401","Complete","Good",""
"http://environment.data.gov.uk/hydrology/id/measures/585e49e0-7070-4d85-9c52-ccd18a5a1e65-flow-m-86400-m3s-qualified","2024-06-25T09:00:00","2024-06-25","3.492","Complete","Good",""
"http://environment.data.gov.uk/hydrology/id/measures/585e49e0-7070-4d85-9c52-ccd18a5a1e65-flow-m-86400-m3s-qualified","2024-06-26T09:00:00","2024-06-26","3.269","Complete","Good",""
"http://environment.data.gov.uk/hydrology/id/measures/585e49e0-7070-4d85-9c52-ccd18a5a1e65-flow-m-86400-m3s-qualified","2024-06-27T09:00:00","2024-06-27","2.712","Complete","Good",""
"http://environment.data.gov.uk/hydrology/id/measures/585e49e0-7070-4d85-9c52-ccd18a5a1e65-flow-m-86400-m3s-qualified","2024-06-28T09:00:00","2024-06-28","2.821","Complete","Good",""
"http://environment.data.gov.uk/hydrology/id/measures/585e49e0-7070-4d85-9c52-ccd18a5a1e65-flow-m-86400-m3s-qualified","2024-06-29T09:00:00","2024-06-29","3.188","Complete","Good",""
"http://environment.data.gov.uk/hydrology/id/measures/585e49e0-7070-4d85-9c52-ccd18a5a1e65-flow-m-86400-m3s-qualified","2024-06-30T09:00:00","2024-06-30","2.916","Complete","Good",""
"http://environment.data.gov.uk/hydrology/id/measures/585e49e0-7070-4d85-9c52-ccd18a5a1e65-flow-m-86400-m3s-qualified","2024-07-01T09:00:00","2024-07-01","2.735","Complete","Good",""
"http://environment.data.gov.uk/hydrology/id/measures/585e49e0-7070-4d85-9c52-ccd18a5a1e65-flow-m-86400-m3s-qualified","2024-07-02T09:00:00","2024-07-02","2.857","Complete","Good",""
"http://environment.data.gov.uk/hydrology/id/measures/585e49e0-7070-4d85-9c52-ccd18a5a1e65-flow-m-86400-m3s-qualified","2024-07-03T09:00:00","2024-07-03","2.52","Complete","Good",""
"http://environment.data.gov.uk/hydrology/id/measures/585e49e0-7070-4d85-9c52-ccd18a5a1e65-flow-m-86400-m3s-qualified","2024-07-04T09:00:00","2024-07-04","2.444","Complete","Good",""
"http://environment.data.gov.uk/hydrology/id/measures/585e49e0-7070-4d85-9c52-ccd18a5a1e65-flow-m-86400-m3s-qualified","2024-07-05T09:00:00","2024-07-05","4.214","Complete","Good",""
"http://environment.data.gov.uk/hydrology/id/measures/585e49e0-7070-4d85-9c52-ccd18a5a1e65-flow-m-86400-m3s-qualified","2024-07-06T09:00:00","2024-07-06","6.602","Complete","Good",""
"http://environment.data.gov.uk/hydrology/id/measures/585e49e0-7070-4d85-9c52-ccd18a5a1e65-flow-m-86400-m3s-qualified","2024-07-07T09:00:00","2024-07-07","5.016","Complete","Good",""
"http://environment.data.gov.uk/hydrology/id/measures/585e49e0-7070-4d85-9c52-ccd18a5a1e65-flow-m-86400-m3s-qualified","2024-07-08T09:00:00","2024-07-08","4.78","Complete","Good",""
"http://environment.data.gov.uk/hydrology/id/measures/585e49e0-7070-4d85-9c52-ccd18a5a1e65-flow-m-86400-m3s-qualified","2024-07-09T09:00:00","2024-07-09","6.55","Complete","Good",""
"http://environment.data.gov.uk/hydrology/id/measures/585e49e0-7070-4d85-9c52-ccd18a5a1e65-flow-m-86400-m3s-qualified","2024-07-10T09:00:00","2024-07-10","5.672","Complete","Good",""
"http://environment.data.gov.uk/hydrology/id/measures/585e49e0-7070-4d85-9c52-ccd18a5a1e65-flow-m-86400-m3s-qualified","2024-07-11T09:00:00","2024-07-11","4.291","Complete","Good",""
"http://environment.data.gov.uk/hydrology/id/measures/585e49e0-7070-4d85-9c52-ccd18a5a1e65-flow-m-86400-m3s-qualified","2024-07-12T09:00:00","2024-07-12","3.526","Complete","Good",""
"http://environment.data.gov.uk/hydrology/id/measures/585e49e0-7070-4d85-9c52-ccd18a5a1e65-flow-m-86400-m3s-qualified","2024-07-13T09:00:00","2024-07-13","3.379","Complete","Good",""
"http://environment.data.gov.uk/hydrology/id/measures/585e49e0-7070-4d85-9c52-ccd18a5a1e65-flow-m-86400-m3s-qualified","2024-07-14T09:00:00","2024-07-14","3.264","Complete","Good",""
"http://environment.data.gov.uk/hydrology/id/measures/585e49e0-7070-4d85-9c52-ccd18a5a1e65-flow-m-86400-m3s-qualified","2024-07-15T09:00:00","2024-07-15","4.599","Complete","Good",""
"http://environment.data.gov.uk/hydrology/id/measures/585e49e0-7070-4d85-9c52-ccd18a5a1e65-flow-m-86400-m3s-qualified","2024-07-16T09:00:00","2024-07-16","5.158","Complete","Good",""
"http://environment.data.gov.uk/hydrology/id/measures/585e49e0-7070-4d85-9c52-ccd18a5a1e65-flow-m-86400-m3s-qualified","2024-07-17T09:00:00","2024-07-17","4.246","Complete","Good",""
"http://environment.data.gov.uk/hydrology/id/measures/585e49e0-7070-4d85-9c52-ccd18a5a1e65-flow-m-86400-m3s-qualified","2024-07-18T09:00:00","2024-07-18","3.406","Complete","Good",""
"http://environment.data.gov.uk/hydrology/id/measures/585e49e0-7070-4d85-9c52-ccd18a5a1e65-flow-m-86400-m3s-qualified","2024-07-19T09:00:00","2024-07-19","3.377","Complete","Good",""
"http://environment.data.gov.uk/hydrology/id/measures/585e49e0-7070-4d85-9c52-ccd18a5a1e65-flow-m-86400-m3s-qualified","2024-07-20T09:00:00","2024-07-20","3.092","Complete","Good",""
"http://environment.data.gov.uk/hydrology/id/measures/585e49e0-7070-4d85-9c52-ccd18a5a1e65-flow-m-86400-m3s-qualified","2024-07-21T09:00:00","2024-07-21","3.025","Complete","Good",""
"http://environment.data.gov.uk/hydrology/id/measures/585e49e0-7070-4d85-9c52-ccd18a5a1e65-flow-m-86400-m3s-qualified","2024-07-22T09:00:00","2024-07-22","2.624","Complete","Good",""
"http://environment.data.gov.uk/hydrology/id/measures/585e49e0-7070-4d85-9c52-ccd18a5a1e65-flow-m-86400-m3s-qualified","2024-07-23T09:00:00","2024-07-23","2.68","Complete","Good",""
"http://environment.data.gov.uk/hydrology/id/measures/585e49e0-7070-4d85-9c52-ccd18a5a1e65-flow-m-86400-m3s-qualified","2024-07-24T09:00:00","2024-07-24","2.531","Complete","Good",""
"http://environment.data.gov.uk/hydrology/id/measures/585e49e0-7070-4d85-9c52-ccd18a5a1e65-flow-m-86400-m3s-qualified","2024-07-25T09:00:00","2024-07-25","2.641","Complete","Good",""
"http://environment.data.gov.uk/hydrology/id/measures/585e49e0-7070-4d85-9c52-ccd18a5a1e65-flow-m-86400-m3s-qualified","2024-07-26T09:00:00","2024-07-26","2.738","Complete","Good",""
"http://environment.data.gov.uk/hydrology/id/measures/585e49e0-7070-4d85-9c52-ccd18a5a1e65-flow-m-86400-m3s-qualified","2024-07-27T09:00:00","2024-07-27","2.504","Complete","Good",""
"http://environment.data.gov.uk/hydrology/id/measures/585e49e0-7070-4d85-9c52-ccd18a5a1e65-flow-m-86400-m3s-qualified","2024-07-28T09:00:00","2024-07-28","2.602","Complete","Good",""
"http://environment.data.gov.uk/hydrology/id/measures/585e49e0-7070-4d85-9c52-ccd18a5a1e65-flow-m-86400-m3s-qualified","2024-07-29T09:00:00","2024-07-29","2.825","Complete","Good",""
"http://environment.data.gov.uk/hydrology/id/measures/585e49e0-7070-4d85-9c52-ccd18a5a1e65-flow-m-86400-m3s-qualified","2024-07-30T09:00:00","2024-07-30","2.815","Complete","Good",""
"http://environment.data.gov.uk/hydrology/id/measures/585e49e0-7070-4d85-9c52-ccd18a5a1e65-flow-m-86400-m3s-qualified","2024-07-31T09:00:00","2024-07-31","2.865","Complete","Good",""
"http://environment.data.gov.uk/hydrology/id/measures/585e49e0-7070-4d85-9c52-ccd18a5a1e65-flow-m-86400-m3s-qualified","2024-08-01T09:00:00","2024-08-01","2.05","Complete","Good",""
"http://environment.data.gov.uk/hydrology/id/measures/585e49e0-7070-4d85-9c52-ccd18a5a1e65-flow-m-86400-m3s-qualified","2024-08-02T09:00:00","2024-08-02","2.175","Complete","Good",""
"http://environment.data.gov.uk/hydrology/id/measures/585e49e0-7070-4d85-9c52-ccd18a5a1e65-flow-m-86400-m3s-qualified","2024-08-03T09:00:00","2024-08-03","2.132","Complete","Good",""
"http://environment.data.gov.uk/hydrology/id/measures/585e49e0-7070-4d85-9c52-ccd18a5a1e65-flow-m-86400-m3s-qualified","2024-08-04T09:00:00","2024-08-04","2.022","Complete","Good",""
"http://environment.data.gov.uk/hydrology/id/measures/585e49e0-7070-4d85-9c52-ccd18a5a1e65-flow-m-86400-m3s-qualified","2024-08-05T09:00:00","2024-08-05","1.892","Complete","Good",""
"http://environment.data.gov.uk/hydrology/id/measures/585e49e0-7070-4d85-9c52-ccd18a5a1e65-flow-m-86400-m3s-qualified","2024-08-06T09:00:00","2024-08-06","2.22","Complete","Good",""
"http://environment.data.gov.uk/hydrology/id/measures/585e49e0-7070-4d85-9c52-ccd18a5a1e65-flow-m-86400-m3s-qualified","2024-08-07T09:00:00","2024-08-07","2.123","Complete","Good",""
"http://environment.data.gov.uk/hydrology/id/measures/585e49e0-7070-4d85-9c52-ccd18a5a1e65-flow-m-86400-m3s-qualified","2024-08-08T09:00:00","2024-08-08","1.853","Complete","Good",""
"http://environment.data.gov.uk/hydrology/id/measures/585e49e0-7070-4d85-9c52-ccd18a5a1e65-flow-m-86400-m3s-qualified","2024-08-09T09:00:00","2024-08-09","2.091","Complete","Good",""
"http://environment.data.gov.uk/hydrology/id/measures/585e49e0-7070-4d85-9c52-ccd18a5a1e65-flow-m-86400-m3s-qualified","2024-08-10T09:00:00","2024-08-10","2.094","Complete","Good",""
"http://environment.data.gov.uk/hydrology/id/measures/585e49e0-7070-4d85-9c52-ccd18a5a1e65-flow-m-86400-m3s-qualified","2024-08-11T09:00:00","2024-08-11","2.611","Complete","Good",""
"http://environment.data.gov.uk/hydrology/id/measures/585e49e0-7070-4d85-9c52-ccd18a5a1e65-flow-m-86400-m3s-qualified","2024-08-12T09:00:00","2024-08-12","1.824","Complete","Good",""
"http://environment.data.gov.uk/hydrology/id/measures/585e49e0-7070-4d85-9c52-ccd18a5a1e65-flow-m-86400-m3s-qualified","2024-08-13T09:00:00","2024-08-13","2.051","Complete","Good",""
"http://environment.data.gov.uk/hydrology/id/measures/585e49e0-7070-4d85-9c52-ccd18a5a1e65-flow-m-86400-m3s-qualified","2024-08-14T09:00:00","2024-08-14","2.33","Complete","Good",""
"http://environment.data.gov.uk/hydrology/id/measures/585e49e0-7070-4d85-9c52-ccd18a5a1e65-flow-m-86400-m3s-qualified","2024-08-15T09:00:00","2024-08-15","1.982","Complete","Good",""
"http://environment.data.gov.uk/hydrology/id/measures/585e49e0-7070-4d85-9c52-ccd18a5a1e65-flow-m-86400-m3s-qualified","2024-08-16T09:00:00","2024-08-16","2.377","Complete","Good",""
"http://environment.data.gov.uk/hydrology/id/measures/585e49e0-7070-4d85-9c52-ccd18a5a1e65-flow-m-86400-m3s-qualified","2024-08-17T09:00:00","2024-08-17","2.252","Complete","Good",""
"http://environment.data.gov.uk/hydrology/id/measures/585e49e0-7070-4d85-9c52-ccd18a5a1e65-flow-m-86400-m3s-qualified","2024-08-18T09:00:00","2024-08-18","1.875","Complete","Good",""
"http://environment.data.gov.uk/hydrology/id/measures/585e49e0-7070-4d85-9c52-ccd18a5a1e65-flow-m-86400-m3s-qualified","2024-08-19T09:00:00","2024-08-19","1.9","Complete","Good",""
"http://environment.data.gov.uk/hydrology/id/measures/585e49e0-7070-4d85-9c52-ccd18a5a1e65-flow-m-86400-m3s-qualified","2024-08-20T09:00:00","2024-08-20","1.84","Complete","Good",""
"http://environment.data.gov.uk/hydrology/id/measures/585e49e0-7070-4d85-9c52-ccd18a5a1e65-flow-m-86400-m3s-qualified","2024-08-21T09:00:00","2024-08-21","1.818","Complete","Good",""
"http://environment.data.gov.uk/hydrology/id/measures/585e49e0-7070-4d85-9c52-ccd18a5a1e65-flow-m-86400-m3s-qualified","2024-08-22T09:00:00","2024-08-22","1.713","Complete","Good",""
"http://environment.data.gov.uk/hydrology/id/measures/585e49e0-7070-4d85-9c52-ccd18a5a1e65-flow-m-86400-m3s-qualified","2024-08-23T09:00:00","2024-08-23","2.239","Complete","Good",""
"http://environment.data.gov.uk/hydrology/id/measures/585e49e0-7070-4d85-9c52-ccd18a5a1e65-flow-m-86400-m3s-qualified","2024-08-24T09:00:00","2024-08-24","5.046","Complete","Good",""
"http://environment.data.gov.uk/hydrology/id/measures/585e49e0-7070-4d85-9c52-ccd18a5a1e65-flow-m-86400-m3s-qualified","2024-08-25T09:00:00","2024-08-25","3.272","Complete","Good",""
"http://environment.data.gov.uk/hydrology/id/measures/585e49e0-7070-4d85-9c52-ccd18a5a1e65-flow-m-86400-m3s-qualified","2024-08-26T09:00:00","2024-08-26","2.551","Complete","Good",""
"http://environment.data.gov.uk/hydrology/id/measures/585e49e0-7070-4d85-9c52-ccd18a5a1e65-flow-m-86400-m3s-qualified","2024-08-27T09:00:00","2024-08-27","2.106","Complete","Good",""
"http://environment.data.gov.uk/hydrology/id/measures/585e49e0-7070-4d85-9c52-ccd18a5a1e65-flow-m-86400-m3s-qualified","2024-08-28T09:00:00","2024-08-28","2.182","Complete","Good",""
"http://environment.data.gov.uk/hydrology/id/measures/585e49e0-7070-4d85-9c52-ccd18a5a1e65-flow-m-86400-m3s-qualified","2024-08-29T09:00:00","2024-08-29","1.994","Complete","Good",""
"http://environment.data.gov.uk/hydrology/id/measures/585e49e0-7070-4d85-9c52-ccd18a5a1e65-flow-m-86400-m3s-qualified","2024-08-30T09:00:00","2024-08-30","2.439","Complete","Good",""
"http://environment.data.gov.uk/hydrology/id/measures/585e49e0-7070-4d85-9c52-ccd18a5a1e65-flow-m-86400-m3s-qualified","2024-08-31T09:00:00","2024-08-31","2.084","Complete","Good",""
"http://environment.data.gov.uk/hydrology/id/measures/585e49e0-7070-4d85-9c52-ccd18a5a1e65-flow-m-86400-m3s-qualified","2024-09-01T09:00:00","2024-09-01","2.717","Complete","Good",""
"http://environment.data.gov.uk/hydrology/id/measures/585e49e0-7070-4d85-9c52-ccd18a5a1e65-flow-m-86400-m3s-qualified","2024-09-02T09:00:00","2024-09-02","2.438","Complete","Good",""
"http://environment.data.gov.uk/hydrology/id/measures/585e49e0-7070-4d85-9c52-ccd18a5a1e65-flow-m-86400-m3s-qualified","2024-09-03T09:00:00","2024-09-03","2.204","Complete","Good",""
"http://environment.data.gov.uk/hydrology/id/measures/585e49e0-7070-4d85-9c52-ccd18a5a1e65-flow-m-86400-m3s-qualified","2024-09-04T09:00:00","2024-09-04","2.223","Complete","Good",""
"http://environment.data.gov.uk/hydrology/id/measures/585e49e0-7070-4d85-9c52-ccd18a5a1e65-flow-m-86400-m3s-qualified","2024-09-05T09:00:00","2024-09-05","5.966","Complete","Good",""
"http://environment.data.gov.uk/hydrology/id/measures/585e49e0-7070-4d85-9c52-ccd18a5a1e65-flow-m-86400-m3s-qualified","2024-09-06T09:00:00","2024-09-06","10.624","Complete","Good",""
"http://environment.data.gov.uk/hydrology/id/measures/585e49e0-7070-4d85-9c52-ccd18a5a1e65-flow-m-86400-m3s-qualified","2024-09-07T09:00:00","2024-09-07","8.038","Complete","Good",""
"http://environment.data.gov.uk/hydrology/id/measures/585e49e0-7070-4d85-9c52-ccd18a5a1e65-flow-m-86400-m3s-qualified","2024-09-08T09:00:00","2024-09-08","7.916","Complete","Good",""
"http://environment.data.gov.uk/hydrology/id/measures/585e49e0-7070-4d85-9c52-ccd18a5a1e65-flow-m-86400-m3s-qualified","2024-09-09T09:00:00","2024-09-09","5.724","Complete","Good",""
"http://environment.data.gov.uk/hydrology/id/measures/585e49e0-7070-4d85-9c52-ccd18a5a1e65-flow-m-86400-m3s-qualified","2024-09-10T09:00:00","2024-09-10","4.038","Complete","Good",""
"http://environment.data.gov.uk/hydrology/id/measures/585e49e0-7070-4d85-9c52-ccd18a5a1e65-flow-m-86400-m3s-qualified","2024-09-11T09:00:00","2024-09-11","3.616","Complete","Good",""
"http://environment.data.gov.uk/hydrology/id/measures/585e49e0-7070-4d85-9c52-ccd18a5a1e65-flow-m-86400-m3s-qualified","2024-09-12T09:00:00","2024-09-12","3.19","Complete","Good",""
"http://environment.data.gov.uk/hydrology/id/measures/585e49e0-7070-4d85-9c52-ccd18a5a1e65-flow-m-86400-m3s-qualified","2024-09-13T09:00:00","2024-09-13","2.946","Complete","Good",""
"http://environment.data.gov.uk/hydrology/id/measures/585e49e0-7070-4d85-9c52-ccd18a5a1e65-flow-m-86400-m3s-qualified","2024-09-14T09:00:00","2024-09-14","2.492","Complete","Good",""
"http://environment.data.gov.uk/hydrology/id/measures/585e49e0-7070-4d85-9c52-ccd18a5a1e65-flow-m-86400-m3s-qualified","2024-09-15T09:00:00","2024-09-15","2.441","Complete","Good",""
"http://environment.data.gov.uk/hydrology/id/measures/585e49e0-7070-4d85-9c52-ccd18a5a1e65-flow-m-86400-m3s-qualified","2024-09-16T09:00:00","2024-09-16","2.605","Complete","Good",""
"http://environment.data.gov.uk/hydrology/id/measures/585e49e0-7070-4d85-9c52-ccd18a5a1e65-flow-m-86400-m3s-qualified","2024-09-17T09:00:00","2024-09-17","2.656","Complete","Good",""
"http://environment.data.gov.uk/hydrology/id/measures/585e49e0-7070-4d85-9c52-ccd18a5a1e65-flow-m-86400-m3s-qualified","2024-09-18T09:00:00","2024-09-18","2.671","Complete","Good",""
"http://environment.data.gov.uk/hydrology/id/measures/585e49e0-7070-4d85-9c52-ccd18a5a1e65-flow-m-86400-m3s-qualified","2024-09-19T09:00:00","2024-09-19","2.593","Complete","Good",""
"http://environment.data.gov.uk/hydrology/id/measures/585e49e0-7070-4d85-9c52-ccd18a5a1e65-flow-m-86400-m3s-qualified","2024-09-20T09:00:00","2024-09-20","2.424","Complete","Good",""
"http://environment.data.gov.uk/hydrology/id/measures/585e49e0-7070-4d85-9c52-ccd18a5a1e65-flow-m-86400-m3s-qualified","2024-09-21T09:00:00","2024-09-21","3.323","Complete","Good",""
"http://environment.data.gov.uk/hydrology/id/measures/585e49e0-7070-4d85-9c52-ccd18a5a1e65-flow-m-86400-m3s-qualified","2024-09-22T09:00:00","2024-09-22","11.463","Complete","Good",""
"http://environment.data.gov.uk/hydrology/id/measures/585e49e0-7070-4d85-9c52-ccd18a5a1e65-flow-m-86400-m3s-qualified","2024-09-23T09:00:00","2024-09-23","48.395","Complete","Good",""
"http://environment.data.gov.uk/hydrology/id/measures/585e49e0-7070-4d85-9c52-ccd18a5a1e65-flow-m-86400-m3s-qualified","2024-09-24T09:00:00","2024-09-24","81.325","Complete","Good",""
"http://environment.data.gov.uk/hydrology/id/measures/585e49e0-7070-4d85-9c52-ccd18a5a1e65-flow-m-86400-m3s-qualified","2024-09-25T09:00:00","2024-09-25","49.506","Complete","Good",""
"http://environment.data.gov.uk/hydrology/id/measures/585e49e0-7070-4d85-9c52-ccd18a5a1e65-flow-m-86400-m3s-qualified","2024-09-26T09:00:00","2024-09-26","39.907","Complete","Good",""
"http://environment.data.gov.uk/hydrology/id/measures/585e49e0-7070-4d85-9c52-ccd18a5a1e65-flow-m-86400-m3s-qualified","2024-09-27T09:00:00","2024-09-27","39.404","Complete","Good",""
"http://environment.data.gov.uk/hydrology/id/measures/585e49e0-7070-4d85-9c52-ccd18a5a1e65-flow-m-86400-m3s-qualified","2024-09-28T09:00:00","2024-09-28","31.545","Complete","Good",""
"http://environment.data.gov.uk/hydrology/id/measures/585e49e0-7070-4d85-9c52-ccd18a5a1e65-flow-m-86400-m3s-qualified","2024-09-29T09:00:00","2024-09-29","21.821","Complete","Good",""
"http://environment.data.gov.uk/hydrology/id/measures/585e49e0-7070-4d85-9c52-ccd18a5a1e65-flow-m-86400-m3s-qualified","2024-09-30T09:00:00","2024-09-30","38.157","Complete","Good",""
"http://environment.data.gov.uk/hydrology/id/measures/585e49e0-7070-4d85-9c52-ccd18a5a1e65-flow-m-86400-m3s-qualified","2024-10-01T09:00:00","2024-10-01","32.235","Complete","Good",""
"http://environment.data.gov.uk/hydrology/id/measures/585e49e0-7070-4d85-9c52-ccd18a5a1e65-flow-m-86400-m3s-qualified","2024-10-02T09:00:00","2024-10-02","20.81","Complete","Good",""
"http://environment.data.gov.uk/hydrology/id/measures/585e49e0-7070-4d85-9c52-ccd18a5a1e65-flow-m-86400-m3s-qualified","2024-10-03T09:00:00","2024-10-03","16.507","Complete","Good",""
"http://environment.data.gov.uk/hydrology/id/measures/585e49e0-7070-4d85-9c52-ccd18a5a1e65-flow-m-86400-m3s-qualified","2024-10-04T09:00:00","2024-10-04","13.77","Complete","Good",""
"http://environment.data.gov.uk/hydrology/id/measures/585e49e0-7070-4d85-9c52-ccd18a5a1e65-flow-m-86400-m3s-qualified","2024-10-05T09:00:00","2024-10-05","12.024","Complete","Good",""
"http://environment.data.gov.uk/hydrology/id/measures/585e49e0-7070-4d85-9c52-ccd18a5a1e65-flow-m-86400-m3s-qualified","2024-10-06T09:00:00","2024-10-06","12.325","Complete","Good",""
"http://environment.data.gov.uk/hydrology/id/measures/585e49e0-7070-4d85-9c52-ccd18a5a1e65-flow-m-86400-m3s-qualified","2024-10-07T09:00:00","2024-10-07","15.026","Complete","Good",""
"http://environment.data.gov.uk/hydrology/id/measures/585e49e0-7070-4d85-9c52-ccd18a5a1e65-flow-m-86400-m3s-qualified","2024-10-08T09:00:00","2024-10-08","39.674","Complete","Good",""
"http://environment.data.gov.uk/hydrology/id/measures/585e49e0-7070-4d85-9c52-ccd18a5a1e65-flow-m-86400-m3s-qualified","2024-10-09T09:00:00","2024-10-09","64.943","Complete","Good",""
"http://environment.data.gov.uk/hydrology/id/measures/585e49e0-7070-4d85-9c52-ccd18a5a1e65-flow-m-86400-m3s-qualified","2024-10-10T09:00:00","2024-10-10","54.353","Complete","Good",""
"http://environment.data.gov.uk/hydrology/id/measures/585e49e0-7070-4d85-9c52-ccd18a5a1e65-flow-m-86400-m3s-qualified","2024-10-11T09:00:00","2024-10-11","27.062","Complete","Good",""
"http://environment.data.gov.uk/hydrology/id/measures/585e49e0-7070-4d85-9c52-ccd18a5a1e65-flow-m-86400-m3s-qualified","2024-10-12T09:00:00","2024-10-12","20.154","Complete","Good",""
"http://environment.data.gov.uk/hydrology/id/measures/585e49e0-7070-4d85-9c52-ccd18a5a1e65-flow-m-86400-m3s-qualified","2024-10-13T09:00:00","2024-10-13","17.428","Complete","Good",""
"http://environment.data.gov.uk/hydrology/id/measures/585e49e0-7070-4d85-9c52-ccd18a5a1e65-flow-m-86400-m3s-qualified","2024-10-14T09:00:00","2024-10-14","33.665","Complete","Good",""
"http://environment.data.gov.uk/hydrology/id/measures/585e49e0-7070-4d85-9c52-ccd18a5a1e65-flow-m-86400-m3s-qualified","2024-10-15T09:00:00","2024-10-15","29.83","Complete","Good",""
"http://environment.data.gov.uk/hydrology/id/measures/585e49e0-7070-4d85-9c52-ccd18a5a1e65-flow-m-86400-m3s-qualified","2024-10-16T09:00:00","2024-10-16","34.636","Complete","Good",""
"http://environment.data.gov.uk/hydrology/id/measures/585e49e0-7070-4d85-9c52-ccd18a5a1e65-flow-m-86400-m3s-qualified","2024-10-17T09:00:00","2024-10-17","46.815","Complete","Good",""
"http://environment.data.gov.uk/hydrology/id/measures/585e49e0-7070-4d85-9c52-ccd18a5a1e65-flow-m-86400-m3s-qualified","2024-10-18T09:00:00","2024-10-18","33.749","Complete","Good",""
"http://environment.data.gov.uk/hydrology/id/measures/585e49e0-7070-4d85-9c52-ccd18a5a1e65-flow-m-86400-m3s-qualified","2024-10-19T09:00:00","2024-10-19","46.789","Complete","Good",""
"http://environment.data.gov.uk/hydrology/id/measures/585e49e0-7070-4d85-9c52-ccd18a5a1e65-flow-m-86400-m3s-qualified","2024-10-20T09:00:00","2024-10-20","54.556","Complete","Good",""
"http://environment.data.gov.uk/hydrology/id/measures/585e49e0-7070-4d85-9c52-ccd18a5a1e65-flow-m-86400-m3s-qualified","2024-10-21T09:00:00","2024-10-21","38.316","Complete","Good",""
"http://environment.data.gov.uk/hydrology/id/measures/585e49e0-7070-4d85-9c52-ccd18a5a1e65-flow-m-86400-m3s-qualified","2024-10-22T09:00:00","2024-10-22","25.852","Complete","Good",""
"http://environment.data.gov.uk/hydrology/id/measures/585e49e0-7070-4d85-9c52-ccd18a5a1e65-flow-m-86400-m3s-qualified","2024-10-23T09:00:00","2024-10-23","21.03","Complete","Good",""
"http://environment.data.gov.uk/hydrology/id/measures/585e49e0-7070-4d85-9c52-ccd18a5a1e65-flow-m-86400-m3s-qualified","2024-10-24T09:00:00","2024-10-24","18.729","Complete","Good",""
"http://environment.data.gov.uk/hydrology/id/measures/585e49e0-7070-4d85-9c52-ccd18a5a1e65-flow-m-86400-m3s-qualified","2024-10-25T09:00:00","2024-10-25","17.615","Complete","Good",""
"http://environment.data.gov.uk/hydrology/id/measures/585e49e0-7070-4d85-9c52-ccd18a5a1e65-flow-m-86400-m3s-qualified","2024-10-26T09:00:00","2024-10-26","15.777","Complete","Good",""
"http://environment.data.gov.uk/hydrology/id/measures/585e49e0-7070-4d85-9c52-ccd18a5a1e65-flow-m-86400-m3s-qualified","2024-10-27T09:00:00","2024-10-27","14.01","Complete","Good",""
"http://environment.data.gov.uk/hydrology/id/measures/585e49e0-7070-4d85-9c52-ccd18a5a1e65-flow-m-86400-m3s-qualified","2024-10-28T09:00:00","2024-10-28","12.91","Complete","Good",""
"http://environment.data.gov.uk/hydrology/id/measures/585e49e0-7070-4d85-9c52-ccd18a5a1e65-flow-m-86400-m3s-qualified","2024-10-29T09:00:00","2024-10-29","12.24","Complete","Good",""
"http://environment.data.gov.uk/hydrology/id/measures/585e49e0-7070-4d85-9c52-ccd18a5a1e65-flow-m-86400-m3s-qualified","2024-10-30T09:00:00","2024-10-30","11.344","Complete","Good",""
"http://environment.data.gov.uk/hydrology/id/measures/585e49e0-7070-4d85-9c52-ccd18a5a1e65-flow-m-86400-m3s-qualified","2024-10-31T09:00:00","2024-10-31","10.524","Complete","Good",""
"http://environment.data.gov.uk/hydrology/id/measures/585e49e0-7070-4d85-9c52-ccd18a5a1e65-flow-m-86400-m3s-qualified","2024-11-01T09:00:00","2024-11-01","10.082","Complete","Good",""
"http://environment.data.gov.uk/hydrology/id/measures/585e49e0-7070-4d85-9c52-ccd18a5a1e65-flow-m-86400-m3s-qualified","2024-11-02T09:00:00","2024-11-02","9.548","Complete","Good",""
"http://environment.data.gov.uk/hydrology/id/measures/585e49e0-7070-4d85-9c52-ccd18a5a1e65-flow-m-86400-m3s-qualified","2024-11-03T09:00:00","2024-11-03","9.083","Complete","Good",""
"http://environment.data.gov.uk/hydrology/id/measures/585e49e0-7070-4d85-9c52-ccd18a5a1e65-flow-m-86400-m3s-qualified","2024-11-04T09:00:00","2024-11-04","8.672","Complete","Good",""
"http://environment.data.gov.uk/hydrology/id/measures/585e49e0-7070-4d85-9c52-ccd18a5a1e65-flow-m-86400-m3s-qualified","2024-11-05T09:00:00","2024-11-05","8.373","Complete","Good",""
"http://environment.data.gov.uk/hydrology/id/measures/585e49e0-7070-4d85-9c52-ccd18a5a1e65-flow-m-86400-m3s-qualified","2024-11-06T09:00:00","2024-11-06","8.127","Complete","Good",""
"http://environment.data.gov.uk/hydrology/id/measures/585e49e0-7070-4d85-9c52-ccd18a5a1e65-flow-m-86400-m3s-qualified","2024-11-07T09:00:00","2024-11-07","7.865","Complete","Good",""
"http://environment.data.gov.uk/hydrology/id/measures/585e49e0-7070-4d85-9c52-ccd18a5a1e65-flow-m-86400-m3s-qualified","2024-11-08T09:00:00","2024-11-08","7.608","Complete","Good",""
"http://environment.data.gov.uk/hydrology/id/measures/585e49e0-7070-4d85-9c52-ccd18a5a1e65-flow-m-86400-m3s-qualified","2024-11-09T09:00:00","2024-11-09","7.339","Complete","Good",""
"http://environment.data.gov.uk/hydrology/id/measures/585e49e0-7070-4d85-9c52-ccd18a5a1e65-flow-m-86400-m3s-qualified","2024-11-10T09:00:00","2024-11-10","7.102","Complete","Good",""
"http://environment.data.gov.uk/hydrology/id/measures/585e49e0-7070-4d85-9c52-ccd18a5a1e65-flow-m-86400-m3s-qualified","2024-11-11T09:00:00","2024-11-11","6.742","Complete","Good",""
"http://environment.data.gov.uk/hydrology/id/measures/585e49e0-7070-4d85-9c52-ccd18a5a1e65-flow-m-86400-m3s-qualified","2024-11-12T09:00:00","2024-11-12","6.456","Complete","Good",""
"http://environment.data.gov.uk/hydrology/id/measures/585e49e0-7070-4d85-9c52-ccd18a5a1e65-flow-m-86400-m3s-qualified","2024-11-13T09:00:00","2024-11-13","6.274","Complete","Good",""
"http://environment.data.gov.uk/hydrology/id/measures/585e49e0-7070-4d85-9c52-ccd18a5a1e65-flow-m-86400-m3s-qualified","2024-11-14T09:00:00","2024-11-14","6.133","Complete","Good",""
"http://environment.data.gov.uk/hydrology/id/measures/585e49e0-7070-4d85-9c52-ccd18a5a1e65-flow-m-86400-m3s-qualified","2024-11-15T09:00:00","2024-11-15","6.073","Complete","Good",""
"http://environment.data.gov.uk/hydrology/id/measures/585e49e0-7070-4d85-9c52-ccd18a5a1e65-flow-m-86400-m3s-qualified","2024-11-16T09:00:00","2024-11-16","5.89","Complete","Good",""
"http://environment.data.gov.uk/hydrology/id/measures/585e49e0-7070-4d85-9c52-ccd18a5a1e65-flow-m-86400-m3s-qualified","2024-11-17T09:00:00","2024-11-17","6.065","Complete","Good",""
"http://environment.data.gov.uk/hydrology/id/measures/585e49e0-7070-4d85-9c52-ccd18a5a1e65-flow-m-86400-m3s-qualified","2024-11-18T09:00:00","2024-11-18","9.178","Complete","Good",""
"http://environment.data.gov.uk/hydrology/id/measures/585e49e0-7070-4d85-9c52-ccd18a5a1e65-flow-m-86400-m3s-qualified","2024-11-19T09:00:00","2024-11-19","23.964","Complete","Good",""
"http://environment.data.gov.uk/hydrology/id/measures/585e49e0-7070-4d85-9c52-ccd18a5a1e65-flow-m-86400-m3s-qualified","2024-11-20T09:00:00","2024-11-20","24.167","Complete","Good",""
"http://environment.data.gov.uk/hydrology/id/measures/585e49e0-7070-4d85-9c52-ccd18a5a1e65-flow-m-86400-m3s-qualified","2024-11-21T09:00:00","2024-11-21","14.974","Complete","Good",""
"http://environment.data.gov.uk/hydrology/id/measures/585e49e0-7070-4d85-9c52-ccd18a5a1e65-flow-m-86400-m3s-qualified","2024-11-22T09:00:00","2024-11-22","12.1","Complete","Good",""
"http://environment.data.gov.uk/hydrology/id/measures/585e49e0-7070-4d85-9c52-ccd18a5a1e65-flow-m-86400-m3s-qualified","2024-11-23T09:00:00","2024-11-23","25.305","Complete","Good",""
"http://environment.data.gov.uk/hydrology/id/measures/585e49e0-7070-4d85-9c52-ccd18a5a1e65-flow-m-86400-m3s-qualified","2024-11-24T09:00:00","2024-11-24","100.137","Complete","Good",""
"http://environment.data.gov.uk/hydrology/id/measures/585e49e0-7070-4d85-9c52-ccd18a5a1e65-flow-m-86400-m3s-qualified","2024-11-25T09:00:00","2024-11-25","212.344","Complete","Good",""
"http://environment.data.gov.uk/hydrology/id/measures/585e49e0-7070-4d85-9c52-ccd18a5a1e65-flow-m-86400-m3s-qualified","2024-11-26T09:00:00","2024-11-26","104.331","Complete","Good",""
"http://environment.data.gov.uk/hydrology/id/measures/585e49e0-7070-4d85-9c52-ccd18a5a1e65-flow-m-86400-m3s-qualified","2024-11-27T09:00:00","2024-11-27","57.163","Complete","Good",""
"http://environment.data.gov.uk/hydrology/id/measures/585e49e0-7070-4d85-9c52-ccd18a5a1e65-flow-m-86400-m3s-qualified","2024-11-28T09:00:00","2024-11-28","42.585","Complete","Good",""
"http://environment.data.gov.uk/hydrology/id/measures/585e49e0-7070-4d85-9c52-ccd18a5a1e65-flow-m-86400-m3s-qualified","2024-11-29T09:00:00","2024-11-29","29.663","Complete","Good",""
"http://environment.data.gov.uk/hydrology/id/measures/585e49e0-7070-4d85-9c52-ccd18a5a1e65-flow-m-86400-m3s-qualified","2024-11-30T09:00:00","2024-11-30","24.539","Complete","Good",""
"http://environment.data.gov.uk/hydrology/id/measures/585e49e0-7070-4d85-9c52-ccd18a5a1e65-flow-m-86400-m3s-qualified","2024-12-01T09:00:00","2024-12-01","24.526","Complete","Good",""
"http://environment.data.gov.uk/hydrology/id/measures/585e49e0-7070-4d85-9c52-ccd18a5a1e65-flow-m-86400-m3s-qualified","2024-12-02T09:00:00","2024-12-02","23.353","Complete","Good",""
"http://environment.data.gov.uk/hydrology/id/measures/585e49e0-7070-4d85-9c52-ccd18a5a1e65-flow-m-86400-m3s-qualified","2024-12-03T09:00:00","2024-12-03","19.749","Complete","Good",""
"http://environment.data.gov.uk/hydrology/id/measures/585e49e0-7070-4d85-9c52-ccd18a5a1e65-flow-m-86400-m3s-qualified","2024-12-04T09:00:00","2024-12-04","19.007","Complete","Good",""
"http://environment.data.gov.uk/hydrology/id/measures/585e49e0-7070-4d85-9c52-ccd18a5a1e65-flow-m-86400-m3s-qualified","2024-12-05T09:00:00","2024-12-05","36.551","Complete","Good",""
"http://environment.data.gov.uk/hydrology/id/measures/585e49e0-7070-4d85-9c52-ccd18a5a1e65-flow-m-86400-m3s-qualified","2024-12-06T09:00:00","2024-12-06","52.831","Complete","Good",""
"http://environment.data.gov.uk/hydrology/id/measures/585e49e0-7070-4d85-9c52-ccd18a5a1e65-flow-m-86400-m3s-qualified","2024-12-07T09:00:00","2024-12-07","48.879","Complete","Good",""
"http://environment.data.gov.uk/hydrology/id/measures/585e49e0-7070-4d85-9c52-ccd18a5a1e65-flow-m-86400-m3s-qualified","2024-12-08T09:00:00","2024-12-08","38.183","Complete","Good",""
"http://environment.data.gov.uk/hydrology/id/measures/585e49e0-7070-4d85-9c52-ccd18a5a1e65-flow-m-86400-m3s-qualified","2024-12-09T09:00:00","2024-12-09","26.252","Complete","Good",""
"http://environment.data.gov.uk/hydrology/id/measures/585e49e0-7070-4d85-9c52-ccd18a5a1e65-flow-m-86400-m3s-qualified","2024-12-10T09:00:00","2024-12-10","21.671","Complete","Good",""
"http://environment.data.gov.uk/hydrology/id/measures/585e49e0-7070-4d85-9c52-ccd18a5a1e65-flow-m-86400-m3s-qualified","2024-12-11T09:00:00","2024-12-11","19.087","Complete","Good",""
"http://environment.data.gov.uk/hydrology/id/measures/585e49e0-7070-4d85-9c52-ccd18a5a1e65-flow-m-86400-m3s-qualified","2024-12-12T09:00:00","2024-12-12","17.085","Complete","Good",""
"http://environment.data.gov.uk/hydrology/id/measures/585e49e0-7070-4d85-9c52-ccd18a5a1e65-flow-m-86400-m3s-qualified","2024-12-13T09:00:00","2024-12-13","15.963","Complete","Good",""
"http://environment.data.gov.uk/hydrology/id/measures/585e49e0-7070-4d85-9c52-ccd18a5a1e65-flow-m-86400-m3s-qualified","2024-12-14T09:00:00","2024-12-14","15.134","Complete","Good",""
"http://environment.data.gov.uk/hydrology/id/measures/585e49e0-7070-4d85-9c52-ccd18a5a1e65-flow-m-86400-m3s-qualified","2024-12-15T09:00:00","2024-12-15","14.007","Complete","Good",""
"http://environment.data.gov.uk/hydrology/id/measures/585e49e0-7070-4d85-9c52-ccd18a5a1e65-flow-m-86400-m3s-qualified","2024-12-16T09:00:00","2024-12-16","12.908","Complete","Good",""
"http://environment.data.gov.uk/hydrology/id/measures/585e49e0-7070-4d85-9c52-ccd18a5a1e65-flow-m-86400-m3s-qualified","2024-12-17T09:00:00","2024-12-17","12.767","Complete","Good",""
"http://environment.data.gov.uk/hydrology/id/measures/585e49e0-7070-4d85-9c52-ccd18a5a1e65-flow-m-86400-m3s-qualified","2024-12-18T09:00:00","2024-12-18","13.721","Complete","Good",""
"http://environment.data.gov.uk/hydrology/id/measures/585e49e0-7070-4d85-9c52-ccd18a5a1e65-flow-m-86400-m3s-qualified","2024-12-19T09:00:00","2024-12-19","16.402","Complete","Good",""
"http://environment.data.gov.uk/hydrology/id/measures/585e49e0-7070-4d85-9c52-ccd18a5a1e65-flow-m-86400-m3s-qualified","2024-12-20T09:00:00","2024-12-20","14.068","Complete","Good",""
"http://environment.data.gov.uk/hydrology/id/measures/585e49e0-7070-4d85-9c52-ccd18a5a1e65-flow-m-86400-m3s-qualified","2024-12-21T09:00:00","2024-12-21","13.931","Complete","Good",""
"http://environment.data.gov.uk/hydrology/id/measures/585e49e0-7070-4d85-9c52-ccd18a5a1e65-flow-m-86400-m3s-qualified","2024-12-22T09:00:00","2024-12-22","14.089","Complete","Good",""
"http://environment.data.gov.uk/hydrology/id/measures/585e49e0-7070-4d85-9c52-ccd18a5a1e65-flow-m-86400-m3s-qualified","2024-12-23T09:00:00","2024-12-23","12.176","Complete","Good",""
"http://environment.data.gov.uk/hydrology/id/measures/585e49e0-7070-4d85-9c52-ccd18a5a1e65-flow-m-86400-m3s-qualified","2024-12-24T09:00:00","2024-12-24","11.676","Complete","Good",""
"http://environment.data.gov.uk/hydrology/id/measures/585e49e0-7070-4d85-9c52-ccd18a5a1e65-flow-m-86400-m3s-qualified","2024-12-25T09:00:00","2024-12-25","10.855","Complete","Good",""
"http://environment.data.gov.uk/hydrology/id/measures/585e49e0-7070-4d85-9c52-ccd18a5a1e65-flow-m-86400-m3s-qualified","2024-12-26T09:00:00","2024-12-26","10.049","Complete","Good",""
"http://environment.data.gov.uk/hydrology/id/measures/585e49e0-7070-4d85-9c52-ccd18a5a1e65-flow-m-86400-m3s-qualified","2024-12-27T09:00:00","2024-12-27","10.04","Complete","Good",""
"http://environment.data.gov.uk/hydrology/id/measures/585e49e0-7070-4d85-9c52-ccd18a5a1e65-flow-m-86400-m3s-qualified","2024-12-28T09:00:00","2024-12-28","9.745","Complete","Good",""
"http://environment.data.gov.uk/hydrology/id/measures/585e49e0-7070-4d85-9c52-ccd18a5a1e65-flow-m-86400-m3s-qualified","2024-12-29T09:00:00","2024-12-29","9.396","Complete","Good",""
"http://environment.data.gov.uk/hydrology/id/measures/585e49e0-7070-4d85-9c52-ccd18a5a1e65-flow-m-86400-m3s-qualified","2024-12-30T09:00:00","2024-12-30","9.167","Complete","Good",""
"http://environment.data.gov.uk/hydrology/id/measures/585e49e0-7070-4d85-9c52-ccd18a5a1e65-flow-m-86400-m3s-qualified","2024-12-31T09:00:00","2024-12-31","9.508","Complete","Good",""
"http://environment.data.gov.uk/hydrology/id/measures/585e49e0-7070-4d85-9c52-ccd18a5a1e65-flow-m-86400-m3s-qualified","2025-01-01T09:00:00","2025-01-01","12.907","Complete","Good",""
"http://environment.data.gov.uk/hydrology/id/measures/585e49e0-7070-4d85-9c52-ccd18a5a1e65-flow-m-86400-m3s-qualified","2025-01-02T09:00:00","2025-01-02","15.616","Complete","Good",""
"http://environment.data.gov.uk/hydrology/id/measures/585e49e0-7070-4d85-9c52-ccd18a5a1e65-flow-m-86400-m3s-qualified","2025-01-03T09:00:00","2025-01-03","11.781","Complete","Good",""
"http://environment.data.gov.uk/hydrology/id/measures/585e49e0-7070-4d85-9c52-ccd18a5a1e65-flow-m-86400-m3s-qualified","2025-01-04T09:00:00","2025-01-04","15.39","Complete","Good",""
"http://environment.data.gov.uk/hydrology/id/measures/585e49e0-7070-4d85-9c52-ccd18a5a1e65-flow-m-86400-m3s-qualified","2025-01-05T09:00:00","2025-01-05","56.333","Complete","Good",""
"http://environment.data.gov.uk/hydrology/id/measures/585e49e0-7070-4d85-9c52-ccd18a5a1e65-flow-m-86400-m3s-qualified","2025-01-06T09:00:00","2025-01-06","81.835","Complete","Good",""
"http://environment.data.gov.uk/hydrology/id/measures/585e49e0-7070-4d85-9c52-ccd18a5a1e65-flow-m-86400-m3s-qualified","2025-01-07T09:00:00","2025-01-07","64.037","Complete","Good",""
"http://environment.data.gov.uk/hydrology/id/measures/585e49e0-7070-4d85-9c52-ccd18a5a1e65-flow-m-86400-m3s-qualified","2025-01-08T09:00:00","2025-01-08","30.346","Complete","Good",""
"http://environment.data.gov.uk/hydrology/id/measures/585e49e0-7070-4d85-9c52-ccd18a5a1e65-flow-m-86400-m3s-qualified","2025-01-09T09:00:00","2025-01-09","24.137","Complete","Good",""
"http://environment.data.gov.uk/hydrology/id/measures/585e49e0-7070-4d85-9c52-ccd18a5a1e65-flow-m-86400-m3s-qualified","2025-01-10T09:00:00","2025-01-10","19.723","Complete","Good",""
"http://environment.data.gov.uk/hydrology/id/measures/585e49e0-7070-4d85-9c52-ccd18a5a1e65-flow-m-86400-m3s-qualified","2025-01-11T09:00:00","2025-01-11","17.221","Complete","Good",""
"http://environment.data.gov.uk/hydrology/id/measures/585e49e0-7070-4d85-9c52-ccd18a5a1e65-flow-m-86400-m3s-qualified","2025-01-12T09:00:00","2025-01-12","15.755","Complete","Good",""
"http://environment.data.gov.uk/hydrology/id/measures/585e49e0-7070-4d85-9c52-ccd18a5a1e65-flow-m-86400-m3s-qualified","2025-01-13T09:00:00","2025-01-13","14.905","Complete","Good",""
"http://environment.data.gov.uk/hydrology/id/measures/585e49e0-7070-4d85-9c52-ccd18a5a1e65-flow-m-86400-m3s-qualified","2025-01-14T09:00:00","2025-01-14","14.196","Complete","Good",""
"http://environment.data.gov.uk/hydrology/id/measures/585e49e0-7070-4d85-9c52-ccd18a5a1e65-flow-m-86400-m3s-qualified","2025-01-15T09:00:00","2025-01-15","13.389","Complete","Good",""
"http://environment.data.gov.uk/hydrology/id/measures/585e49e0-7070-4d85-9c52-ccd18a5a1e65-flow-m-86400-m3s-qualified","2025-01-16T09:00:00","2025-01-16","12.143","Complete","Good",""
"http://environment.data.gov.uk/hydrology/id/measures/585e49e0-7070-4d85-9c52-ccd18a5a1e65-flow-m-86400-m3s-qualified","2025-01-17T09:00:00","2025-01-17","11.691","Complete","Good",""
"http://environment.data.gov.uk/hydrology/id/measures/585e49e0-7070-4d85-9c52-ccd18a5a1e65-flow-m-86400-m3s-qualified","2025-01-18T09:00:00","2025-01-18","11.163","Complete","Good",""
"http://environment.data.gov.uk/hydrology/id/measures/585e49e0-7070-4d85-9c52-ccd18a5a1e65-flow-m-86400-m3s-qualified","2025-01-19T09:00:00","2025-01-19","10.637","Complete","Good",""
"http://environment.data.gov.uk/hydrology/id/measures/585e49e0-7070-4d85-9c52-ccd18a5a1e65-flow-m-86400-m3s-qualified","2025-01-20T09:00:00","2025-01-20","10.299","Complete","Good",""
"http://environment.data.gov.uk/hydrology/id/measures/585e49e0-7070-4d85-9c52-ccd18a5a1e65-flow-m-86400-m3s-qualified","2025-01-21T09:00:00","2025-01-21","10.034","Complete","Good",""
"http://environment.data.gov.uk/hydrology/id/measures/585e49e0-7070-4d85-9c52-ccd18a5a1e65-flow-m-86400-m3s-qualified","2025-01-22T09:00:00","2025-01-22","9.628","Complete","Good",""
"http://environment.data.gov.uk/hydrology/id/measures/585e49e0-7070-4d85-9c52-ccd18a5a1e65-flow-m-86400-m3s-qualified","2025-01-23T09:00:00","2025-01-23","14.855","Complete","Good",""
"http://environment.data.gov.uk/hydrology/id/measures/585e49e0-7070-4d85-9c52-ccd18a5a1e65-flow-m-86400-m3s-qualified","2025-01-24T09:00:00","2025-01-24","34.679","Complete","Good",""
"http://environment.data.gov.uk/hydrology/id/measures/585e49e0-7070-4d85-9c52-ccd18a5a1e65-flow-m-86400-m3s-qualified","2025-01-25T09:00:00","2025-01-25","23.965","Complete","Good",""
"http://environment.data.gov.uk/hydrology/id/measures/585e49e0-7070-4d85-9c52-ccd18a5a1e65-flow-m-86400-m3s-qualified","2025-01-26T09:00:00","2025-01-26","51.003","Complete","Good",""
"http://environment.data.gov.uk/hydrology/id/measures/585e49e0-7070-4d85-9c52-ccd18a5a1e65-flow-m-86400-m3s-qualified","2025-01-27T09:00:00","2025-01-27","123.72","Complete","Good",""
"http://environment.data.gov.uk/hydrology/id/measures/585e49e0-7070-4d85-9c52-ccd18a5a1e65-flow-m-86400-m3s-qualified","2025-01-28T09:00:00","2025-01-28","113.262","Complete","Good",""
"http://environment.data.gov.uk/hydrology/id/measures/585e49e0-7070-4d85-9c52-ccd18a5a1e65-flow-m-86400-m3s-qualified","2025-01-29T09:00:00","2025-01-29","70.624","Complete","Good",""
"http://environment.data.gov.uk/hydrology/id/measures/585e49e0-7070-4d85-9c52-ccd18a5a1e65-flow-m-86400-m3s-qualified","2025-01-30T09:00:00","2025-01-30","35.007","Complete","Good",""
"http://environment.data.gov.uk/hydrology/id/measures/585e49e0-7070-4d85-9c52-ccd18a5a1e65-flow-m-86400-m3s-qualified","2025-01-31T09:00:00","2025-01-31","30.713","Complete","Good",""
"http://environment.data.gov.uk/hydrology/id/measures/585e49e0-7070-4d85-9c52-ccd18a5a1e65-flow-m-86400-m3s-qualified","2025-02-01T09:00:00","2025-02-01","26.882","Complete","Good",""
"http://environment.data.gov.uk/hydrology/id/measures/585e49e0-7070-4d85-9c52-ccd18a5a1e65-flow-m-86400-m3s-qualified","2025-02-02T09:00:00","2025-02-02","22.562","Complete","Good",""
"http://environment.data.gov.uk/hydrology/id/measures/585e49e0-7070-4d85-9c52-ccd18a5a1e65-flow-m-86400-m3s-qualified","2025-02-03T09:00:00","2025-02-03","19.262","Complete","Good",""
"http://environment.data.gov.uk/hydrology/id/measures/585e49e0-7070-4d85-9c52-ccd18a5a1e65-flow-m-86400-m3s-qualified","2025-02-04T09:00:00","2025-02-04","17.905","Complete","Good",""
"http://environment.data.gov.uk/hydrology/id/measures/585e49e0-7070-4d85-9c52-ccd18a5a1e65-flow-m-86400-m3s-qualified","2025-02-05T09:00:00","2025-02-05","16.222","Complete","Good",""
"http://environment.data.gov.uk/hydrology/id/measures/585e49e0-7070-4d85-9c52-ccd18a5a1e65-flow-m-86400-m3s-qualified","2025-02-06T09:00:00","2025-02-06","15.007","Complete","Good",""
"http://environment.data.gov.uk/hydrology/id/measures/585e49e0-7070-4d85-9c52-ccd18a5a1e65-flow-m-86400-m3s-qualified","2025-02-07T09:00:00","2025-02-07","14.587","Complete","Good",""
"http://environment.data.gov.uk/hydrology/id/measures/585e49e0-7070-4d85-9c52-ccd18a5a1e65-flow-m-86400-m3s-qualified","2025-02-08T09:00:00","2025-02-08","14.99","Complete","Good",""
"http://environment.data.gov.uk/hydrology/id/measures/585e49e0-7070-4d85-9c52-ccd18a5a1e65-flow-m-86400-m3s-qualified","2025-02-09T09:00:00","2025-02-09","17.015","Complete","Good",""
"http://environment.data.gov.uk/hydrology/id/measures/585e49e0-7070-4d85-9c52-ccd18a5a1e65-flow-m-86400-m3s-qualified","2025-02-10T09:00:00","2025-02-10","44.566","Complete","Good",""
"http://environment.data.gov.uk/hydrology/id/measures/585e49e0-7070-4d85-9c52-ccd18a5a1e65-flow-m-86400-m3s-qualified","2025-02-11T09:00:00","2025-02-11","33.009","Complete","Good",""
"http://environment.data.gov.uk/hydrology/id/measures/585e49e0-7070-4d85-9c52-ccd18a5a1e65-flow-m-86400-m3s-qualified","2025-02-12T09:00:00","2025-02-12","21.309","Complete","Good",""
"http://environment.data.gov.uk/hydrology/id/measures/585e49e0-7070-4d85-9c52-ccd18a5a1e65-flow-m-86400-m3s-qualified","2025-02-13T09:00:00","2025-02-13","17.542","Complete","Good",""
"http://environment.data.gov.uk/hydrology/id/measures/585e49e0-7070-4d85-9c52-ccd18a5a1e65-flow-m-86400-m3s-qualified","2025-02-14T09:00:00","2025-02-14","15.367","Complete","Good",""
"http://environment.data.gov.uk/hydrology/id/measures/585e49e0-7070-4d85-9c52-ccd18a5a1e65-flow-m-86400-m3s-qualified","2025-02-15T09:00:00","2025-02-15","14.902","Complete","Good",""
"http://environment.data.gov.uk/hydrology/id/measures/585e49e0-7070-4d85-9c52-ccd18a5a1e65-flow-m-86400-m3s-qualified","2025-02-16T09:00:00","2025-02-16","14.352","Complete","Good",""
"http://environment.data.gov.uk/hydrology/id/measures/585e49e0-7070-4d85-9c52-ccd18a5a1e65-flow-m-86400-m3s-qualified","2025-02-17T09:00:00","2025-02-17","12.955","Complete","Good",""
"http://environment.data.gov.uk/hydrology/id/measures/585e49e0-7070-4d85-9c52-ccd18a5a1e65-flow-m-86400-m3s-qualified","2025-02-18T09:00:00","2025-02-18","12.014","Complete","Good",""
"http://environment.data.gov.uk/hydrology/id/measures/585e49e0-7070-4d85-9c52-ccd18a5a1e65-flow-m-86400-m3s-qualified","2025-02-19T09:00:00","2025-02-19","11.565","Complete","Good",""
"http://environment.data.gov.uk/hydrology/id/measures/585e49e0-7070-4d85-9c52-ccd18a5a1e65-flow-m-86400-m3s-qualified","2025-02-20T09:00:00","2025-02-20","12.859","Complete","Good",""
"http://environment.data.gov.uk/hydrology/id/measures/585e49e0-7070-4d85-9c52-ccd18a5a1e65-flow-m-86400-m3s-qualified","2025-02-21T09:00:00","2025-02-21","14.648","Complete","Good",""
"http://environment.data.gov.uk/hydrology/id/measures/585e49e0-7070-4d85-9c52-ccd18a5a1e65-flow-m-86400-m3s-qualified","2025-02-22T09:00:00","2025-02-22","14.473","Complete","Good",""
"http://environment.data.gov.uk/hydrology/id/measures/585e49e0-7070-4d85-9c52-ccd18a5a1e65-flow-m-86400-m3s-qualified","2025-02-23T09:00:00","2025-02-23","21.255","Complete","Good",""
"http://environment.data.gov.uk/hydrology/id/measures/585e49e0-7070-4d85-9c52-ccd18a5a1e65-flow-m-86400-m3s-qualified","2025-02-24T09:00:00","2025-02-24","62.63","Complete","Good",""
"http://environment.data.gov.uk/hydrology/id/measures/585e49e0-7070-4d85-9c52-ccd18a5a1e65-flow-m-86400-m3s-qualified","2025-02-25T09:00:00","2025-02-25","43.192","Complete","Good",""
"http://environment.data.gov.uk/hydrology/id/measures/585e49e0-7070-4d85-9c52-ccd18a5a1e65-flow-m-86400-m3s-qualified","2025-02-26T09:00:00","2025-02-26","54.408","Complete","Good",""
"http://environment.data.gov.uk/hydrology/id/measures/585e49e0-7070-4d85-9c52-ccd18a5a1e65-flow-m-86400-m3s-qualified","2025-02-27T09:00:00","2025-02-27","46.779","Complete","Good",""
"http://environment.data.gov.uk/hydrology/id/measures/585e49e0-7070-4d85-9c52-ccd18a5a1e65-flow-m-86400-m3s-qualified","2025-02-28T09:00:00","2025-02-28","24.733","Complete","Good",""
"http://environment.data.gov.uk/hydrology/id/measures/585e49e0-7070-4d85-9c52-ccd18a5a1e65-flow-m-86400-m3s-qualified","2025-03-01T09:00:00","2025-03-01","19.633","Complete","Good",""
"http://environment.data.gov.uk/hydrology/id/measures/585e49e0-7070-4d85-9c52-ccd18a5a1e65-flow-m-86400-m3s-qualified","2025-03-02T09:00:00","2025-03-02","17.005","Complete","Good",""
"http://environment.data.gov.uk/hydrology/id/measures/585e49e0-7070-4d85-9c52-ccd18a5a1e65-flow-m-86400-m3s-qualified","2025-03-03T09:00:00","2025-03-03","15.29","Complete","Good",""
"http://environment.data.gov.uk/hydrology/id/measures/585e49e0-7070-4d85-9c52-ccd18a5a1e65-flow-m-86400-m3s-qualified","2025-03-04T09:00:00","2025-03-04","14.034","Complete","Good",""
"http://environment.data.gov.uk/hydrology/id/measures/585e49e0-7070-4d85-9c52-ccd18a5a1e65-flow-m-86400-m3s-qualified","2025-03-05T09:00:00","2025-03-05","13.039","Complete","Good",""
"http://environment.data.gov.uk/hydrology/id/measures/585e49e0-7070-4d85-9c52-ccd18a5a1e65-flow-m-86400-m3s-qualified","2025-03-06T09:00:00","2025-03-06","12.55","Complete","Good",""
"http://environment.data.gov.uk/hydrology/id/measures/585e49e0-7070-4d85-9c52-ccd18a5a1e65-flow-m-86400-m3s-qualified","2025-03-07T09:00:00","2025-03-07","11.805","Complete","Good",""
"http://environment.data.gov.uk/hydrology/id/measures/585e49e0-7070-4d85-9c52-ccd18a5a1e65-flow-m-86400-m3s-qualified","2025-03-08T09:00:00","2025-03-08","11.155","Complete","Good",""
"http://environment.data.gov.uk/hydrology/id/measures/585e49e0-7070-4d85-9c52-ccd18a5a1e65-flow-m-86400-m3s-qualified","2025-03-09T09:00:00","2025-03-09","10.588","Complete","Good",""
"http://environment.data.gov.uk/hydrology/id/measures/585e49e0-7070-4d85-9c52-ccd18a5a1e65-flow-m-86400-m3s-qualified","2025-03-10T09:00:00","2025-03-10","9.891","Complete","Good",""
"http://environment.data.gov.uk/hydrology/id/measures/585e49e0-7070-4d85-9c52-ccd18a5a1e65-flow-m-86400-m3s-qualified","2025-03-11T09:00:00","2025-03-11","9.671","Complete","Good",""
"http://environment.data.gov.uk/hydrology/id/measures/585e49e0-7070-4d85-9c52-ccd18a5a1e65-flow-m-86400-m3s-qualified","2025-03-12T09:00:00","2025-03-12","9.328","Complete","Good",""
"http://environment.data.gov.uk/hydrology/id/measures/585e49e0-7070-4d85-9c52-ccd18a5a1e65-flow-m-86400-m3s-qualified","2025-03-13T09:00:00","2025-03-13","8.7","Complete","Good",""
"http://environment.data.gov.uk/hydrology/id/measures/585e49e0-7070-4d85-9c52-ccd18a5a1e65-flow-m-86400-m3s-qualified","2025-03-14T09:00:00","2025-03-14","8.258","Complete","Good",""
"http://environment.data.gov.uk/hydrology/id/measures/585e49e0-7070-4d85-9c52-ccd18a5a1e65-flow-m-86400-m3s-qualified","2025-03-15T09:00:00","2025-03-15","7.828","Complete","Good",""
"http://environment.data.gov.uk/hydrology/id/measures/585e49e0-7070-4d85-9c52-ccd18a5a1e65-flow-m-86400-m3s-qualified","2025-03-16T09:00:00","2025-03-16","7.661","Complete","Good",""
"http://environment.data.gov.uk/hydrology/id/measures/585e49e0-7070-4d85-9c52-ccd18a5a1e65-flow-m-86400-m3s-qualified","2025-03-17T09:00:00","2025-03-17","7.28","Complete","Good",""
"http://environment.data.gov.uk/hydrology/id/measures/585e49e0-7070-4d85-9c52-ccd18a5a1e65-flow-m-86400-m3s-qualified","2025-03-18T09:00:00","2025-03-18","7.279","Complete","Good",""
"http://environment.data.gov.uk/hydrology/id/measures/585e49e0-7070-4d85-9c52-ccd18a5a1e65-flow-m-86400-m3s-qualified","2025-03-19T09:00:00","2025-03-19","7.013","Complete","Good",""
"http://environment.data.gov.uk/hydrology/id/measures/585e49e0-7070-4d85-9c52-ccd18a5a1e65-flow-m-86400-m3s-qualified","2025-03-20T09:00:00","2025-03-20","7.123","Complete","Good",""
"http://environment.data.gov.uk/hydrology/id/measures/585e49e0-7070-4d85-9c52-ccd18a5a1e65-flow-m-86400-m3s-qualified","2025-03-21T09:00:00","2025-03-21","7.006","Complete","Good",""
"http://environment.data.gov.uk/hydrology/id/measures/585e49e0-7070-4d85-9c52-ccd18a5a1e65-flow-m-86400-m3s-qualified","2025-03-22T09:00:00","2025-03-22","6.782","Complete","Good",""
"http://environment.data.gov.uk/hydrology/id/measures/585e49e0-7070-4d85-9c52-ccd18a5a1e65-flow-m-86400-m3s-qualified","2025-03-23T09:00:00","2025-03-23","6.502","Complete","Good",""
"http://environment.data.gov.uk/hydrology/id/measures/585e49e0-7070-4d85-9c52-ccd18a5a1e65-flow-m-86400-m3s-qualified","2025-03-24T09:00:00","2025-03-24","6.265","Complete","Good",""
"http://environment.data.gov.uk/hydrology/id/measures/585e49e0-7070-4d85-9c52-ccd18a5a1e65-flow-m-86400-m3s-qualified","2025-03-25T09:00:00","2025-03-25","6.179","Complete","Good",""
"http://environment.data.gov.uk/hydrology/id/measures/585e49e0-7070-4d85-9c52-ccd18a5a1e65-flow-m-86400-m3s-qualified","2025-03-26T09:00:00","2025-03-26","6.098","Complete","Good",""
"http://environment.data.gov.uk/hydrology/id/measures/585e49e0-7070-4d85-9c52-ccd18a5a1e65-flow-m-86400-m3s-qualified","2025-03-27T09:00:00","2025-03-27","5.743","Complete","Good",""
"http://environment.data.gov.uk/hydrology/id/measures/585e49e0-7070-4d85-9c52-ccd18a5a1e65-flow-m-86400-m3s-qualified","2025-03-28T09:00:00","2025-03-28","5.888","Complete","Good",""
"http://environment.data.gov.uk/hydrology/id/measures/585e49e0-7070-4d85-9c52-ccd18a5a1e65-flow-m-86400-m3s-qualified","2025-03-29T09:00:00","2025-03-29","5.586","Complete","Good",""
"http://environment.data.gov.uk/hydrology/id/measures/585e49e0-7070-4d85-9c52-ccd18a5a1e65-flow-m-86400-m3s-qualified","2025-03-30T09:00:00","2025-03-30","5.605","Complete","Good",""
"http://environment.data.gov.uk/hydrology/id/measures/585e49e0-7070-4d85-9c52-ccd18a5a1e65-flow-m-86400-m3s-qualified","2025-03-31T09:00:00","2025-03-31","5.493","Complete","Good",""
"http://environment.data.gov.uk/hydrology/id/measures/585e49e0-7070-4d85-9c52-ccd18a5a1e65-flow-m-86400-m3s-qualified","2025-04-01T09:00:00","2025-04-01","5.39","Complete","Good",""
"http://environment.data.gov.uk/hydrology/id/measures/585e49e0-7070-4d85-9c52-ccd18a5a1e65-flow-m-86400-m3s-qualified","2025-04-02T09:00:00","2025-04-02","5.307","Complete","Good",""
"http://environment.data.gov.uk/hydrology/id/measures/585e49e0-7070-4d85-9c52-ccd18a5a1e65-flow-m-86400-m3s-qualified","2025-04-03T09:00:00","2025-04-03","5.103","Complete","Good",""
"http://environment.data.gov.uk/hydrology/id/measures/585e49e0-7070-4d85-9c52-ccd18a5a1e65-flow-m-86400-m3s-qualified","2025-04-04T09:00:00","2025-04-04","5.134","Complete","Good",""
"http://environment.data.gov.uk/hydrology/id/measures/585e49e0-7070-4d85-9c52-ccd18a5a1e65-flow-m-86400-m3s-qualified","2025-04-05T09:00:00","2025-04-05","4.976","Complete","Good",""
"http://environment.data.gov.uk/hydrology/id/measures/585e49e0-7070-4d85-9c52-ccd18a5a1e65-flow-m-86400-m3s-qualified","2025-04-06T09:00:00","2025-04-06","4.783","Complete","Good",""
"http://environment.data.gov.uk/hydrology/id/measures/585e49e0-7070-4d85-9c52-ccd18a5a1e65-flow-m-86400-m3s-qualified","2025-04-07T09:00:00","2025-04-07","4.741","Complete","Good",""
"http://environment.data.gov.uk/hydrology/id/measures/585e49e0-7070-4d85-9c52-ccd18a5a1e65-flow-m-86400-m3s-qualified","2025-04-08T09:00:00","2025-04-08","4.55","Complete","Good",""
"http://environment.data.gov.uk/hydrology/id/measures/585e49e0-7070-4d85-9c52-ccd18a5a1e65-flow-m-86400-m3s-qualified","2025-04-09T09:00:00","2025-04-09","4.519","Complete","Good",""
"http://environment.data.gov.uk/hydrology/id/measures/585e49e0-7070-4d85-9c52-ccd18a5a1e65-flow-m-86400-m3s-qualified","2025-04-10T09:00:00","2025-04-10","4.444","Complete","Good",""
"http://environment.data.gov.uk/hydrology/id/measures/585e49e0-7070-4d85-9c52-ccd18a5a1e65-flow-m-86400-m3s-qualified","2025-04-11T09:00:00","2025-04-11","4.416","Complete","Good",""
"http://environment.data.gov.uk/hydrology/id/measures/585e49e0-7070-4d85-9c52-ccd18a5a1e65-flow-m-86400-m3s-qualified","2025-04-12T09:00:00","2025-04-12","4.348","Complete","Good",""
"http://environment.data.gov.uk/hydrology/id/measures/585e49e0-7070-4d85-9c52-ccd18a5a1e65-flow-m-86400-m3s-qualified","2025-04-13T09:00:00","2025-04-13","3.999","Complete","Good",""
"http://environment.data.gov.uk/hydrology/id/measures/585e49e0-7070-4d85-9c52-ccd18a5a1e65-flow-m-86400-m3s-qualified","2025-04-14T09:00:00","2025-04-14","4.198","Complete","Good",""
"http://environment.data.gov.uk/hydrology/id/measures/585e49e0-7070-4d85-9c52-ccd18a5a1e65-flow-m-86400-m3s-qualified","2025-04-15T09:00:00","2025-04-15","4.337","Complete","Good",""
"http://environment.data.gov.uk/hydrology/id/measures/585e49e0-7070-4d85-9c52-ccd18a5a1e65-flow-m-86400-m3s-qualified","2025-04-16T09:00:00","2025-04-16","4.363","Complete","Good",""
"http://environment.data.gov.uk/hydrology/id/measures/585e49e0-7070-4d85-9c52-ccd18a5a1e65-flow-m-86400-m3s-qualified","2025-04-17T09:00:00","2025-04-17","4.057","Complete","Good",""
"http://environment.data.gov.uk/hydrology/id/measures/585e49e0-7070-4d85-9c52-ccd18a5a1e65-flow-m-86400-m3s-qualified","2025-04-18T09:00:00","2025-04-18","3.974","Complete","Good",""
"http://environment.data.gov.uk/hydrology/id/measures/585e49e0-7070-4d85-9c52-ccd18a5a1e65-flow-m-86400-m3s-qualified","2025-04-19T09:00:00","2025-04-19","4.215","Complete","Good",""
"http://environment.data.gov.uk/hydrology/id/measures/585e49e0-7070-4d85-9c52-ccd18a5a1e65-flow-m-86400-m3s-qualified","2025-04-20T09:00:00","2025-04-20","4.008","Complete","Good",""
"http://environment.data.gov.uk/hydrology/id/measures/585e49e0-7070-4d85-9c52-ccd18a5a1e65-flow-m-86400-m3s-qualified","2025-04-21T09:00:00","2025-04-21","3.877","Complete","Good",""
"http://environment.data.gov.uk/hydrology/id/measures/585e49e0-7070-4d85-9c52-ccd18a5a1e65-flow-m-86400-m3s-qualified","2025-04-22T09:00:00","2025-04-22","4.079","Complete","Good",""
"http://environment.data.gov.uk/hydrology/id/measures/585e49e0-7070-4d85-9c52-ccd18a5a1e65-flow-m-86400-m3s-qualified","2025-04-23T09:00:00","2025-04-23","5.695","Complete","Good",""
"http://environment.data.gov.uk/hydrology/id/measures/585e49e0-7070-4d85-9c52-ccd18a5a1e65-flow-m-86400-m3s-qualified","2025-04-24T09:00:00","2025-04-24","4.452","Complete","Good",""
"http://environment.data.gov.uk/hydrology/id/measures/585e49e0-7070-4d85-9c52-ccd18a5a1e65-flow-m-86400-m3s-qualified","2025-04-25T09:00:00","2025-04-25","4.066","Complete","Good",""
"http://environment.data.gov.uk/hydrology/id/measures/585e49e0-7070-4d85-9c52-ccd18a5a1e65-flow-m-86400-m3s-qualified","2025-04-26T09:00:00","2025-04-26","3.828","Complete","Good",""
"http://environment.data.gov.uk/hydrology/id/measures/585e49e0-7070-4d85-9c52-ccd18a5a1e65-flow-m-86400-m3s-qualified","2025-04-27T09:00:00","2025-04-27","3.707","Complete","Good",""
"http://environment.data.gov.uk/hydrology/id/measures/585e49e0-7070-4d85-9c52-ccd18a5a1e65-flow-m-86400-m3s-qualified","2025-04-28T09:00:00","2025-04-28","3.652","Complete","Good",""
"http://environment.data.gov.uk/hydrology/id/measures/585e49e0-7070-4d85-9c52-ccd18a5a1e65-flow-m-86400-m3s-qualified","2025-04-29T09:00:00","2025-04-29","3.725","Complete","Good",""
"http://environment.data.gov.uk/hydrology/id/measures/585e49e0-7070-4d85-9c52-ccd18a5a1e65-flow-m-86400-m3s-qualified","2025-04-30T09:00:00","2025-04-30","3.645","Complete","Good",""
"http://environment.data.gov.uk/hydrology/id/measures/585e49e0-7070-4d85-9c52-ccd18a5a1e65-flow-m-86400-m3s-qualified","2025-05-01T09:00:00","2025-05-01","3.598","Complete","Good",""
"http://environment.data.gov.uk/hydrology/id/measures/585e49e0-7070-4d85-9c52-ccd18a5a1e65-flow-m-86400-m3s-qualified","2025-05-02T09:00:00","2025-05-02","3.625","Complete","Good",""
"http://environment.data.gov.uk/hydrology/id/measures/585e49e0-7070-4d85-9c52-ccd18a5a1e65-flow-m-86400-m3s-qualified","2025-05-03T09:00:00","2025-05-03","3.41","Complete","Good",""
"http://environment.data.gov.uk/hydrology/id/measures/585e49e0-7070-4d85-9c52-ccd18a5a1e65-flow-m-86400-m3s-qualified","2025-05-04T09:00:00","2025-05-04","3.21","Complete","Good",""
"http://environment.data.gov.uk/hydrology/id/measures/585e49e0-7070-4d85-9c52-ccd18a5a1e65-flow-m-86400-m3s-qualified","2025-05-05T09:00:00","2025-05-05","3.147","Complete","Good",""
"http://environment.data.gov.uk/hydrology/id/measures/585e49e0-7070-4d85-9c52-ccd18a5a1e65-flow-m-86400-m3s-qualified","2025-05-06T09:00:00","2025-05-06","3.043","Complete","Good",""
"http://environment.data.gov.uk/hydrology/id/measures/585e49e0-7070-4d85-9c52-ccd18a5a1e65-flow-m-86400-m3s-qualified","2025-05-07T09:00:00","2025-05-07","3.184","Complete","Good",""
"http://environment.data.gov.uk/hydrology/id/measures/585e49e0-7070-4d85-9c52-ccd18a5a1e65-flow-m-86400-m3s-qualified","2025-05-08T09:00:00","2025-05-08","2.993","Complete","Good",""
"http://environment.data.gov.uk/hydrology/id/measures/585e49e0-7070-4d85-9c52-ccd18a5a1e65-flow-m-86400-m3s-qualified","2025-05-09T09:00:00","2025-05-09","3.033","Complete","Good",""
"http://environment.data.gov.uk/hydrology/id/measures/585e49e0-7070-4d85-9c52-ccd18a5a1e65-flow-m-86400-m3s-qualified","2025-05-10T09:00:00","2025-05-10","3.125","Complete","Good",""
"http://environment.data.gov.uk/hydrology/id/measures/585e49e0-7070-4d85-9c52-ccd18a5a1e65-flow-m-86400-m3s-qualified","2025-05-11T09:00:00","2025-05-11","3.134","Complete","Good",""
"http://environment.data.gov.uk/hydrology/id/measures/585e49e0-7070-4d85-9c52-ccd18a5a1e65-flow-m-86400-m3s-qualified","2025-05-12T09:00:00","2025-05-12","2.976","Complete","Good",""
"http://environment.data.gov.uk/hydrology/id/measures/585e49e0-7070-4d85-9c52-ccd18a5a1e65-flow-m-86400-m3s-qualified","2025-05-13T09:00:00","2025-05-13","3.422","Complete","Good",""
"http://environment.data.gov.uk/hydrology/id/measures/585e49e0-7070-4d85-9c52-ccd18a5a1e65-flow-m-86400-m3s-qualified","2025-05-14T09:00:00","2025-05-14","3.296","Complete","Good",""
"http://environment.data.gov.uk/hydrology/id/measures/585e49e0-7070-4d85-9c52-ccd18a5a1e65-flow-m-86400-m3s-qualified","2025-05-15T09:00:00","2025-05-15","3.154","Complete","Good",""
"http://environment.data.gov.uk/hydrology/id/measures/585e49e0-7070-4d85-9c52-ccd18a5a1e65-flow-m-86400-m3s-qualified","2025-05-16T09:00:00","2025-05-16","3.016","Complete","Good",""
"http://environment.data.gov.uk/hydrology/id/measures/585e49e0-7070-4d85-9c52-ccd18a5a1e65-flow-m-86400-m3s-qualified","2025-05-17T09:00:00","2025-05-17","2.844","Complete","Good",""
"http://environment.data.gov.uk/hydrology/id/measures/585e49e0-7070-4d85-9c52-ccd18a5a1e65-flow-m-86400-m3s-qualified","2025-05-18T09:00:00","2025-05-18","2.966","Complete","Good",""
"http://environment.data.gov.uk/hydrology/id/measures/585e49e0-7070-4d85-9c52-ccd18a5a1e65-flow-m-86400-m3s-qualified","2025-05-19T09:00:00","2025-05-19","2.635","Complete","Good",""
"http://environment.data.gov.uk/hydrology/id/measures/585e49e0-7070-4d85-9c52-ccd18a5a1e65-flow-m-86400-m3s-qualified","2025-05-20T09:00:00","2025-05-20","2.88","Complete","Good",""
"http://environment.data.gov.uk/hydrology/id/measures/585e49e0-7070-4d85-9c52-ccd18a5a1e65-flow-m-86400-m3s-qualified","2025-05-21T09:00:00","2025-05-21","3.785","Complete","Good",""
"http://environment.data.gov.uk/hydrology/id/measures/585e49e0-7070-4d85-9c52-ccd18a5a1e65-flow-m-86400-m3s-qualified","2025-05-22T09:00:00","2025-05-22","3.189","Complete","Good",""
"http://environment.data.gov.uk/hydrology/id/measures/585e49e0-7070-4d85-9c52-ccd18a5a1e65-flow-m-86400-m3s-qualified","2025-05-23T09:00:00","2025-05-23","2.37","Complete","Good",""
"http://environment.data.gov.uk/hydrology/id/measures/585e49e0-7070-4d85-9c52-ccd18a5a1e65-flow-m-86400-m3s-qualified","2025-05-24T09:00:00","2025-05-24","2.096","Complete","Good",""
"http://environment.data.gov.uk/hydrology/id/measures/585e49e0-7070-4d85-9c52-ccd18a5a1e65-flow-m-86400-m3s-qualified","2025-05-25T09:00:00","2025-05-25","2.154","Complete","Good",""
"http://environment.data.gov.uk/hydrology/id/measures/585e49e0-7070-4d85-9c52-ccd18a5a1e65-flow-m-86400-m3s-qualified","2025-05-26T09:00:00","2025-05-26","2.176","Complete","Good",""
"http://environment.data.gov.uk/hydrology/id/measures/585e49e0-7070-4d85-9c52-ccd18a5a1e65-flow-m-86400-m3s-qualified","2025-05-27T09:00:00","2025-05-27","3.074","Complete","Good",""
"http://environment.data.gov.uk/hydrology/id/measures/585e49e0-7070-4d85-9c52-ccd18a5a1e65-flow-m-86400-m3s-qualified","2025-05-28T09:00:00","2025-05-28","2.851","Complete","Good",""
"http://environment.data.gov.uk/hydrology/id/measures/585e49e0-7070-4d85-9c52-ccd18a5a1e65-flow-m-86400-m3s-qualified","2025-05-29T09:00:00","2025-05-29","2.178","Complete","Good",""
"http://environment.data.gov.uk/hydrology/id/measures/585e49e0-7070-4d85-9c52-ccd18a5a1e65-flow-m-86400-m3s-qualified","2025-05-30T09:00:00","2025-05-30","2.438","Complete","Good",""
"http://environment.data.gov.uk/hydrology/id/measures/585e49e0-7070-4d85-9c52-ccd18a5a1e65-flow-m-86400-m3s-qualified","2025-05-31T09:00:00","2025-05-31","2.117","Complete","Good",""
"http://environment.data.gov.uk/hydrology/id/measures/585e49e0-7070-4d85-9c52-ccd18a5a1e65-flow-m-86400-m3s-qualified","2025-06-01T09:00:00","2025-06-01","2.017","Complete","Good",""
"http://environment.data.gov.uk/hydrology/id/measures/585e49e0-7070-4d85-9c52-ccd18a5a1e65-flow-m-86400-m3s-qualified","2025-06-02T09:00:00","2025-06-02","1.936","Complete","Good",""
"http://environment.data.gov.uk/hydrology/id/measures/585e49e0-7070-4d85-9c52-ccd18a5a1e65-flow-m-86400-m3s-qualified","2025-06-03T09:00:00","2025-06-03","2.621","Complete","Good",""
"http://environment.data.gov.uk/hydrology/id/measures/585e49e0-7070-4d85-9c52-ccd18a5a1e65-flow-m-86400-m3s-qualified","2025-06-04T09:00:00","2025-06-04","2.451","Complete","Good",""
"http://environment.data.gov.uk/hydrology/id/measures/585e49e0-7070-4d85-9c52-ccd18a5a1e65-flow-m-86400-m3s-qualified","2025-06-05T09:00:00","2025-06-05","3.141","Complete","Good",""
"http://environment.data.gov.uk/hydrology/id/measures/585e49e0-7070-4d85-9c52-ccd18a5a1e65-flow-m-86400-m3s-qualified","2025-06-06T09:00:00","2025-06-06","3.011","Complete","Good",""
"http://environment.data.gov.uk/hydrology/id/measures/585e49e0-7070-4d85-9c52-ccd18a5a1e65-flow-m-86400-m3s-qualified","2025-06-07T09:00:00","2025-06-07","3.521","Complete","Good",""
"http://environment.data.gov.uk/hydrology/id/measures/585e49e0-7070-4d85-9c52-ccd18a5a1e65-flow-m-86400-m3s-qualified","2025-06-08T09:00:00","2025-06-08","3.052","Complete","Good",""
"http://environment.data.gov.uk/hydrology/id/measures/585e49e0-7070-4d85-9c52-ccd18a5a1e65-flow-m-86400-m3s-qualified","2025-06-09T09:00:00","2025-06-09","2.312","Complete","Good",""
"http://environment.data.gov.uk/hydrology/id/measures/585e49e0-7070-4d85-9c52-ccd18a5a1e65-flow-m-86400-m3s-qualified","2025-06-10T09:00:00","2025-06-10","2.285","Complete","Good",""
"http://environment.data.gov.uk/hydrology/id/measures/585e49e0-7070-4d85-9c52-ccd18a5a1e65-flow-m-86400-m3s-qualified","2025-06-11T09:00:00","2025-06-11","2.612","Complete","Good",""
"http://environment.data.gov.uk/hydrology/id/measures/585e49e0-7070-4d85-9c52-ccd18a5a1e65-flow-m-86400-m3s-qualified","2025-06-12T09:00:00","2025-06-12","3.471","Complete","Good",""
"http://environment.data.gov.uk/hydrology/id/measures/585e49e0-7070-4d85-9c52-ccd18a5a1e65-flow-m-86400-m3s-qualified","2025-06-13T09:00:00","2025-06-13","3.302","Complete","Good",""
"http://environment.data.gov.uk/hydrology/id/measures/585e49e0-7070-4d85-9c52-ccd18a5a1e65-flow-m-86400-m3s-qualified","2025-06-14T09:00:00","2025-06-14","2.738","Complete","Good",""
"http://environment.data.gov.uk/hydrology/id/measures/585e49e0-7070-4d85-9c52-ccd18a5a1e65-flow-m-86400-m3s-qualified","2025-06-15T09:00:00","2025-06-15","2.356","Complete","Good",""
"http://environment.data.gov.uk/hydrology/id/measures/585e49e0-7070-4d85-9c52-ccd18a5a1e65-flow-m-86400-m3s-qualified","2025-06-16T09:00:00","2025-06-16","2.349","Complete","Good",""
"http://environment.data.gov.uk/hydrology/id/measures/585e49e0-7070-4d85-9c52-ccd18a5a1e65-flow-m-86400-m3s-qualified","2025-06-17T09:00:00","2025-06-17","1.998","Complete","Good",""
"http://environment.data.gov.uk/hydrology/id/measures/585e49e0-7070-4d85-9c52-ccd18a5a1e65-flow-m-86400-m3s-qualified","2025-06-18T09:00:00","2025-06-18","2.423","Complete","Good",""
"http://environment.data.gov.uk/hydrology/id/measures/585e49e0-7070-4d85-9c52-ccd18a5a1e65-flow-m-86400-m3s-qualified","2025-06-19T09:00:00","2025-06-19","2.71","Complete","Good",""
"http://environment.data.gov.uk/hydrology/id/measures/585e49e0-7070-4d85-9c52-ccd18a5a1e65-flow-m-86400-m3s-qualified","2025-06-20T09:00:00","2025-06-20","2.386","Complete","Good",""
"http://environment.data.gov.uk/hydrology/id/measures/585e49e0-7070-4d85-9c52-ccd18a5a1e65-flow-m-86400-m3s-qualified","2025-06-21T09:00:00","2025-06-21","1.956","Complete","Good",""
"http://environment.data.gov.uk/hydrology/id/measures/585e49e0-7070-4d85-9c52-ccd18a5a1e65-flow-m-86400-m3s-qualified","2025-06-22T09:00:00","2025-06-22","1.483","Complete","Good",""
"http://environment.data.gov.uk/hydrology/id/measures/585e49e0-7070-4d85-9c52-ccd18a5a1e65-flow-m-86400-m3s-qualified","2025-06-23T09:00:00","2025-06-23","1.465","Complete","Good",""
"http://environment.data.gov.uk/hydrology/id/measures/585e49e0-7070-4d85-9c52-ccd18a5a1e65-flow-m-86400-m3s-qualified","2025-06-24T09:00:00","2025-06-24","1.478","Complete","Good",""
"http://environment.data.gov.uk/hydrology/id/measures/585e49e0-7070-4d85-9c52-ccd18a5a1e65-flow-m-86400-m3s-qualified","2025-06-25T09:00:00","2025-06-25","1.922","Complete","Good",""
"http://environment.data.gov.uk/hydrology/id/measures/585e49e0-7070-4d85-9c52-ccd18a5a1e65-flow-m-86400-m3s-qualified","2025-06-26T09:00:00","2025-06-26","1.549","Complete","Good",""
"http://environment.data.gov.uk/hydrology/id/measures/585e49e0-7070-4d85-9c52-ccd18a5a1e65-flow-m-86400-m3s-qualified","2025-06-27T09:00:00","2025-06-27","1.235","Complete","Good",""
"http://environment.data.gov.uk/hydrology/id/measures/585e49e0-7070-4d85-9c52-ccd18a5a1e65-flow-m-86400-m3s-qualified","2025-06-28T09:00:00","2025-06-28","0.726","Complete","Good",""
"http://environment.data.gov.uk/hydrology/id/measures/585e49e0-7070-4d85-9c52-ccd18a5a1e65-flow-m-86400-m3s-qualified","2025-06-29T09:00:00","2025-06-29","2.211","Complete","Good",""
"http://environment.data.gov.uk/hydrology/id/measures/585e49e0-7070-4d85-9c52-ccd18a5a1e65-flow-m-86400-m3s-qualified","2025-06-30T09:00:00","2025-06-30","1.98","Complete","Good",""
"http://environment.data.gov.uk/hydrology/id/measures/585e49e0-7070-4d85-9c52-ccd18a5a1e65-flow-m-86400-m3s-qualified","2025-07-01T09:00:00","2025-07-01","1.047","Complete","Good",""
"http://environment.data.gov.uk/hydrology/id/measures/585e49e0-7070-4d85-9c52-ccd18a5a1e65-flow-m-86400-m3s-qualified","2025-07-02T09:00:00","2025-07-02","1.855","Complete","Good",""
"http://environment.data.gov.uk/hydrology/id/measures/585e49e0-7070-4d85-9c52-ccd18a5a1e65-flow-m-86400-m3s-qualified","2025-07-03T09:00:00","2025-07-03","1.569","Complete","Good",""
"http://environment.data.gov.uk/hydrology/id/measures/585e49e0-7070-4d85-9c52-ccd18a5a1e65-flow-m-86400-m3s-qualified","2025-07-04T09:00:00","2025-07-04","1.164","Complete","Good",""
"http://environment.data.gov.uk/hydrology/id/measures/585e49e0-7070-4d85-9c52-ccd18a5a1e65-flow-m-86400-m3s-qualified","2025-07-05T09:00:00","2025-07-05","1.556","Complete","Good",""
"http://environment.data.gov.uk/hydrology/id/measures/585e49e0-7070-4d85-9c52-ccd18a5a1e65-flow-m-86400-m3s-qualified","2025-07-06T09:00:00","2025-07-06","2.133","Complete","Good",""
"http://environment.data.gov.uk/hydrology/id/measures/585e49e0-7070-4d85-9c52-ccd18a5a1e65-flow-m-86400-m3s-qualified","2025-07-07T09:00:00","2025-07-07","2.203","Complete","Good",""
"http://environment.data.gov.uk/hydrology/id/measures/585e49e0-7070-4d85-9c52-ccd18a5a1e65-flow-m-86400-m3s-qualified","2025-07-08T09:00:00","2025-07-08","1.688","Complete","Good",""
"http://environment.data.gov.uk/hydrology/id/measures/585e49e0-7070-4d85-9c52-ccd18a5a1e65-flow-m-86400-m3s-qualified","2025-07-09T09:00:00","2025-07-09","2.405","Complete","Good",""
"http://environment.data.gov.uk/hydrology/id/measures/585e49e0-7070-4d85-9c52-ccd18a5a1e65-flow-m-86400-m3s-qualified","2025-07-10T09:00:00","2025-07-10","1.419","Complete","Good",""
"http://environment.data.gov.uk/hydrology/id/measures/585e49e0-7070-4d85-9c52-ccd18a5a1e65-flow-m-86400-m3s-qualified","2025-07-11T09:00:00","2025-07-11","1.8","Complete","Good",""
"http://environment.data.gov.uk/hydrology/id/measures/585e49e0-7070-4d85-9c52-ccd18a5a1e65-flow-m-86400-m3s-qualified","2025-07-12T09:00:00","2025-07-12","1.924","Complete","Good",""
"http://environment.data.gov.uk/hydrology/id/measures/585e49e0-7070-4d85-9c52-ccd18a5a1e65-flow-m-86400-m3s-qualified","2025-07-13T09:00:00","2025-07-13","1.575","Complete","Good",""
"http://environment.data.gov.uk/hydrology/id/measures/585e49e0-7070-4d85-9c52-ccd18a5a1e65-flow-m-86400-m3s-qualified","2025-07-14T09:00:00","2025-07-14","0.927","Complete","Good",""
"http://environment.data.gov.uk/hydrology/id/measures/585e49e0-7070-4d85-9c52-ccd18a5a1e65-flow-m-86400-m3s-qualified","2025-07-15T09:00:00","2025-07-15","1.248","Complete","Good",""
"http://environment.data.gov.uk/hydrology/id/measures/585e49e0-7070-4d85-9c52-ccd18a5a1e65-flow-m-86400-m3s-qualified","2025-07-16T09:00:00","2025-07-16","1.295","Complete","Good",""
"http://environment.data.gov.uk/hydrology/id/measures/585e49e0-7070-4d85-9c52-ccd18a5a1e65-flow-m-86400-m3s-qualified","2025-07-17T09:00:00","2025-07-17","1.613","Complete","Good",""
"http://environment.data.gov.uk/hydrology/id/measures/585e49e0-7070-4d85-9c52-ccd18a5a1e65-flow-m-86400-m3s-qualified","2025-07-18T09:00:00","2025-07-18","1.637","Complete","Good",""
"http://environment.data.gov.uk/hydrology/id/measures/585e49e0-7070-4d85-9c52-ccd18a5a1e65-flow-m-86400-m3s-qualified","2025-07-19T09:00:00","2025-07-19","1.848","Complete","Good",""
"http://environment.data.gov.uk/hydrology/id/measures/585e49e0-7070-4d85-9c52-ccd18a5a1e65-flow-m-86400-m3s-qualified","2025-07-20T09:00:00","2025-07-20","1.731","Complete","Good",""
"http://environment.data.gov.uk/hydrology/id/measures/585e49e0-7070-4d85-9c52-ccd18a5a1e65-flow-m-86400-m3s-qualified","2025-07-21T09:00:00","2025-07-21","1.427","Complete","Good",""
"http://environment.data.gov.uk/hydrology/id/measures/585e49e0-7070-4d85-9c52-ccd18a5a1e65-flow-m-86400-m3s-qualified","2025-07-22T09:00:00","2025-07-22","1.44","Complete","Good",""
"http://environment.data.gov.uk/hydrology/id/measures/585e49e0-7070-4d85-9c52-ccd18a5a1e65-flow-m-86400-m3s-qualified","2025-07-23T09:00:00","2025-07-23","1.835","Complete","Good",""
"http://environment.data.gov.uk/hydrology/id/measures/585e49e0-7070-4d85-9c52-ccd18a5a1e65-flow-m-86400-m3s-qualified","2025-07-24T09:00:00","2025-07-24","1.714","Complete","Good",""
"http://environment.data.gov.uk/hydrology/id/measures/585e49e0-7070-4d85-9c52-ccd18a5a1e65-flow-m-86400-m3s-qualified","2025-07-25T09:00:00","2025-07-25","0.571","Complete","Good",""
"http://environment.data.gov.uk/hydrology/id/measures/585e49e0-7070-4d85-9c52-ccd18a5a1e65-flow-m-86400-m3s-qualified","2025-07-26T09:00:00","2025-07-26","1.331","Complete","Good",""
"http://environment.data.gov.uk/hydrology/id/measures/585e49e0-7070-4d85-9c52-ccd18a5a1e65-flow-m-86400-m3s-qualified","2025-07-27T09:00:00","2025-07-27","1.563","Complete","Good",""
"http://environment.data.gov.uk/hydrology/id/measures/585e49e0-7070-4d85-9c52-ccd18a5a1e65-flow-m-86400-m3s-qualified","2025-07-28T09:00:00","2025-07-28","1.174","Complete","Good",""
"http://environment.data.gov.uk/hydrology/id/measures/585e49e0-7070-4d85-9c52-ccd18a5a1e65-flow-m-86400-m3s-qualified","2025-07-29T09:00:00","2025-07-29","2.332","Complete","Good",""
"http://environment.data.gov.uk/hydrology/id/measures/585e49e0-7070-4d85-9c52-ccd18a5a1e65-flow-m-86400-m3s-qualified","2025-07-30T09:00:00","2025-07-30","1.563","Complete","Good",""
"http://environment.data.gov.uk/hydrology/id/measures/585e49e0-7070-4d85-9c52-ccd18a5a1e65-flow-m-86400-m3s-qualified","2025-07-31T09:00:00","2025-07-31","2.334","Complete","Good",""
"http://environment.data.gov.uk/hydrology/id/measures/585e49e0-7070-4d85-9c52-ccd18a5a1e65-flow-m-86400-m3s-qualified","2025-08-01T09:00:00","2025-08-01","2.438","Complete","Good",""
"http://environment.data.gov.uk/hydrology/id/measures/585e49e0-7070-4d85-9c52-ccd18a5a1e65-flow-m-86400-m3s-qualified","2025-08-02T09:00:00","2025-08-02","1.833","Complete","Good",""
"http://environment.data.gov.uk/hydrology/id/measures/585e49e0-7070-4d85-9c52-ccd18a5a1e65-flow-m-86400-m3s-qualified","2025-08-03T09:00:00","2025-08-03","1.257","Complete","Good",""
"http://environment.data.gov.uk/hydrology/id/measures/585e49e0-7070-4d85-9c52-ccd18a5a1e65-flow-m-86400-m3s-qualified","2025-08-04T09:00:00","2025-08-04","1.329","Complete","Good",""
"http://environment.data.gov.uk/hydrology/id/measures/585e49e0-7070-4d85-9c52-ccd18a5a1e65-flow-m-86400-m3s-qualified","2025-08-05T09:00:00","2025-08-05","1.663","Complete","Good",""
"http://environment.data.gov.uk/hydrology/id/measures/585e49e0-7070-4d85-9c52-ccd18a5a1e65-flow-m-86400-m3s-qualified","2025-08-06T09:00:00","2025-08-06","1.7","Complete","Good",""
"http://environment.data.gov.uk/hydrology/id/measures/585e49e0-7070-4d85-9c52-ccd18a5a1e65-flow-m-86400-m3s-qualified","2025-08-07T09:00:00","2025-08-07","1.138","Complete","Good",""
"http://environment.data.gov.uk/hydrology/id/measures/585e49e0-7070-4d85-9c52-ccd18a5a1e65-flow-m-86400-m3s-qualified","2025-08-08T09:00:00","2025-08-08","1.123","Complete","Good",""
"http://environment.data.gov.uk/hydrology/id/measures/585e49e0-7070-4d85-9c52-ccd18a5a1e65-flow-m-86400-m3s-qualified","2025-08-09T09:00:00","2025-08-09","1.061","Complete","Good",""
"http://environment.data.gov.uk/hydrology/id/measures/585e49e0-7070-4d85-9c52-ccd18a5a1e65-flow-m-86400-m3s-qualified","2025-08-10T09:00:00","2025-08-10","1.738","Complete","Good",""
"http://environment.data.gov.uk/hydrology/id/measures/585e49e0-7070-4d85-9c52-ccd18a5a1e65-flow-m-86400-m3s-qualified","2025-08-11T09:00:00","2025-08-11","1.958","Complete","Good",""
"http://environment.data.gov.uk/hydrology/id/measures/585e49e0-7070-4d85-9c52-ccd18a5a1e65-flow-m-86400-m3s-qualified","2025-08-12T09:00:00","2025-08-12","1.935","Complete","Good",""
"http://environment.data.gov.uk/hydrology/id/measures/585e49e0-7070-4d85-9c52-ccd18a5a1e65-flow-m-86400-m3s-qualified","2025-08-13T09:00:00","2025-08-13","0.874","Complete","Good",""
"http://environment.data.gov.uk/hydrology/id/measures/585e49e0-7070-4d85-9c52-ccd18a5a1e65-flow-m-86400-m3s-qualified","2025-08-14T09:00:00","2025-08-14","0.863","Complete","Good",""
"http://environment.data.gov.uk/hydrology/id/measures/585e49e0-7070-4d85-9c52-ccd18a5a1e65-flow-m-86400-m3s-qualified","2025-08-15T09:00:00","2025-08-15","2.276","Complete","Good",""
"http://environment.data.gov.uk/hydrology/id/measures/585e49e0-7070-4d85-9c52-ccd18a5a1e65-flow-m-86400-m3s-qualified","2025-08-16T09:00:00","2025-08-16","2.194","Complete","Good",""
"http://environment.data.gov.uk/hydrology/id/measures/585e49e0-7070-4d85-9c52-ccd18a5a1e65-flow-m-86400-m3s-qualified","2025-08-17T09:00:00","2025-08-17","1.908","Complete","Good",""
"http://environment.data.gov.uk/hydrology/id/measures/585e49e0-7070-4d85-9c52-ccd18a5a1e65-flow-m-86400-m3s-qualified","2025-08-18T09:00:00","2025-08-18","1.642","Complete","Good",""
"http://environment.data.gov.uk/hydrology/id/measures/585e49e0-7070-4d85-9c52-ccd18a5a1e65-flow-m-86400-m3s-qualified","2025-08-19T09:00:00","2025-08-19","1.756","Complete","Good",""
"http://environment.data.gov.uk/hydrology/id/measures/585e49e0-7070-4d85-9c52-ccd18a5a1e65-flow-m-86400-m3s-qualified","2025-08-20T09:00:00","2025-08-20","1.39","Complete","Good",""
"http://environment.data.gov.uk/hydrology/id/measures/585e49e0-7070-4d85-9c52-ccd18a5a1e65-flow-m-86400-m3s-qualified","2025-08-21T09:00:00","2025-08-21","1.573","Complete","Good",""
"http://environment.data.gov.uk/hydrology/id/measures/585e49e0-7070-4d85-9c52-ccd18a5a1e65-flow-m-86400-m3s-qualified","2025-08-22T09:00:00","2025-08-22","1.187","Complete","Good",""
"http://environment.data.gov.uk/hydrology/id/measures/585e49e0-7070-4d85-9c52-ccd18a5a1e65-flow-m-86400-m3s-qualified","2025-08-23T09:00:00","2025-08-23","1.782","Complete","Good",""
"http://environment.data.gov.uk/hydrology/id/measures/585e49e0-7070-4d85-9c52-ccd18a5a1e65-flow-m-86400-m3s-qualified","2025-08-24T09:00:00","2025-08-24","1.245","Complete","Good",""
"http://environment.data.gov.uk/hydrology/id/measures/585e49e0-7070-4d85-9c52-ccd18a5a1e65-flow-m-86400-m3s-qualified","2025-08-25T09:00:00","2025-08-25","0.99","Complete","Good",""
"http://environment.data.gov.uk/hydrology/id/measures/585e49e0-7070-4d85-9c52-ccd18a5a1e65-flow-m-86400-m3s-qualified","2025-08-26T09:00:00","2025-08-26","0.677","Complete","Good",""
"http://environment.data.gov.uk/hydrology/id/measures/585e49e0-7070-4d85-9c52-ccd18a5a1e65-flow-m-86400-m3s-qualified","2025-08-27T09:00:00","2025-08-27","1.131","Complete","Good",""
"http://environment.data.gov.uk/hydrology/id/measures/585e49e0-7070-4d85-9c52-ccd18a5a1e65-flow-m-86400-m3s-qualified","2025-08-28T09:00:00","2025-08-28","1.351","Complete","Good",""
"http://environment.data.gov.uk/hydrology/id/measures/585e49e0-7070-4d85-9c52-ccd18a5a1e65-flow-m-86400-m3s-qualified","2025-08-29T09:00:00","2025-08-29","1.732","Complete","Good",""
"http://environment.data.gov.uk/hydrology/id/measures/585e49e0-7070-4d85-9c52-ccd18a5a1e65-flow-m-86400-m3s-qualified","2025-08-30T09:00:00","2025-08-30","1.66","Complete","Good",""
"http://environment.data.gov.uk/hydrology/id/measures/585e49e0-7070-4d85-9c52-ccd18a5a1e65-flow-m-86400-m3s-qualified","2025-08-31T09:00:00","2025-08-31","1.762","Complete","Good",""
"http://environment.data.gov.uk/hydrology/id/measures/585e49e0-7070-4d85-9c52-ccd18a5a1e65-flow-m-86400-m3s-qualified","2025-09-01T09:00:00","2025-09-01","1.912","Complete","Good",""
"http://environment.data.gov.uk/hydrology/id/measures/585e49e0-7070-4d85-9c52-ccd18a5a1e65-flow-m-86400-m3s-qualified","2025-09-02T09:00:00","2025-09-02","1.97","Complete","Good",""
"http://environment.data.gov.uk/hydrology/id/measures/585e49e0-7070-4d85-9c52-ccd18a5a1e65-flow-m-86400-m3s-qualified","2025-09-03T09:00:00","2025-09-03","2.696","Complete","Good",""
"http://environment.data.gov.uk/hydrology/id/measures/585e49e0-7070-4d85-9c52-ccd18a5a1e65-flow-m-86400-m3s-qualified","2025-09-04T09:00:00","2025-09-04","2.651","Complete","Good",""
"http://environment.data.gov.uk/hydrology/id/measures/585e49e0-7070-4d85-9c52-ccd18a5a1e65-flow-m-86400-m3s-qualified","2025-09-05T09:00:00","2025-09-05","2.116","Complete","Good",""
"http://environment.data.gov.uk/hydrology/id/measures/585e49e0-7070-4d85-9c52-ccd18a5a1e65-flow-m-86400-m3s-qualified","2025-09-06T09:00:00","2025-09-06","1.799","Complete","Good",""
"http://environment.data.gov.uk/hydrology/id/measures/585e49e0-7070-4d85-9c52-ccd18a5a1e65-flow-m-86400-m3s-qualified","2025-09-07T09:00:00","2025-09-07","2.095","Complete","Good",""
"http://environment.data.gov.uk/hydrology/id/measures/585e49e0-7070-4d85-9c52-ccd18a5a1e65-flow-m-86400-m3s-qualified","2025-09-08T09:00:00","2025-09-08","1.735","Complete","Good",""
"http://environment.data.gov.uk/hydrology/id/measures/585e49e0-7070-4d85-9c52-ccd18a5a1e65-flow-m-86400-m3s-qualified","2025-09-09T09:00:00","2025-09-09","1.62","Complete","Good",""
"http://environment.data.gov.uk/hydrology/id/measures/585e49e0-7070-4d85-9c52-ccd18a5a1e65-flow-m-86400-m3s-qualified","2025-09-10T09:00:00","2025-09-10","1.909","Complete","Good",""
"http://environment.data.gov.uk/hydrology/id/measures/585e49e0-7070-4d85-9c52-ccd18a5a1e65-flow-m-86400-m3s-qualified","2025-09-11T09:00:00","2025-09-11","2.903","Complete","Good",""
"http://environment.data.gov.uk/hydrology/id/measures/585e49e0-7070-4d85-9c52-ccd18a5a1e65-flow-m-86400-m3s-qualified","2025-09-12T09:00:00","2025-09-12","2.958","Complete","Good",""
"http://environment.data.gov.uk/hydrology/id/measures/585e49e0-7070-4d85-9c52-ccd18a5a1e65-flow-m-86400-m3s-qualified","2025-09-13T09:00:00","2025-09-13","2.137","Complete","Good",""
"http://environment.data.gov.uk/hydrology/id/measures/585e49e0-7070-4d85-9c52-ccd18a5a1e65-flow-m-86400-m3s-qualified","2025-09-14T09:00:00","2025-09-14","2.463","Complete","Good",""
"http://environment.data.gov.uk/hydrology/id/measures/585e49e0-7070-4d85-9c52-ccd18a5a1e65-flow-m-86400-m3s-qualified","2025-09-15T09:00:00","2025-09-15","2.663","Complete","Good",""
"http://environment.data.gov.uk/hydrology/id/measures/585e49e0-7070-4d85-9c52-ccd18a5a1e65-flow-m-86400-m3s-qualified","2025-09-16T09:00:00","2025-09-16","2.628","Complete","Good",""
"http://environment.data.gov.uk/hydrology/id/measures/585e49e0-7070-4d85-9c52-ccd18a5a1e65-flow-m-86400-m3s-qualified","2025-09-17T09:00:00","2025-09-17","1.71","Complete","Good",""
"http://environment.data.gov.uk/hydrology/id/measures/585e49e0-7070-4d85-9c52-ccd18a5a1e65-flow-m-86400-m3s-qualified","2025-09-18T09:00:00","2025-09-18","1.534","Complete","Unchecked",""
"http://environment.data.gov.uk/hydrology/id/measures/585e49e0-7070-4d85-9c52-ccd18a5a1e65-flow-m-86400-m3s-qualified","2025-09-19T09:00:00","2025-09-19","1.635","Complete","Unchecked",""
"http://environment.data.gov.uk/hydrology/id/measures/585e49e0-7070-4d85-9c52-ccd18a5a1e65-flow-m-86400-m3s-qualified","2025-09-20T09:00:00","2025-09-20","1.471","Complete","Good",""
"http://environment.data.gov.uk/hydrology/id/measures/585e49e0-7070-4d85-9c52-ccd18a5a1e65-flow-m-86400-m3s-qualified","2025-09-21T09:00:00","2025-09-21","1.906","Complete","Good",""
"http://environment.data.gov.uk/hydrology/id/measures/585e49e0-7070-4d85-9c52-ccd18a5a1e65-flow-m-86400-m3s-qualified","2025-09-22T09:00:00","2025-09-22","1.809","Complete","Good",""
"http://environment.data.gov.uk/hydrology/id/measures/585e49e0-7070-4d85-9c52-ccd18a5a1e65-flow-m-86400-m3s-qualified","2025-09-23T09:00:00","2025-09-23","1.84","Complete","Good",""
"http://environment.data.gov.uk/hydrology/id/measures/585e49e0-7070-4d85-9c52-ccd18a5a1e65-flow-m-86400-m3s-qualified","2025-09-24T09:00:00","2025-09-24","1.734","Complete","Good",""
"http://environment.data.gov.uk/hydrology/id/measures/585e49e0-7070-4d85-9c52-ccd18a5a1e65-flow-m-86400-m3s-qualified","2025-09-25T09:00:00","2025-09-25","1.79","Complete","Unchecked",""
"http://environment.data.gov.uk/hydrology/id/measures/585e49e0-7070-4d85-9c52-ccd18a5a1e65-flow-m-86400-m3s-qualified","2025-09-26T09:00:00","2025-09-26","1.477","Complete","Good",""
"http://environment.data.gov.uk/hydrology/id/measures/585e49e0-7070-4d85-9c52-ccd18a5a1e65-flow-m-86400-m3s-qualified","2025-09-27T09:00:00","2025-09-27","1.352","Complete","Unchecked",""
"http://environment.data.gov.uk/hydrology/id/measures/585e49e0-7070-4d85-9c52-ccd18a5a1e65-flow-m-86400-m3s-qualified","2025-09-28T09:00:00","2025-09-28","1.599","Complete","Good",""
"http://environment.data.gov.uk/hydrology/id/measures/585e49e0-7070-4d85-9c52-ccd18a5a1e65-flow-m-86400-m3s-qualified","2025-09-29T09:00:00","2025-09-29","1.664","Complete","Good",""
"http://environment.data.gov.uk/hydrology/id/measures/585e49e0-7070-4d85-9c52-ccd18a5a1e65-flow-m-86400-m3s-qualified","2025-09-30T09:00:00","2025-09-30","1.278","Complete","Unchecked",""
"http://environment.data.gov.uk/hydrology/id/measures/585e49e0-7070-4d85-9c52-ccd18a5a1e65-flow-m-86400-m3s-qualified","2025-10-01T09:00:00","2025-10-01","1.364","Complete","Unchecked",""
"http://environment.data.gov.uk/hydrology/id/measures/585e49e0-7070-4d85-9c52-ccd18a5a1e65-flow-m-86400-m3s-qualified","2025-10-02T09:00:00","2025-10-02","1.32","Complete","Unchecked",""
"http://environment.data.gov.uk/hydrology/id/measures/585e49e0-7070-4d85-9c52-ccd18a5a1e65-flow-m-86400-m3s-qualified","2025-10-03T09:00:00","2025-10-03","1.85","Complete","Unchecked",""
"http://environment.data.gov.uk/hydrology/id/measures/585e49e0-7070-4d85-9c52-ccd18a5a1e65-flow-m-86400-m3s-qualified","2025-10-04T09:00:00","2025-10-04","2.512","Complete","Good",""
"http://environment.data.gov.uk/hydrology/id/measures/585e49e0-7070-4d85-9c52-ccd18a5a1e65-flow-m-86400-m3s-qualified","2025-10-05T09:00:00","2025-10-05","1.848","Complete","Good",""
"http://environment.data.gov.uk/hydrology/id/measures/585e49e0-7070-4d85-9c52-ccd18a5a1e65-flow-m-86400-m3s-qualified","2025-10-06T09:00:00","2025-10-06","1.421","Complete","Unchecked",""
"http://environment.data.gov.uk/hydrology/id/measures/585e49e0-7070-4d85-9c52-ccd18a5a1e65-flow-m-86400-m3s-qualified","2025-10-07T09:00:00","2025-10-07","1.394","Complete","Good",""
"http://environment.data.gov.uk/hydrology/id/measures/585e49e0-7070-4d85-9c52-ccd18a5a1e65-flow-m-86400-m3s-qualified","2025-10-08T09:00:00","2025-10-08","1.319","Complete","Unchecked",""
"http://environment.data.gov.uk/hydrology/id/measures/585e49e0-7070-4d85-9c52-ccd18a5a1e65-flow-m-86400-m3s-qualified","2025-10-09T09:00:00","2025-10-09","1.554","Complete","Good",""
"http://environment.data.gov.uk/hydrology/id/measures/585e49e0-7070-4d85-9c52-ccd18a5a1e65-flow-m-86400-m3s-qualified","2025-10-10T09:00:00","2025-10-10","1.314","Complete","Unchecked",""
"http://environment.data.gov.uk/hydrology/id/measures/585e49e0-7070-4d85-9c52-ccd18a5a1e65-flow-m-86400-m3s-qualified","2025-10-11T09:00:00","2025-10-11","1.444","Complete","Unchecked",""
"http://environment.data.gov.uk/hydrology/id/measures/585e49e0-7070-4d85-9c52-ccd18a5a1e65-flow-m-86400-m3s-qualified","2025-10-12T09:00:00","2025-10-12","1.46","Complete","Good",""
"http://environment.data.gov.uk/hydrology/id/measures/585e49e0-7070-4d85-9c52-ccd18a5a1e65-flow-m-86400-m3s-qualified","2025-10-13T09:00:00","2025-10-13","1.584","Complete","Good",""
"http://environment.data.gov.uk/hydrology/id/measures/585e49e0-7070-4d85-9c52-ccd18a5a1e65-flow-m-86400-m3s-qualified","2025-10-14T09:00:00","2025-10-14","1.517","Complete","Good",""
"http://environment.data.gov.uk/hydrology/id/measures/585e49e0-7070-4d85-9c52-ccd18a5a1e65-flow-m-86400-m3s-qualified","2025-10-15T09:00:00","2025-10-15","1.512","Complete","Good",""
"http://environment.data.gov.uk/hydrology/id/measures/585e49e0-7070-4d85-9c52-ccd18a5a1e65-flow-m-86400-m3s-qualified","2025-10-16T09:00:00","2025-10-16","1.471","Complete","Unchecked",""
"http://environment.data.gov.uk/hydrology/id/measures/585e49e0-7070-4d85-9c52-ccd18a5a1e65-flow-m-86400-m3s-qualified","2025-10-17T09:00:00","2025-10-17","1.475","Complete","Good",""
"http://environment.data.gov.uk/hydrology/id/measures/585e49e0-7070-4d85-9c52-ccd18a5a1e65-flow-m-86400-m3s-qualified","2025-10-18T09:00:00","2025-10-18","1.541","Complete","Good",""
"http://environment.data.gov.uk/hydrology/id/measures/585e49e0-7070-4d85-9c52-ccd18a5a1e65-flow-m-86400-m3s-qualified","2025-10-19T09:00:00","2025-10-19","2.011","Complete","Good",""
"http://environment.data.gov.uk/hydrology/id/measures/585e49e0-7070-4d85-9c52-ccd18a5a1e65-flow-m-86400-m3s-qualified","2025-10-20T09:00:00","2025-10-20","3.152","Complete","Good",""
"http://environment.data.gov.uk/hydrology/id/measures/585e49e0-7070-4d85-9c52-ccd18a5a1e65-flow-m-86400-m3s-qualified","2025-10-21T09:00:00","2025-10-21","2.382","Complete","Good",""
"http://environment.data.gov.uk/hydrology/id/measures/585e49e0-7070-4d85-9c52-ccd18a5a1e65-flow-m-86400-m3s-qualified","2025-10-22T09:00:00","2025-10-22","2.305","Complete","Good",""
"http://environment.data.gov.uk/hydrology/id/measures/585e49e0-7070-4d85-9c52-ccd18a5a1e65-flow-m-86400-m3s-qualified","2025-10-23T09:00:00","2025-10-23","2.784","Complete","Good",""
"http://environment.data.gov.uk/hydrology/id/measures/585e49e0-7070-4d85-9c52-ccd18a5a1e65-flow-m-86400-m3s-qualified","2025-10-24T09:00:00","2025-10-24","2.477","Complete","Good",""
"http://environment.data.gov.uk/hydrology/id/measures/585e49e0-7070-4d85-9c52-ccd18a5a1e65-flow-m-86400-m3s-qualified","2025-10-25T09:00:00","2025-10-25","2.854","Complete","Good",""
"http://environment.data.gov.uk/hydrology/id/measures/585e49e0-7070-4d85-9c52-ccd18a5a1e65-flow-m-86400-m3s-qualified","2025-10-26T09:00:00","2025-10-26","3.081","Complete","Good",""
"http://environment.data.gov.uk/hydrology/id/measures/585e49e0-7070-4d85-9c52-ccd18a5a1e65-flow-m-86400-m3s-qualified","2025-10-27T09:00:00","2025-10-27","2.353","Complete","Good",""
"http://environment.data.gov.uk/hydrology/id/measures/585e49e0-7070-4d85-9c52-ccd18a5a1e65-flow-m-86400-m3s-qualified","2025-10-28T09:00:00","2025-10-28","2.195","Complete","Good",""
"http://environment.data.gov.uk/hydrology/id/measures/585e49e0-7070-4d85-9c52-ccd18a5a1e65-flow-m-86400-m3s-qualified","2025-10-29T09:00:00","2025-10-29","2.151","Complete","Good",""
"http://environment.data.gov.uk/hydrology/id/measures/585e49e0-7070-4d85-9c52-ccd18a5a1e65-flow-m-86400-m3s-qualified","2025-10-30T09:00:00","2025-10-30","2.301","Complete","Good",""
"http://environment.data.gov.uk/hydrology/id/measures/585e49e0-7070-4d85-9c52-ccd18a5a1e65-flow-m-86400-m3s-qualified","2025-10-31T09:00:00","2025-10-31","3.294","Complete","Good",""
"http://environment.data.gov.uk/hydrology/id/measures/585e49e0-7070-4d85-9c52-ccd18a5a1e65-flow-m-86400-m3s-qualified","2025-11-01T09:00:00","2025-11-01","5.123","Complete","Good",""
"http://environment.data.gov.uk/hydrology/id/measures/585e49e0-7070-4d85-9c52-ccd18a5a1e65-flow-m-86400-m3s-qualified","2025-11-02T09:00:00","2025-11-02","4.237","Complete","Good",""
"http://environment.data.gov.uk/hydrology/id/measures/585e49e0-7070-4d85-9c52-ccd18a5a1e65-flow-m-86400-m3s-qualified","2025-11-03T09:00:00","2025-11-03","3.402","Complete","Good",""
"http://environment.data.gov.uk/hydrology/id/measures/585e49e0-7070-4d85-9c52-ccd18a5a1e65-flow-m-86400-m3s-qualified","2025-11-04T09:00:00","2025-11-04","3.377","Complete","Good",""
"http://environment.data.gov.uk/hydrology/id/measures/585e49e0-7070-4d85-9c52-ccd18a5a1e65-flow-m-86400-m3s-qualified","2025-11-05T09:00:00","2025-11-05","2.955","Complete","Good",""
"http://environment.data.gov.uk/hydrology/id/measures/585e49e0-7070-4d85-9c52-ccd18a5a1e65-flow-m-86400-m3s-qualified","2025-11-06T09:00:00","2025-11-06","2.821","Complete","Good",""
"http://environment.data.gov.uk/hydrology/id/measures/585e49e0-7070-4d85-9c52-ccd18a5a1e65-flow-m-86400-m3s-qualified","2025-11-07T09:00:00","2025-11-07","3.15","Complete","Good",""
"http://environment.data.gov.uk/hydrology/id/measures/585e49e0-7070-4d85-9c52-ccd18a5a1e65-flow-m-86400-m3s-qualified","2025-11-08T09:00:00","2025-11-08","3.101","Complete","Good",""
"http://environment.data.gov.uk/hydrology/id/measures/585e49e0-7070-4d85-9c52-ccd18a5a1e65-flow-m-86400-m3s-qualified","2025-11-09T09:00:00","2025-11-09","3.582","Complete","Good",""
"http://environment.data.gov.uk/hydrology/id/measures/585e49e0-7070-4d85-9c52-ccd18a5a1e65-flow-m-86400-m3s-qualified","2025-11-10T09:00:00","2025-11-10","6.788","Complete","Good",""
"http://environment.data.gov.uk/hydrology/id/measures/585e49e0-7070-4d85-9c52-ccd18a5a1e65-flow-m-86400-m3s-qualified","2025-11-11T09:00:00","2025-11-11","9.094","Complete","Good",""
"http://environment.data.gov.uk/hydrology/id/measures/585e49e0-7070-4d85-9c52-ccd18a5a1e65-flow-m-86400-m3s-qualified","2025-11-12T09:00:00","2025-11-12","11.096","Complete","Good",""
"http://environment.data.gov.uk/hydrology/id/measures/585e49e0-7070-4d85-9c52-ccd18a5a1e65-flow-m-86400-m3s-qualified","2025-11-13T09:00:00","2025-11-13","13.144","Complete","Good",""
"http://environment.data.gov.uk/hydrology/id/measures/585e49e0-7070-4d85-9c52-ccd18a5a1e65-flow-m-86400-m3s-qualified","2025-11-14T09:00:00","2025-11-14","31.619","Complete","Good",""
"http://environment.data.gov.uk/hydrology/id/measures/585e49e0-7070-4d85-9c52-ccd18a5a1e65-flow-m-86400-m3s-qualified","2025-11-15T09:00:00","2025-11-15","49.662","Complete","Good",""
"http://environment.data.gov.uk/hydrology/id/measures/585e49e0-7070-4d85-9c52-ccd18a5a1e65-flow-m-86400-m3s-qualified","2025-11-16T09:00:00","2025-11-16","53.141","Complete","Good",""
"http://environment.data.gov.uk/hydrology/id/measures/585e49e0-7070-4d85-9c52-ccd18a5a1e65-flow-m-86400-m3s-qualified","2025-11-17T09:00:00","2025-11-17","25.678","Complete","Good",""
"http://environment.data.gov.uk/hydrology/id/measures/585e49e0-7070-4d85-9c52-ccd18a5a1e65-flow-m-86400-m3s-qualified","2025-11-18T09:00:00","2025-11-18","17.652","Complete","Good",""
"http://environment.data.gov.uk/hydrology/id/measures/585e49e0-7070-4d85-9c52-ccd18a5a1e65-flow-m-86400-m3s-qualified","2025-11-19T09:00:00","2025-11-19","14.224","Complete","Good",""
"http://environment.data.gov.uk/hydrology/id/measures/585e49e0-7070-4d85-9c52-ccd18a5a1e65-flow-m-86400-m3s-qualified","2025-11-20T09:00:00","2025-11-20","11.666","Complete","Good",""
"http://environment.data.gov.uk/hydrology/id/measures/585e49e0-7070-4d85-9c52-ccd18a5a1e65-flow-m-86400-m3s-qualified","2025-11-21T09:00:00","2025-11-21","9.966","Complete","Good",""
"http://environment.data.gov.uk/hydrology/id/measures/585e49e0-7070-4d85-9c52-ccd18a5a1e65-flow-m-86400-m3s-qualified","2025-11-22T09:00:00","2025-11-22","9.7","Complete","Good",""
"http://environment.data.gov.uk/hydrology/id/measures/585e49e0-7070-4d85-9c52-ccd18a5a1e65-flow-m-86400-m3s-qualified","2025-11-23T09:00:00","2025-11-23","12.969","Complete","Good",""
"http://environment.data.gov.uk/hydrology/id/measures/585e49e0-7070-4d85-9c52-ccd18a5a1e65-flow-m-86400-m3s-qualified","2025-11-24T09:00:00","2025-11-24","16.578","Complete","Good",""
"http://environment.data.gov.uk/hydrology/id/measures/585e49e0-7070-4d85-9c52-ccd18a5a1e65-flow-m-86400-m3s-qualified","2025-11-25T09:00:00","2025-11-25","12.658","Complete","Good",""
"http://environment.data.gov.uk/hydrology/id/measures/585e49e0-7070-4d85-9c52-ccd18a5a1e65-flow-m-86400-m3s-qualified","2025-11-26T09:00:00","2025-11-26","10.221","Complete","Good",""
"http://environment.data.gov.uk/hydrology/id/measures/585e49e0-7070-4d85-9c52-ccd18a5a1e65-flow-m-86400-m3s-qualified","2025-11-27T09:00:00","2025-11-27","9.519","Complete","Good",""
"http://environment.data.gov.uk/hydrology/id/measures/585e49e0-7070-4d85-9c52-ccd18a5a1e65-flow-m-86400-m3s-qualified","2025-11-28T09:00:00","2025-11-28","9.095","Complete","Good",""
"http://environment.data.gov.uk/hydrology/id/measures/585e49e0-7070-4d85-9c52-ccd18a5a1e65-flow-m-86400-m3s-qualified","2025-11-29T09:00:00","2025-11-29","12.873","Complete","Good",""
"http://environment.data.gov.uk/hydrology/id/measures/585e49e0-7070-4d85-9c52-ccd18a5a1e65-flow-m-86400-m3s-qualified","2025-11-30T09:00:00","2025-11-30","13.674","Complete","Good",""
"http://environment.data.gov.uk/hydrology/id/measures/585e49e0-7070-4d85-9c52-ccd18a5a1e65-flow-m-86400-m3s-qualified","2025-12-01T09:00:00","2025-12-01","23.366","Complete","Good",""
"http://environment.data.gov.uk/hydrology/id/measures/585e49e0-7070-4d85-9c52-ccd18a5a1e65-flow-m-86400-m3s-qualified","2025-12-02T09:00:00","2025-12-02","41.102","Complete","Good",""
"http://environment.data.gov.uk/hydrology/id/measures/585e49e0-7070-4d85-9c52-ccd18a5a1e65-flow-m-86400-m3s-qualified","2025-12-03T09:00:00","2025-12-03","29.236","Complete","Good",""
"http://environment.data.gov.uk/hydrology/id/measures/585e49e0-7070-4d85-9c52-ccd18a5a1e65-flow-m-86400-m3s-qualified","2025-12-04T09:00:00","2025-12-04","23.525","Complete","Good",""
"http://environment.data.gov.uk/hydrology/id/measures/585e49e0-7070-4d85-9c52-ccd18a5a1e65-flow-m-86400-m3s-qualified","2025-12-05T09:00:00","2025-12-05","24.466","Complete","Good",""
"http://environment.data.gov.uk/hydrology/id/measures/585e49e0-7070-4d85-9c52-ccd18a5a1e65-flow-m-86400-m3s-qualified","2025-12-06T09:00:00","2025-12-06","30.685","Complete","Good",""
"http://environment.data.gov.uk/hydrology/id/measures/585e49e0-7070-4d85-9c52-ccd18a5a1e65-flow-m-86400-m3s-qualified","2025-12-07T09:00:00","2025-12-07","29.913","Complete","Good",""
"http://environment.data.gov.uk/hydrology/id/measures/585e49e0-7070-4d85-9c52-ccd18a5a1e65-flow-m-86400-m3s-qualified","2025-12-08T09:00:00","2025-12-08","31.048","Complete","Good",""
"http://environment.data.gov.uk/hydrology/id/measures/585e49e0-7070-4d85-9c52-ccd18a5a1e65-flow-m-86400-m3s-qualified","2025-12-09T09:00:00","2025-12-09","43.097","Complete","Good",""
"http://environment.data.gov.uk/hydrology/id/measures/585e49e0-7070-4d85-9c52-ccd18a5a1e65-flow-m-86400-m3s-qualified","2025-12-10T09:00:00","2025-12-10","46.778","Complete","Good",""
"http://environment.data.gov.uk/hydrology/id/measures/585e49e0-7070-4d85-9c52-ccd18a5a1e65-flow-m-86400-m3s-qualified","2025-12-11T09:00:00","2025-12-11","28.381","Complete","Good",""
"http://environment.data.gov.uk/hydrology/id/measures/585e49e0-7070-4d85-9c52-ccd18a5a1e65-flow-m-86400-m3s-qualified","2025-12-12T09:00:00","2025-12-12","21.981","Complete","Good",""
"http://environment.data.gov.uk/hydrology/id/measures/585e49e0-7070-4d85-9c52-ccd18a5a1e65-flow-m-86400-m3s-qualified","2025-12-13T09:00:00","2025-12-13","18.442","Complete","Good",""
"http://environment.data.gov.uk/hydrology/id/measures/585e49e0-7070-4d85-9c52-ccd18a5a1e65-flow-m-86400-m3s-qualified","2025-12-14T09:00:00","2025-12-14","16.233","Complete","Good",""
"http://environment.data.gov.uk/hydrology/id/measures/585e49e0-7070-4d85-9c52-ccd18a5a1e65-flow-m-86400-m3s-qualified","2025-12-15T09:00:00","2025-12-15","19.366","Complete","Good",""
"http://environment.data.gov.uk/hydrology/id/measures/585e49e0-7070-4d85-9c52-ccd18a5a1e65-flow-m-86400-m3s-qualified","2025-12-16T09:00:00","2025-12-16","45.127","Complete","Good",""
"http://environment.data.gov.uk/hydrology/id/measures/585e49e0-7070-4d85-9c52-ccd18a5a1e65-flow-m-86400-m3s-qualified","2025-12-17T09:00:00","2025-12-17","49.244","Complete","Good",""
"http://environment.data.gov.uk/hydrology/id/measures/585e49e0-7070-4d85-9c52-ccd18a5a1e65-flow-m-86400-m3s-qualified","2025-12-18T09:00:00","2025-12-18","58.069","Complete","Good",""
"http://environment.data.gov.uk/hydrology/id/measures/585e49e0-7070-4d85-9c52-ccd18a5a1e65-flow-m-86400-m3s-qualified","2025-12-19T09:00:00","2025-12-19","82.243","Complete","Good",""
"http://environment.data.gov.uk/hydrology/id/measures/585e49e0-7070-4d85-9c52-ccd18a5a1e65-flow-m-86400-m3s-qualified","2025-12-20T09:00:00","2025-12-20","60.65","Complete","Good",""
"http://environment.data.gov.uk/hydrology/id/measures/585e49e0-7070-4d85-9c52-ccd18a5a1e65-flow-m-86400-m3s-qualified","2025-12-21T09:00:00","2025-12-21","34.73","Complete","Good",""
"http://environment.data.gov.uk/hydrology/id/measures/585e49e0-7070-4d85-9c52-ccd18a5a1e65-flow-m-86400-m3s-qualified","2025-12-22T09:00:00","2025-12-22","28.355","Complete","Good",""
"http://environment.data.gov.uk/hydrology/id/measures/585e49e0-7070-4d85-9c52-ccd18a5a1e65-flow-m-86400-m3s-qualified","2025-12-23T09:00:00","2025-12-23","23.204","Complete","Good",""
"http://environment.data.gov.uk/hydrology/id/measures/585e49e0-7070-4d85-9c52-ccd18a5a1e65-flow-m-86400-m3s-qualified","2025-12-24T09:00:00","2025-12-24","18.713","Complete","Good",""
"http://environment.data.gov.uk/hydrology/id/measures/585e49e0-7070-4d85-9c52-ccd18a5a1e65-flow-m-86400-m3s-qualified","2025-12-25T09:00:00","2025-12-25","16.141","Complete","Good",""
"http://environment.data.gov.uk/hydrology/id/measures/585e49e0-7070-4d85-9c52-ccd18a5a1e65-flow-m-86400-m3s-qualified","2025-12-26T09:00:00","2025-12-26","14.178","Complete","Good",""
"http://environment.data.gov.uk/hydrology/id/measures/585e49e0-7070-4d85-9c52-ccd18a5a1e65-flow-m-86400-m3s-qualified","2025-12-27T09:00:00","2025-12-27","12.701","Complete","Good",""
"http://environment.data.gov.uk/hydrology/id/measures/585e49e0-7070-4d85-9c52-ccd18a5a1e65-flow-m-86400-m3s-qualified","2025-12-28T09:00:00","2025-12-28","11.579","Complete","Good",""
"http://environment.data.gov.uk/hydrology/id/measures/585e49e0-7070-4d85-9c52-ccd18a5a1e65-flow-m-86400-m3s-qualified","2025-12-29T09:00:00","2025-12-29","10.669","Complete","Good",""
"http://environment.data.gov.uk/hydrology/id/measures/585e49e0-7070-4d85-9c52-ccd18a5a1e65-flow-m-86400-m3s-qualified","2025-12-30T09:00:00","2025-12-30","9.796","Complete","Good",""
"http://environment.data.gov.uk/hydrology/id/measures/585e49e0-7070-4d85-9c52-ccd18a5a1e65-flow-m-86400-m3s-qualified","2025-12-31T09:00:00","2025-12-31","9.085","Complete","Good",""
