"measure","dateTime","date","value","completeness","quality","qcode"
"http://environment.data.gov.uk/hydrology/id/measures/29434d59-1597-4783-b0b6-9f9a821d30d8-flow-m-86400-m3s-qualified","2021-01-01T09:00:00","2021-01-01","6.129","Complete","Good",""
"http://environment.data.gov.uk/hydrology/id/measures/29434d59-1597-4783-b0b6-9f9a821d30d8-flow-m-86400-m3s-qualified","2021-01-02T09:00:00","2021-01-02","5.975","Complete","Good",""
"http://environment.data.gov.uk/hydrology/id/measures/29434d59-1597-4783-b0b6-9f9a821d30d8-flow-m-86400-m3s-qualified","2021-01-03T09:00:00","2021-01-03","5.581","Complete","Good",""
"http://environment.data.gov.uk/hydrology/id/measures/29434d59-1597-4783-b0b6-9f9a821d30d8-flow-m-86400-m3s-qualified","2021-01-04T09:00:00","2021-01-04","5.074","Complete","Good",""
"http://environment.data.gov.uk/hydrology/id/measures/29434d59-1597-4783-b0b6-9f9a821d30d8-flow-m-86400-m3s-qualified","2021-01-05T09:00:00","2021-01-05","4.597","Complete","Good",""
"http://environment.data.gov.uk/hydrology/id/measures/29434d59-1597-4783-b0b6-9f9a821d30d8-flow-m-86400-m3s-qualified","2021-01-06T09:00:00","2021-01-06","4.261","Complete","Good",""
"http://environment.data.gov.uk/hydrology/id/measures/29434d59-1597-4783-b0b6-9f9a821d30d8-flow-m-86400-m3s-qualified","2021-01-07T09:00:00","2021-01-07","3.989","Complete","Good",""
"http://environment.data.gov.uk/hydrology/id/measures/29434d59-1597-4783-b0b6-9f9a821d30d8-flow-m-86400-m3s-qualified","2021-01-08T09:00:00","2021-01-08","3.785","Complete","Good",""
"http://environment.data.gov.uk/hydrology/id/measures/29434d59-1597-4783-b0b6-9f9a821d30d8-flow-m-86400-m3s-qualified","2021-01-09T09:00:00","2021-01-09","3.453","Complete","Good",""
"http://environment.data.gov.uk/hydrology/id/measures/29434d59-1597-4783-b0b6-9f9a821d30d8-flow-m-86400-m3s-qualified","2021-01-10T09:00:00","2021-01-10","3.28","Complete","Good",""
"http://environment.data.gov.uk/hydrology/id/measures/29434d59-1597-4783-b0b6-9f9a821d30d8-flow-m-86400-m3s-qualified","2021-01-11T09:00:00","2021-01-11","3.358","Complete","Good",""
"http://environment.data.gov.uk/hydrology/id/measures/29434d59-1597-4783-b0b6-9f9a821d30d8-flow-m-86400-m3s-qualified","2021-01-12T09:00:00","2021-01-12","6.709","Complete","Good",""
"http://environment.data.gov.uk/hydrology/id/measures/29434d59-1597-4783-b0b6-9f9a821d30d8-flow-m-86400-m3s-qualified","2021-01-13T09:00:00","2021-01-13","5.878","Complete","Good",""
"http://environment.data.gov.uk/hydrology/id/measures/29434d59-1597-4783-b0b6-9f9a821d30d8-flow-m-86400-m3s-qualified","2021-01-14T09:00:00","2021-01-14","7.512","Complete","Good",""
"http://environment.data.gov.uk/hydrology/id/measures/29434d59-1597-4783-b0b6-9f9a821d30d8-flow-m-86400-m3s-qualified","2021-01-15T09:00:00","2021-01-15","5.705","Complete","Good",""
"http://environment.data.gov.uk/hydrology/id/measures/29434d59-1597-4783-b0b6-9f9a821d30d8-flow-m-86400-m3s-qualified","2021-01-16T09:00:00","2021-01-16","13.461","Complete","Good",""
"http://environment.data.gov.uk/hydrology/id/measures/29434d59-1597-4783-b0b6-9f9a821d30d8-flow-m-86400-m3s-qualified","2021-01-17T09:00:00","2021-01-17","7.252","Complete","Good",""
"http://environment.data.gov.uk/hydrology/id/measures/29434d59-1597-4783-b0b6-9f9a821d30d8-flow-m-86400-m3s-qualified","2021-01-18T09:00:00","2021-01-18","6.838","Complete","Good",""
"http://environment.data.gov.uk/hydrology/id/measures/29434d59-1597-4783-b0b6-9f9a821d30d8-flow-m-86400-m3s-qualified","2021-01-19T09:00:00","2021-01-19","9.947","Complete","Good",""
"http://environment.data.gov.uk/hydrology/id/measures/29434d59-1597-4783-b0b6-9f9a821d30d8-flow-m-86400-m3s-qualified","2021-01-20T09:00:00","2021-01-20","27.956","Complete","Good",""
"http://environment.data.gov.uk/hydrology/id/measures/29434d59-1597-4783-b0b6-9f9a821d30d8-flow-m-86400-m3s-qualified","2021-01-21T09:00:00","2021-01-21","17.757","Complete","Good",""
"http://environment.data.gov.uk/hydrology/id/measures/29434d59-1597-4783-b0b6-9f9a821d30d8-flow-m-86400-m3s-qualified","2021-01-22T09:00:00","2021-01-22","9.505","Complete","Good",""
"http://environment.data.gov.uk/hydrology/id/measures/29434d59-1597-4783-b0b6-9f9a821d30d8-flow-m-86400-m3s-qualified","2021-01-23T09:00:00","2021-01-23","7.523","Complete","Good",""
"http://environment.data.gov.uk/hydrology/id/measures/29434d59-1597-4783-b0b6-9f9a821d30d8-flow-m-86400-m3s-qualified","2021-01-24T09:00:00","2021-01-24","6.804","Complete","Good",""
"http://environment.data.gov.uk/hydrology/id/measures/29434d59-1597-4783-b0b6-9f9a821d30d8-flow-m-86400-m3s-qualified","2021-01-25T09:00:00","2021-01-25","6.37","Complete","Good",""
"http://environment.data.gov.uk/hydrology/id/measures/29434d59-1597-4783-b0b6-9f9a821d30d8-flow-m-86400-m3s-qualified","2021-01-26T09:00:00","2021-01-26","8.308","Complete","Good",""
"http://environment.data.gov.uk/hydrology/id/measures/29434d59-1597-4783-b0b6-9f9a821d30d8-flow-m-86400-m3s-qualified","2021-01-27T09:00:00","2021-01-27","9.23","Complete","Good",""
"http://environment.data.gov.uk/hydrology/id/measures/29434d59-1597-4783-b0b6-9f9a821d30d8-flow-m-86400-m3s-qualified","2021-01-28T09:00:00","2021-01-28","23.185","Complete","Good",""
"http://environment.data.gov.uk/hydrology/id/measures/29434d59-1597-4783-b0b6-9f9a821d30d8-flow-m-86400-m3s-qualified","2021-01-29T09:00:00","2021-01-29","23.411","Complete","Good",""
"http://environment.data.gov.uk/hydrology/id/measures/29434d59-1597-4783-b0b6-9f9a821d30d8-flow-m-86400-m3s-qualified","2021-01-30T09:00:00","2021-01-30","23.655","Complete","Good",""
"http://environment.data.gov.uk/hydrology/id/measures/29434d59-1597-4783-b0b6-9f9a821d30d8-flow-m-86400-m3s-qualified","2021-01-31T09:00:00","2021-01-31","12.845","Complete","Good",""
"http://environment.data.gov.uk/hydrology/id/measures/29434d59-1597-4783-b0b6-9f9a821d30d8-flow-m-86400-m3s-qualified","2021-02-01T09:00:00","2021-02-01","11.272","Complete","Good",""
"http://environment.data.gov.uk/hydrology/id/measures/29434d59-1597-4783-b0b6-9f9a821d30d8-flow-m-86400-m3s-qualified","2021-02-02T09:00:00","2021-02-02","14.735","Complete","Good",""
"http://environment.data.gov.uk/hydrology/id/measures/29434d59-1597-4783-b0b6-9f9a821d30d8-flow-m-86400-m3s-qualified","2021-02-03T09:00:00","2021-02-03","10.236","Complete","Good",""
"http://environment.data.gov.uk/hydrology/id/measures/29434d59-1597-4783-b0b6-9f9a821d30d8-flow-m-86400-m3s-qualified","2021-02-04T09:00:00","2021-02-04","11.728","Complete","Good",""
"http://environment.data.gov.uk/hydrology/id/measures/29434d59-1597-4783-b0b6-9f9a821d30d8-flow-m-86400-m3s-qualified","2021-02-05T09:00:00","2021-02-05","11.082","Complete","Good",""
"http://environment.data.gov.uk/hydrology/id/measures/29434d59-1597-4783-b0b6-9f9a821d30d8-flow-m-86400-m3s-qualified","2021-02-06T09:00:00","2021-02-06","8.869","Complete","Good",""
"http://environment.data.gov.uk/hydrology/id/measures/29434d59-1597-4783-b0b6-9f9a821d30d8-flow-m-86400-m3s-qualified","2021-02-07T09:00:00","2021-02-07","7.412","Complete","Good",""
"http://environment.data.gov.uk/hydrology/id/measures/29434d59-1597-4783-b0b6-9f9a821d30d8-flow-m-86400-m3s-qualified","2021-02-08T09:00:00","2021-02-08","6.419","Complete","Good",""
"http://environment.data.gov.uk/hydrology/id/measures/29434d59-1597-4783-b0b6-9f9a821d30d8-flow-m-86400-m3s-qualified","2021-02-09T09:00:00","2021-02-09","5.733","Complete","Good",""
"http://environment.data.gov.uk/hydrology/id/measures/29434d59-1597-4783-b0b6-9f9a821d30d8-flow-m-86400-m3s-qualified","2021-02-10T09:00:00","2021-02-10","5.139","Complete","Good",""
"http://environment.data.gov.uk/hydrology/id/measures/29434d59-1597-4783-b0b6-9f9a821d30d8-flow-m-86400-m3s-qualified","2021-02-11T09:00:00","2021-02-11","4.634","Complete","Good",""
"http://environment.data.gov.uk/hydrology/id/measures/29434d59-1597-4783-b0b6-9f9a821d30d8-flow-m-86400-m3s-qualified","2021-02-12T09:00:00","2021-02-12","4.324","Complete","Good",""
"http://environment.data.gov.uk/hydrology/id/measures/29434d59-1597-4783-b0b6-9f9a821d30d8-flow-m-86400-m3s-qualified","2021-02-13T09:00:00","2021-02-13","4.028","Complete","Good",""
"http://environment.data.gov.uk/hydrology/id/measures/29434d59-1597-4783-b0b6-9f9a821d30d8-flow-m-86400-m3s-qualified","2021-02-14T09:00:00","2021-02-14","4.92","Complete","Good",""
"http://environment.data.gov.uk/hydrology/id/measures/29434d59-1597-4783-b0b6-9f9a821d30d8-flow-m-86400-m3s-qualified","2021-02-15T09:00:00","2021-02-15","7.114","Complete","Good",""
"http://environment.data.gov.uk/hydrology/id/measures/29434d59-1597-4783-b0b6-9f9a821d30d8-flow-m-86400-m3s-qualified","2021-02-16T09:00:00","2021-02-16","9.55","Complete","Good",""
"http://environment.data.gov.uk/hydrology/id/measures/29434d59-1597-4783-b0b6-9f9a821d30d8-flow-m-86400-m3s-qualified","2021-02-17T09:00:00","2021-02-17","13.906","Complete","Good",""
"http://environment.data.gov.uk/hydrology/id/measures/29434d59-1597-4783-b0b6-9f9a821d30d8-flow-m-86400-m3s-qualified","2021-02-18T09:00:00","2021-02-18","13.878","Complete","Good",""
"http://environment.data.gov.uk/hydrology/id/measures/29434d59-1597-4783-b0b6-9f9a821d30d8-flow-m-86400-m3s-qualified","2021-02-19T09:00:00","2021-02-19","8.797","Complete","Good",""
"http://environment.data.gov.uk/hydrology/id/measures/29434d59-1597-4783-b0b6-9f9a821d30d8-flow-m-86400-m3s-qualified","2021-02-20T09:00:00","2021-02-20","10.436","Complete","Good",""
"http://environment.data.gov.uk/hydrology/id/measures/29434d59-1597-4783-b0b6-9f9a821d30d8-flow-m-86400-m3s-qualified","2021-02-21T09:00:00","2021-02-21","7.876","Complete","Good",""
"http://environment.data.gov.uk/hydrology/id/measures/29434d59-1597-4783-b0b6-9f9a821d30d8-flow-m-86400-m3s-qualified","2021-02-22T09:00:00","2021-02-22","7.465","Complete","Good",""
"http://environment.data.gov.uk/hydrology/id/measures/29434d59-1597-4783-b0b6-9f9a821d30d8-flow-m-86400-m3s-qualified","2021-02-23T09:00:00","2021-02-23","5.991","Complete","Good",""
"http://environment.data.gov.uk/hydrology/id/measures/29434d59-1597-4783-b0b6-9f9a821d30d8-flow-m-86400-m3s-qualified","2021-02-24T09:00:00","2021-02-24","5.168","Complete","Good",""
"http://environment.data.gov.uk/hydrology/id/measures/29434d59-1597-4783-b0b6-9f9a821d30d8-flow-m-86400-m3s-qualified","2021-02-25T09:00:00","2021-02-25","4.659","Complete","Good",""
"http://environment.data.gov.uk/hydrology/id/measures/29434d59-1597-4783-b0b6-9f9a821d30d8-flow-m-86400-m3s-qualified","2021-02-26T09:00:00","2021-02-26","4.217","Complete","Good",""
"http://environment.data.gov.uk/hydrology/id/measures/29434d59-1597-4783-b0b6-9f9a821d30d8-flow-m-86400-m3s-qualified","2021-02-27T09:00:00","2021-02-27","3.987","Complete","Good",""
"http://environment.data.gov.uk/hydrology/id/measures/29434d59-1597-4783-b0b6-9f9a821d30d8-flow-m-86400-m3s-qualified","2021-02-28T09:00:00","2021-02-28","3.757","Complete","Good",""
"http://environment.data.gov.uk/hydrology/id/measures/29434d59-1597-4783-b0b6-9f9a821d30d8-flow-m-86400-m3s-qualified","2021-03-01T09:00:00","2021-03-01","3.586","Complete","Good",""
"http://environment.data.gov.uk/hydrology/id/measures/29434d59-1597-4783-b0b6-9f9a821d30d8-flow-m-86400-m3s-qualified","2021-03-02T09:00:00","2021-03-02","3.376","Complete","Good",""
"http://environment.data.gov.uk/hydrology/id/measures/29434d59-1597-4783-b0b6-9f9a821d30d8-flow-m-86400-m3s-qualified","2021-03-03T09:00:00","2021-03-03","4.068","Complete","Good",""
"http://environment.data.gov.uk/hydrology/id/measures/29434d59-1597-4783-b0b6-9f9a821d30d8-flow-m-86400-m3s-qualified","2021-03-04T09:00:00","2021-03-04","3.862","Complete","Good",""
"http://environment.data.gov.uk/hydrology/id/measures/29434d59-1597-4783-b0b6-9f9a821d30d8-flow-m-86400-m3s-qualified","2021-03-05T09:00:00","2021-03-05","3.285","Complete","Good",""
"http://environment.data.gov.uk/hydrology/id/measures/29434d59-1597-4783-b0b6-9f9a821d30d8-flow-m-86400-m3s-qualified","2021-03-06T09:00:00","2021-03-06","2.975","Complete","Good",""
"http://environment.data.gov.uk/hydrology/id/measures/29434d59-1597-4783-b0b6-9f9a821d30d8-flow-m-86400-m3s-qualified","2021-03-07T09:00:00","2021-03-07","2.816","Complete","Good",""
"http://environment.data.gov.uk/hydrology/id/measures/29434d59-1597-4783-b0b6-9f9a821d30d8-flow-m-86400-m3s-qualified","2021-03-08T09:00:00","2021-03-08","2.754","Complete","Good",""
"http://environment.data.gov.uk/hydrology/id/measures/29434d59-1597-4783-b0b6-9f9a821d30d8-flow-m-86400-m3s-qualified","2021-03-09T09:00:00","2021-03-09","2.753","Complete","Good",""
"http://environment.data.gov.uk/hydrology/id/measures/29434d59-1597-4783-b0b6-9f9a821d30d8-flow-m-86400-m3s-qualified","2021-03-10T09:00:00","2021-03-10","7.467","Complete","Good",""
"http://environment.data.gov.uk/hydrology/id/measures/29434d59-1597-4783-b0b6-9f9a821d30d8-flow-m-86400-m3s-qualified","2021-03-11T09:00:00","2021-03-11","6.548","Complete","Good",""
"http://environment.data.gov.uk/hydrology/id/measures/29434d59-1597-4783-b0b6-9f9a821d30d8-flow-m-86400-m3s-qualified","2021-03-12T09:00:00","2021-03-12","10.744","Complete","Good",""
"http://environment.data.gov.uk/hydrology/id/measures/29434d59-1597-4783-b0b6-9f9a821d30d8-flow-m-86400-m3s-qualified","2021-03-13T09:00:00","2021-03-13","10.513","Complete","Good",""
"http://environment.data.gov.uk/hydrology/id/measures/29434d59-1597-4783-b0b6-9f9a821d30d8-flow-m-86400-m3s-qualified","2021-03-14T09:00:00","2021-03-14","6.106","Complete","Good",""
"http://environment.data.gov.uk/hydrology/id/measures/29434d59-1597-4783-b0b6-9f9a821d30d8-flow-m-86400-m3s-qualified","2021-03-15T09:00:00","2021-03-15","5.008","Complete","Good",""
"http://environment.data.gov.uk/hydrology/id/measures/29434d59-1597-4783-b0b6-9f9a821d30d8-flow-m-86400-m3s-qualified","2021-03-16T09:00:00","2021-03-16","4.237","Complete","Good",""
"http://environment.data.gov.uk/hydrology/id/measures/29434d59-1597-4783-b0b6-9f9a821d30d8-flow-m-86400-m3s-qualified","2021-03-17T09:00:00","2021-03-17","3.699","Complete","Good",""
"http://environment.data.gov.uk/hydrology/id/measures/29434d59-1597-4783-b0b6-9f9a821d30d8-flow-m-86400-m3s-qualified","2021-03-18T09:00:00","2021-03-18","3.481","Complete","Good",""
"http://environment.data.gov.uk/hydrology/id/measures/29434d59-1597-4783-b0b6-9f9a821d30d8-flow-m-86400-m3s-qualified","2021-03-19T09:00:00","2021-03-19","3.211","Complete","Good",""
"http://environment.data.gov.uk/hydrology/id/measures/29434d59-1597-4783-b0b6-9f9a821d30d8-flow-m-86400-m3s-qualified","2021-03-20T09:00:00","2021-03-20","3.039","Complete","Good",""
"http://environment.data.gov.uk/hydrology/id/measures/29434d59-1597-4783-b0b6-9f9a821d30d8-flow-m-86400-m3s-qualified","2021-03-21T09:00:00","2021-03-21","2.906","Complete","Good",""
"http://environment.data.gov.uk/hydrology/id/measures/29434d59-1597-4783-b0b6-9f9a821d30d8-flow-m-86400-m3s-qualified","2021-03-22T09:00:00","2021-03-22","2.803","Complete","Good",""
"http://environment.data.gov.uk/hydrology/id/measures/29434d59-1597-4783-b0b6-9f9a821d30d8-flow-m-86400-m3s-qualified","2021-03-23T09:00:00","2021-03-23","2.678","Complete","Good",""
"http://environment.data.gov.uk/hydrology/id/measures/29434d59-1597-4783-b0b6-9f9a821d30d8-flow-m-86400-m3s-qualified","2021-03-24T09:00:00","2021-03-24","2.589","Complete","Good",""
"http://environment.data.gov.uk/hydrology/id/measures/29434d59-1597-4783-b0b6-9f9a821d30d8-flow-m-86400-m3s-qualified","2021-03-25T09:00:00","2021-03-25","2.774","Complete","Good",""
"http://environment.data.gov.uk/hydrology/id/measures/29434d59-1597-4783-b0b6-9f9a821d30d8-flow-m-86400-m3s-qualified","2021-03-26T09:00:00","2021-03-26","4.69","Complete","Good",""
"http://environment.data.gov.uk/hydrology/id/measures/29434d59-1597-4783-b0b6-9f9a821d30d8-flow-m-86400-m3s-qualified","2021-03-27T09:00:00","2021-03-27","4.64","Complete","Good",""
"http://environment.data.gov.uk/hydrology/id/measures/29434d59-1597-4783-b0b6-9f9a821d30d8-flow-m-86400-m3s-qualified","2021-03-28T09:00:00","2021-03-28","3.74","Complete","Good",""
"http://environment.data.gov.uk/hydrology/id/measures/29434d59-1597-4783-b0b6-9f9a821d30d8-flow-m-86400-m3s-qualified","2021-03-29T09:00:00","2021-03-29","3.344","Complete","Good",""
"http://environment.data.gov.uk/hydrology/id/measures/29434d59-1597-4783-b0b6-9f9a821d30d8-flow-m-86400-m3s-qualified","2021-03-30T09:00:00","2021-03-30","2.897","Complete","Good",""
"http://environment.data.gov.uk/hydrology/id/measures/29434d59-1597-4783-b0b6-9f9a821d30d8-flow-m-86400-m3s-qualified","2021-03-31T09:00:00","2021-03-31","2.634","Complete","Good",""
"http://environment.data.gov.uk/hydrology/id/measures/29434d59-1597-4783-b0b6-9f9a821d30d8-flow-m-86400-m3s-qualified","2021-04-01T09:00:00","2021-04-01","2.402","Complete","Good",""
"http://environment.data.gov.uk/hydrology/id/measures/29434d59-1597-4783-b0b6-9f9a821d30d8-flow-m-86400-m3s-qualified","2021-04-02T09:00:00","2021-04-02","2.284","Complete","Good",""
"http://environment.data.gov.uk/hydrology/id/measures/29434d59-1597-4783-b0b6-9f9a821d30d8-flow-m-86400-m3s-qualified","2021-04-03T09:00:00","2021-04-03","2.302","Complete","Good",""
"http://environment.data.gov.uk/hydrology/id/measures/29434d59-1597-4783-b0b6-9f9a821d30d8-flow-m-86400-m3s-qualified","2021-04-04T09:00:00","2021-04-04","2.187","Complete","Good",""
"http://environment.data.gov.uk/hydrology/id/measures/29434d59-1597-4783-b0b6-9f9a821d30d8-flow-m-86400-m3s-qualified","2021-04-05T09:00:00","2021-04-05","2.131","Complete","Good",""
"http://environment.data.gov.uk/hydrology/id/measures/29434d59-1597-4783-b0b6-9f9a821d30d8-flow-m-86400-m3s-qualified","2021-04-06T09:00:00","2021-04-06","2.154","Complete","Good",""
"http://environment.data.gov.uk/hydrology/id/measures/29434d59-1597-4783-b0b6-9f9a821d30d8-flow-m-86400-m3s-qualified","2021-04-07T09:00:00","2021-04-07","2.166","Complete","Good",""
"http://environment.data.gov.uk/hydrology/id/measures/29434d59-1597-4783-b0b6-9f9a821d30d8-flow-m-86400-m3s-qualified","2021-04-08T09:00:00","2021-04-08","2.031","Complete","Good",""
"http://environment.data.gov.uk/hydrology/id/measures/29434d59-1597-4783-b0b6-9f9a821d30d8-flow-m-86400-m3s-qualified","2021-04-09T09:00:00","2021-04-09","1.973","Complete","Good",""
"http://environment.data.gov.uk/hydrology/id/measures/29434d59-1597-4783-b0b6-9f9a821d30d8-flow-m-86400-m3s-qualified","2021-04-10T09:00:00","2021-04-10","1.943","Complete","Good",""
"http://environment.data.gov.uk/hydrology/id/measures/29434d59-1597-4783-b0b6-9f9a821d30d8-flow-m-86400-m3s-qualified","2021-04-11T09:00:00","2021-04-11","1.911","Complete","Good",""
"http://environment.data.gov.uk/hydrology/id/measures/29434d59-1597-4783-b0b6-9f9a821d30d8-flow-m-86400-m3s-qualified","2021-04-12T09:00:00","2021-04-12","1.868","Complete","Good",""
"http://environment.data.gov.uk/hydrology/id/measures/29434d59-1597-4783-b0b6-9f9a821d30d8-flow-m-86400-m3s-qualified","2021-04-13T09:00:00","2021-04-13","1.825","Complete","Good",""
"http://environment.data.gov.uk/hydrology/id/measures/29434d59-1597-4783-b0b6-9f9a821d30d8-flow-m-86400-m3s-qualified","2021-04-14T09:00:00","2021-04-14","1.747","Complete","Good",""
"http://environment.data.gov.uk/hydrology/id/measures/29434d59-1597-4783-b0b6-9f9a821d30d8-flow-m-86400-m3s-qualified","2021-04-15T09:00:00","2021-04-15","1.763","Complete","Good",""
"http://environment.data.gov.uk/hydrology/id/measures/29434d59-1597-4783-b0b6-9f9a821d30d8-flow-m-86400-m3s-qualified","2021-04-16T09:00:00","2021-04-16","1.769","Complete","Good",""
"http://environment.data.gov.uk/hydrology/id/measures/29434d59-1597-4783-b0b6-9f9a821d30d8-flow-m-86400-m3s-qualified","2021-04-17T09:00:00","2021-04-17","1.629","Complete","Good",""
"http://environment.data.gov.uk/hydrology/id/measures/29434d59-1597-4783-b0b6-9f9a821d30d8-flow-m-86400-m3s-qualified","2021-04-18T09:00:00","2021-04-18","1.722","Complete","Good",""
"http://environment.data.gov.uk/hydrology/id/measures/29434d59-1597-4783-b0b6-9f9a821d30d8-flow-m-86400-m3s-qualified","2021-04-19T09:00:00","2021-04-19","1.857","Complete","Good",""
"http://environment.data.gov.uk/hydrology/id/measures/29434d59-1597-4783-b0b6-9f9a821d30d8-flow-m-86400-m3s-qualified","2021-04-20T09:00:00","2021-04-20","1.563","Complete","Good",""
"http://environment.data.gov.uk/hydrology/id/measures/29434d59-1597-4783-b0b6-9f9a821d30d8-flow-m-86400-m3s-qualified","2021-04-21T09:00:00","2021-04-21","1.514","Complete","Good",""
"http://environment.data.gov.uk/hydrology/id/measures/29434d59-1597-4783-b0b6-9f9a821d30d8-flow-m-86400-m3s-qualified","2021-04-22T09:00:00","2021-04-22","1.456","Complete","Good",""
"http://environment.data.gov.uk/hydrology/id/measures/29434d59-1597-4783-b0b6-9f9a821d30d8-flow-m-86400-m3s-qualified","2021-04-23T09:00:00","2021-04-23","1.465","Complete","Good",""
"http://environment.data.gov.uk/hydrology/id/measures/29434d59-1597-4783-b0b6-9f9a821d30d8-flow-m-86400-m3s-qualified","2021-04-24T09:00:00","2021-04-24","1.54","Complete","Good",""
"http://environment.data.gov.uk/hydrology/id/measures/29434d59-1597-4783-b0b6-9f9a821d30d8-flow-m-86400-m3s-qualified","2021-04-25T09:00:00","2021-04-25","1.503","Complete","Good",""
"http://environment.data.gov.uk/hydrology/id/measures/29434d59-1597-4783-b0b6-9f9a821d30d8-flow-m-86400-m3s-qualified","2021-04-26T09:00:00","2021-04-26","1.509","Complete","Good",""
"http://environment.data.gov.uk/hydrology/id/measures/29434d59-1597-4783-b0b6-9f9a821d30d8-flow-m-86400-m3s-qualified","2021-04-27T09:00:00","2021-04-27","1.812","Complete","Good",""
"http://environment.data.gov.uk/hydrology/id/measures/29434d59-1597-4783-b0b6-9f9a821d30d8-flow-m-86400-m3s-qualified","2021-04-28T09:00:00","2021-04-28","2.572","Complete","Good",""
"http://environment.data.gov.uk/hydrology/id/measures/29434d59-1597-4783-b0b6-9f9a821d30d8-flow-m-86400-m3s-qualified","2021-04-29T09:00:00","2021-04-29","1.99","Complete","Good",""
"http://environment.data.gov.uk/hydrology/id/measures/29434d59-1597-4783-b0b6-9f9a821d30d8-flow-m-86400-m3s-qualified","2021-04-30T09:00:00","2021-04-30","1.826","Complete","Good",""
"http://environment.data.gov.uk/hydrology/id/measures/29434d59-1597-4783-b0b6-9f9a821d30d8-flow-m-86400-m3s-qualified","2021-05-01T09:00:00","2021-05-01","1.652","Complete","Good",""
"http://environment.data.gov.uk/hydrology/id/measures/29434d59-1597-4783-b0b6-9f9a821d30d8-flow-m-86400-m3s-qualified","2021-05-02T09:00:00","2021-05-02","1.552","Complete","Good",""
"http://environment.data.gov.uk/hydrology/id/measures/29434d59-1597-4783-b0b6-9f9a821d30d8-flow-m-86400-m3s-qualified","2021-05-03T09:00:00","2021-05-03","1.677","Complete","Good",""
"http://environment.data.gov.uk/hydrology/id/measures/29434d59-1597-4783-b0b6-9f9a821d30d8-flow-m-86400-m3s-qualified","2021-05-04T09:00:00","2021-05-04","1.73","Complete","Good",""
"http://environment.data.gov.uk/hydrology/id/measures/29434d59-1597-4783-b0b6-9f9a821d30d8-flow-m-86400-m3s-qualified","2021-05-05T09:00:00","2021-05-05","1.521","Complete","Good",""
"http://environment.data.gov.uk/hydrology/id/measures/29434d59-1597-4783-b0b6-9f9a821d30d8-flow-m-86400-m3s-qualified","2021-05-06T09:00:00","2021-05-06","1.584","Complete","Good",""
"http://environment.data.gov.uk/hydrology/id/measures/29434d59-1597-4783-b0b6-9f9a821d30d8-flow-m-86400-m3s-qualified","2021-05-07T09:00:00","2021-05-07","1.566","Complete","Good",""
"http://environment.data.gov.uk/hydrology/id/measures/29434d59-1597-4783-b0b6-9f9a821d30d8-flow-m-86400-m3s-qualified","2021-05-08T09:00:00","2021-05-08","2.431","Complete","Good",""
"http://environment.data.gov.uk/hydrology/id/measures/29434d59-1597-4783-b0b6-9f9a821d30d8-flow-m-86400-m3s-qualified","2021-05-09T09:00:00","2021-05-09","1.911","Complete","Good",""
"http://environment.data.gov.uk/hydrology/id/measures/29434d59-1597-4783-b0b6-9f9a821d30d8-flow-m-86400-m3s-qualified","2021-05-10T09:00:00","2021-05-10","1.656","Complete","Good",""
"http://environment.data.gov.uk/hydrology/id/measures/29434d59-1597-4783-b0b6-9f9a821d30d8-flow-m-86400-m3s-qualified","2021-05-11T09:00:00","2021-05-11","1.55","Complete","Good",""
"http://environment.data.gov.uk/hydrology/id/measures/29434d59-1597-4783-b0b6-9f9a821d30d8-flow-m-86400-m3s-qualified","2021-05-12T09:00:00","2021-05-12","1.673","Complete","Good",""
"http://environment.data.gov.uk/hydrology/id/measures/29434d59-1597-4783-b0b6-9f9a821d30d8-flow-m-86400-m3s-qualified","2021-05-13T09:00:00","2021-05-13","3.742","Complete","Good",""
"http://environment.data.gov.uk/hydrology/id/measures/29434d59-1597-4783-b0b6-9f9a821d30d8-flow-m-86400-m3s-qualified","2021-05-14T09:00:00","2021-05-14","2.721","Complete","Good",""
"http://environment.data.gov.uk/hydrology/id/measures/29434d59-1597-4783-b0b6-9f9a821d30d8-flow-m-86400-m3s-qualified","2021-05-15T09:00:00","2021-05-15","2.513","Complete","Good",""
"http://environment.data.gov.uk/hydrology/id/measures/29434d59-1597-4783-b0b6-9f9a821d30d8-flow-m-86400-m3s-qualified","2021-05-16T09:00:00","2021-05-16","5.04","Complete","Good",""
"http://environment.data.gov.uk/hydrology/id/measures/29434d59-1597-4783-b0b6-9f9a821d30d8-flow-m-86400-m3s-qualified","2021-05-17T09:00:00","2021-05-17","3.612","Complete","Good",""
"http://environment.data.gov.uk/hydrology/id/measures/29434d59-1597-4783-b0b6-9f9a821d30d8-flow-m-86400-m3s-qualified","2021-05-18T09:00:00","2021-05-18","2.937","Complete","Good",""
"http://environment.data.gov.uk/hydrology/id/measures/29434d59-1597-4783-b0b6-9f9a821d30d8-flow-m-86400-m3s-qualified","2021-05-19T09:00:00","2021-05-19","3.657","Complete","Good",""
"http://environment.data.gov.uk/hydrology/id/measures/29434d59-1597-4783-b0b6-9f9a821d30d8-flow-m-86400-m3s-qualified","2021-05-20T09:00:00","2021-05-20","2.841","Complete","Good",""
"http://environment.data.gov.uk/hydrology/id/measures/29434d59-1597-4783-b0b6-9f9a821d30d8-flow-m-86400-m3s-qualified","2021-05-21T09:00:00","2021-05-21","3.369","Complete","Good",""
"http://environment.data.gov.uk/hydrology/id/measures/29434d59-1597-4783-b0b6-9f9a821d30d8-flow-m-86400-m3s-qualified","2021-05-22T09:00:00","2021-05-22","3.765","Complete","Good",""
"http://environment.data.gov.uk/hydrology/id/measures/29434d59-1597-4783-b0b6-9f9a821d30d8-flow-m-86400-m3s-qualified","2021-05-23T09:00:00","2021-05-23","5.118","Complete","Good",""
"http://environment.data.gov.uk/hydrology/id/measures/29434d59-1597-4783-b0b6-9f9a821d30d8-flow-m-86400-m3s-qualified","2021-05-24T09:00:00","2021-05-24","6.491","Complete","Good",""
"http://environment.data.gov.uk/hydrology/id/measures/29434d59-1597-4783-b0b6-9f9a821d30d8-flow-m-86400-m3s-qualified","2021-05-25T09:00:00","2021-05-25","4.631","Complete","Good",""
"http://environment.data.gov.uk/hydrology/id/measures/29434d59-1597-4783-b0b6-9f9a821d30d8-flow-m-86400-m3s-qualified","2021-05-26T09:00:00","2021-05-26","3.714","Complete","Good",""
"http://environment.data.gov.uk/hydrology/id/measures/29434d59-1597-4783-b0b6-9f9a821d30d8-flow-m-86400-m3s-qualified","2021-05-27T09:00:00","2021-05-27","2.826","Complete","Good",""
"http://environment.data.gov.uk/hydrology/id/measures/29434d59-1597-4783-b0b6-9f9a821d30d8-flow-m-86400-m3s-qualified","2021-05-28T09:00:00","2021-05-28","2.388","Complete","Good",""
"http://environment.data.gov.uk/hydrology/id/measures/29434d59-1597-4783-b0b6-9f9a821d30d8-flow-m-86400-m3s-qualified","2021-05-29T09:00:00","2021-05-29","2.091","Complete","Good",""
"http://environment.data.gov.uk/hydrology/id/measures/29434d59-1597-4783-b0b6-9f9a821d30d8-flow-m-86400-m3s-qualified","2021-05-30T09:00:00","2021-05-30","1.936","Complete","Good",""
"http://environment.data.gov.uk/hydrology/id/measures/29434d59-1597-4783-b0b6-9f9a821d30d8-flow-m-86400-m3s-qualified","2021-05-31T09:00:00","2021-05-31","1.764","Complete","Good",""
"http://environment.data.gov.uk/hydrology/id/measures/29434d59-1597-4783-b0b6-9f9a821d30d8-flow-m-86400-m3s-qualified","2021-06-01T09:00:00","2021-06-01","1.663","Complete","Good",""
"http://environment.data.gov.uk/hydrology/id/measures/29434d59-1597-4783-b0b6-9f9a821d30d8-flow-m-86400-m3s-qualified","2021-06-02T09:00:00","2021-06-02","1.602","Complete","Good",""
"http://environment.data.gov.uk/hydrology/id/measures/29434d59-1597-4783-b0b6-9f9a821d30d8-flow-m-86400-m3s-qualified","2021-06-03T09:00:00","2021-06-03","1.537","Complete","Good",""
"http://environment.data.gov.uk/hydrology/id/measures/29434d59-1597-4783-b0b6-9f9a821d30d8-flow-m-86400-m3s-qualified","2021-06-04T09:00:00","2021-06-04","1.403","Complete","Good",""
"http://environment.data.gov.uk/hydrology/id/measures/29434d59-1597-4783-b0b6-9f9a821d30d8-flow-m-86400-m3s-qualified","2021-06-05T09:00:00","2021-06-05","1.387","Complete","Good",""
"http://environment.data.gov.uk/hydrology/id/measures/29434d59-1597-4783-b0b6-9f9a821d30d8-flow-m-86400-m3s-qualified","2021-06-06T09:00:00","2021-06-06","1.366","Complete","Good",""
"http://environment.data.gov.uk/hydrology/id/measures/29434d59-1597-4783-b0b6-9f9a821d30d8-flow-m-86400-m3s-qualified","2021-06-07T09:00:00","2021-06-07","1.31","Complete","Good",""
"http://environment.data.gov.uk/hydrology/id/measures/29434d59-1597-4783-b0b6-9f9a821d30d8-flow-m-86400-m3s-qualified","2021-06-08T09:00:00","2021-06-08","1.278","Complete","Good",""
"http://environment.data.gov.uk/hydrology/id/measures/29434d59-1597-4783-b0b6-9f9a821d30d8-flow-m-86400-m3s-qualified","2021-06-09T09:00:00","2021-06-09","1.306","Complete","Good",""
"http://environment.data.gov.uk/hydrology/id/measures/29434d59-1597-4783-b0b6-9f9a821d30d8-flow-m-86400-m3s-qualified","2021-06-10T09:00:00","2021-06-10","1.297","Complete","Good",""
"http://environment.data.gov.uk/hydrology/id/measures/29434d59-1597-4783-b0b6-9f9a821d30d8-flow-m-86400-m3s-qualified","2021-06-11T09:00:00","2021-06-11","1.344","Complete","Good",""
"http://environment.data.gov.uk/hydrology/id/measures/29434d59-1597-4783-b0b6-9f9a821d30d8-flow-m-86400-m3s-qualified","2021-06-12T09:00:00","2021-06-12","1.326","Complete","Good",""
"http://environment.data.gov.uk/hydrology/id/measures/29434d59-1597-4783-b0b6-9f9a821d30d8-flow-m-86400-m3s-qualified","2021-06-13T09:00:00","2021-06-13","1.247","Complete","Good",""
"http://environment.data.gov.uk/hydrology/id/measures/29434d59-1597-4783-b0b6-9f9a821d30d8-flow-m-86400-m3s-qualified","2021-06-14T09:00:00","2021-06-14","1.095","Complete","Good",""
"http://environment.data.gov.uk/hydrology/id/measures/29434d59-1597-4783-b0b6-9f9a821d30d8-flow-m-86400-m3s-qualified","2021-06-15T09:00:00","2021-06-15","1.13","Complete","Good",""
"http://environment.data.gov.uk/hydrology/id/measures/29434d59-1597-4783-b0b6-9f9a821d30d8-flow-m-86400-m3s-qualified","2021-06-16T09:00:00","2021-06-16","1.108","Complete","Good",""
"http://environment.data.gov.uk/hydrology/id/measures/29434d59-1597-4783-b0b6-9f9a821d30d8-flow-m-86400-m3s-qualified","2021-06-17T09:00:00","2021-06-17","1.209","Complete","Good",""
"http://environment.data.gov.uk/hydrology/id/measures/29434d59-1597-4783-b0b6-9f9a821d30d8-flow-m-86400-m3s-qualified","2021-06-18T09:00:00","2021-06-18","1.284","Complete","Good",""
"http://environment.data.gov.uk/hydrology/id/measures/29434d59-1597-4783-b0b6-9f9a821d30d8-flow-m-86400-m3s-qualified","2021-06-19T09:00:00","2021-06-19","1.374","Complete","Good",""
"http://environment.data.gov.uk/hydrology/id/measures/29434d59-1597-4783-b0b6-9f9a821d30d8-flow-m-86400-m3s-qualified","2021-06-20T09:00:00","2021-06-20","1.553","Complete","Good",""
"http://environment.data.gov.uk/hydrology/id/measures/29434d59-1597-4783-b0b6-9f9a821d30d8-flow-m-86400-m3s-qualified","2021-06-21T09:00:00","2021-06-21","1.41","Complete","Good",""
"http://environment.data.gov.uk/hydrology/id/measures/29434d59-1597-4783-b0b6-9f9a821d30d8-flow-m-86400-m3s-qualified","2021-06-22T09:00:00","2021-06-22","1.255","Complete","Good",""
"http://environment.data.gov.uk/hydrology/id/measures/29434d59-1597-4783-b0b6-9f9a821d30d8-flow-m-86400-m3s-qualified","2021-06-23T09:00:00","2021-06-23","1.061","Complete","Good",""
"http://environment.data.gov.uk/hydrology/id/measures/29434d59-1597-4783-b0b6-9f9a821d30d8-flow-m-86400-m3s-qualified","2021-06-24T09:00:00","2021-06-24","1.072","Complete","Good",""
"http://environment.data.gov.uk/hydrology/id/measures/29434d59-1597-4783-b0b6-9f9a821d30d8-flow-m-86400-m3s-qualified","2021-06-25T09:00:00","2021-06-25","1.022","Complete","Good",""
"http://environment.data.gov.uk/hydrology/id/measures/29434d59-1597-4783-b0b6-9f9a821d30d8-flow-m-86400-m3s-qualified","2021-06-26T09:00:00","2021-06-26","0.922","Complete","Good",""
"http://environment.data.gov.uk/hydrology/id/measures/29434d59-1597-4783-b0b6-9f9a821d30d8-flow-m-86400-m3s-qualified","2021-06-27T09:00:00","2021-06-27","2.183","Complete","Good",""
"http://environment.data.gov.uk/hydrology/id/measures/29434d59-1597-4783-b0b6-9f9a821d30d8-flow-m-86400-m3s-qualified","2021-06-28T09:00:00","2021-06-28","2.534","Complete","Good",""
"http://environment.data.gov.uk/hydrology/id/measures/29434d59-1597-4783-b0b6-9f9a821d30d8-flow-m-86400-m3s-qualified","2021-06-29T09:00:00","2021-06-29","1.501","Complete","Good",""
"http://environment.data.gov.uk/hydrology/id/measures/29434d59-1597-4783-b0b6-9f9a821d30d8-flow-m-86400-m3s-qualified","2021-06-30T09:00:00","2021-06-30","1.253","Complete","Good",""
"http://environment.data.gov.uk/hydrology/id/measures/29434d59-1597-4783-b0b6-9f9a821d30d8-flow-m-86400-m3s-qualified","2021-07-01T09:00:00","2021-07-01","1.155","Complete","Good",""
"http://environment.data.gov.uk/hydrology/id/measures/29434d59-1597-4783-b0b6-9f9a821d30d8-flow-m-86400-m3s-qualified","2021-07-02T09:00:00","2021-07-02","1.069","Complete","Good",""
"http://environment.data.gov.uk/hydrology/id/measures/29434d59-1597-4783-b0b6-9f9a821d30d8-flow-m-86400-m3s-qualified","2021-07-03T09:00:00","2021-07-03","1.124","Complete","Good",""
"http://environment.data.gov.uk/hydrology/id/measures/29434d59-1597-4783-b0b6-9f9a821d30d8-flow-m-86400-m3s-qualified","2021-07-04T09:00:00","2021-07-04","1.233","Complete","Good",""
"http://environment.data.gov.uk/hydrology/id/measures/29434d59-1597-4783-b0b6-9f9a821d30d8-flow-m-86400-m3s-qualified","2021-07-05T09:00:00","2021-07-05","1.5","Complete","Good",""
"http://environment.data.gov.uk/hydrology/id/measures/29434d59-1597-4783-b0b6-9f9a821d30d8-flow-m-86400-m3s-qualified","2021-07-06T09:00:00","2021-07-06","1.497","Complete","Good",""
"http://environment.data.gov.uk/hydrology/id/measures/29434d59-1597-4783-b0b6-9f9a821d30d8-flow-m-86400-m3s-qualified","2021-07-07T09:00:00","2021-07-07","1.548","Complete","Good",""
"http://environment.data.gov.uk/hydrology/id/measures/29434d59-1597-4783-b0b6-9f9a821d30d8-flow-m-86400-m3s-qualified","2021-07-08T09:00:00","2021-07-08","1.351","Complete","Good",""
"http://environment.data.gov.uk/hydrology/id/measures/29434d59-1597-4783-b0b6-9f9a821d30d8-flow-m-86400-m3s-qualified","2021-07-09T09:00:00","2021-07-09","1.146","Complete","Good",""
"http://environment.data.gov.uk/hydrology/id/measures/29434d59-1597-4783-b0b6-9f9a821d30d8-flow-m-86400-m3s-qualified","2021-07-10T09:00:00","2021-07-10","1.2","Complete","Good",""
"http://environment.data.gov.uk/hydrology/id/measures/29434d59-1597-4783-b0b6-9f9a821d30d8-flow-m-86400-m3s-qualified","2021-07-11T09:00:00","2021-07-11","1.406","Complete","Good",""
"http://environment.data.gov.uk/hydrology/id/measures/29434d59-1597-4783-b0b6-9f9a821d30d8-flow-m-86400-m3s-qualified","2021-07-12T09:00:00","2021-07-12","2.601","Complete","Good",""
"http://environment.data.gov.uk/hydrology/id/measures/29434d59-1597-4783-b0b6-9f9a821d30d8-flow-m-86400-m3s-qualified","2021-07-13T09:00:00","2021-07-13","1.811","Complete","Good",""
"http://environment.data.gov.uk/hydrology/id/measures/29434d59-1597-4783-b0b6-9f9a821d30d8-flow-m-86400-m3s-qualified","2021-07-14T09:00:00","2021-07-14","1.453","Complete","Good",""
"http://environment.data.gov.uk/hydrology/id/measures/29434d59-1597-4783-b0b6-9f9a821d30d8-flow-m-86400-m3s-qualified","2021-07-15T09:00:00","2021-07-15","1.179","Complete","Good",""
"http://environment.data.gov.uk/hydrology/id/measures/29434d59-1597-4783-b0b6-9f9a821d30d8-flow-m-86400-m3s-qualified","2021-07-16T09:00:00","2021-07-16","1.184","Complete","Good",""
"http://environment.data.gov.uk/hydrology/id/measures/29434d59-1597-4783-b0b6-9f9a821d30d8-flow-m-86400-m3s-qualified","2021-07-17T09:00:00","2021-07-17","1.075","Complete","Good",""
"http://environment.data.gov.uk/hydrology/id/measures/29434d59-1597-4783-b0b6-9f9a821d30d8-flow-m-86400-m3s-qualified","2021-07-18T09:00:00","2021-07-18","1.063","Complete","Good",""
"http://environment.data.gov.uk/hydrology/id/measures/29434d59-1597-4783-b0b6-9f9a821d30d8-flow-m-86400-m3s-qualified","2021-07-19T09:00:00","2021-07-19","1.204","Complete","Good",""
"http://environment.data.gov.uk/hydrology/id/measures/29434d59-1597-4783-b0b6-9f9a821d30d8-flow-m-86400-m3s-qualified","2021-07-20T09:00:00","2021-07-20","0.965","Complete","Good",""
"http://environment.data.gov.uk/hydrology/id/measures/29434d59-1597-4783-b0b6-9f9a821d30d8-flow-m-86400-m3s-qualified","2021-07-21T09:00:00","2021-07-21","0.985","Complete","Good",""
"http://environment.data.gov.uk/hydrology/id/measures/29434d59-1597-4783-b0b6-9f9a821d30d8-flow-m-86400-m3s-qualified","2021-07-22T09:00:00","2021-07-22","0.935","Complete","Good",""
"http://environment.data.gov.uk/hydrology/id/measures/29434d59-1597-4783-b0b6-9f9a821d30d8-flow-m-86400-m3s-qualified","2021-07-23T09:00:00","2021-07-23","1.077","Complete","Good",""
"http://environment.data.gov.uk/hydrology/id/measures/29434d59-1597-4783-b0b6-9f9a821d30d8-flow-m-86400-m3s-qualified","2021-07-24T09:00:00","2021-07-24","3.61","Complete","Good",""
"http://environment.data.gov.uk/hydrology/id/measures/29434d59-1597-4783-b0b6-9f9a821d30d8-flow-m-86400-m3s-qualified","2021-07-25T09:00:00","2021-07-25","2.668","Complete","Good",""
"http://environment.data.gov.uk/hydrology/id/measures/29434d59-1597-4783-b0b6-9f9a821d30d8-flow-m-86400-m3s-qualified","2021-07-26T09:00:00","2021-07-26","1.53","Complete","Good",""
"http://environment.data.gov.uk/hydrology/id/measures/29434d59-1597-4783-b0b6-9f9a821d30d8-flow-m-86400-m3s-qualified","2021-07-27T09:00:00","2021-07-27","1.353","Complete","Good",""
"http://environment.data.gov.uk/hydrology/id/measures/29434d59-1597-4783-b0b6-9f9a821d30d8-flow-m-86400-m3s-qualified","2021-07-28T09:00:00","2021-07-28","1.403","Complete","Good",""
"http://environment.data.gov.uk/hydrology/id/measures/29434d59-1597-4783-b0b6-9f9a821d30d8-flow-m-86400-m3s-qualified","2021-07-29T09:00:00","2021-07-29","1.281","Complete","Good",""
"http://environment.data.gov.uk/hydrology/id/measures/29434d59-1597-4783-b0b6-9f9a821d30d8-flow-m-86400-m3s-qualified","2021-07-30T09:00:00","2021-07-30","1.57","Complete","Good",""
"http://environment.data.gov.uk/hydrology/id/measures/29434d59-1597-4783-b0b6-9f9a821d30d8-flow-m-86400-m3s-qualified","2021-07-31T09:00:00","2021-07-31","1.363","Complete","Good",""
"http://environment.data.gov.uk/hydrology/id/measures/29434d59-1597-4783-b0b6-9f9a821d30d8-flow-m-86400-m3s-qualified","2021-08-01T09:00:00","2021-08-01","1.893","Complete","Good",""
"http://environment.data.gov.uk/hydrology/id/measures/29434d59-1597-4783-b0b6-9f9a821d30d8-flow-m-86400-m3s-qualified","2021-08-02T09:00:00","2021-08-02","1.904","Complete","Good",""
"http://environment.data.gov.uk/hydrology/id/measures/29434d59-1597-4783-b0b6-9f9a821d30d8-flow-m-86400-m3s-qualified","2021-08-03T09:00:00","2021-08-03","1.765","Complete","Good",""
"http://environment.data.gov.uk/hydrology/id/measures/29434d59-1597-4783-b0b6-9f9a821d30d8-flow-m-86400-m3s-qualified","2021-08-04T09:00:00","2021-08-04","1.364","Complete","Good",""
"http://environment.data.gov.uk/hydrology/id/measures/29434d59-1597-4783-b0b6-9f9a821d30d8-flow-m-86400-m3s-qualified","2021-08-05T09:00:00","2021-08-05","1.272","Complete","Good",""
"http://environment.data.gov.uk/hydrology/id/measures/29434d59-1597-4783-b0b6-9f9a821d30d8-flow-m-86400-m3s-qualified","2021-08-06T09:00:00","2021-08-06","1.709","Complete","Good",""
"http://environment.data.gov.uk/hydrology/id/measures/29434d59-1597-4783-b0b6-9f9a821d30d8-flow-m-86400-m3s-qualified","2021-08-07T09:00:00","2021-08-07","1.905","Complete","Good",""
"http://environment.data.gov.uk/hydrology/id/measures/29434d59-1597-4783-b0b6-9f9a821d30d8-flow-m-86400-m3s-qualified","2021-08-08T09:00:00","2021-08-08","1.806","Complete","Good",""
"http://environment.data.gov.uk/hydrology/id/measures/29434d59-1597-4783-b0b6-9f9a821d30d8-flow-m-86400-m3s-qualified","2021-08-09T09:00:00","2021-08-09","3.545","Complete","Good",""
"http://environment.data.gov.uk/hydrology/id/measures/29434d59-1597-4783-b0b6-9f9a821d30d8-flow-m-86400-m3s-qualified","2021-08-10T09:00:00","2021-08-10","2.544","Complete","Good",""
"http://environment.data.gov.uk/hydrology/id/measures/29434d59-1597-4783-b0b6-9f9a821d30d8-flow-m-86400-m3s-qualified","2021-08-11T09:00:00","2021-08-11","1.838","Complete","Good",""
"http://environment.data.gov.uk/hydrology/id/measures/29434d59-1597-4783-b0b6-9f9a821d30d8-flow-m-86400-m3s-qualified","2021-08-12T09:00:00","2021-08-12","1.62","Complete","Good",""
"http://environment.data.gov.uk/hydrology/id/measures/29434d59-1597-4783-b0b6-9f9a821d30d8-flow-m-86400-m3s-qualified","2021-08-13T09:00:00","2021-08-13","1.406","Complete","Good",""
"http://environment.data.gov.uk/hydrology/id/measures/29434d59-1597-4783-b0b6-9f9a821d30d8-flow-m-86400-m3s-qualified","2021-08-14T09:00:00","2021-08-14","1.32","Complete","Good",""
"http://environment.data.gov.uk/hydrology/id/measures/29434d59-1597-4783-b0b6-9f9a821d30d8-flow-m-86400-m3s-qualified","2021-08-15T09:00:00","2021-08-15","1.335","Complete","Good",""
"http://environment.data.gov.uk/hydrology/id/measures/29434d59-1597-4783-b0b6-9f9a821d30d8-flow-m-86400-m3s-qualified","2021-08-16T09:00:00","2021-08-16","1.306","Complete","Good",""
"http://environment.data.gov.uk/hydrology/id/measures/29434d59-1597-4783-b0b6-9f9a821d30d8-flow-m-86400-m3s-qualified","2021-08-17T09:00:00","2021-08-17","1.213","Complete","Good",""
"http://environment.data.gov.uk/hydrology/id/measures/29434d59-1597-4783-b0b6-9f9a821d30d8-flow-m-86400-m3s-qualified","2021-08-18T09:00:00","2021-08-18","1.162","Complete","Good",""
"http://environment.data.gov.uk/hydrology/id/measures/29434d59-1597-4783-b0b6-9f9a821d30d8-flow-m-86400-m3s-qualified","2021-08-19T09:00:00","2021-08-19","1.232","Complete","Good",""
"http://environment.data.gov.uk/hydrology/id/measures/29434d59-1597-4783-b0b6-9f9a821d30d8-flow-m-86400-m3s-qualified","2021-08-20T09:00:00","2021-08-20","1.338","Complete","Good",""
"http://environment.data.gov.uk/hydrology/id/measures/29434d59-1597-4783-b0b6-9f9a821d30d8-flow-m-86400-m3s-qualified","2021-08-21T09:00:00","2021-08-21","1.726","Complete","Good",""
"http://environment.data.gov.uk/hydrology/id/measures/29434d59-1597-4783-b0b6-9f9a821d30d8-flow-m-86400-m3s-qualified","2021-08-22T09:00:00","2021-08-22","1.459","Complete","Good",""
"http://environment.data.gov.uk/hydrology/id/measures/29434d59-1597-4783-b0b6-9f9a821d30d8-flow-m-86400-m3s-qualified","2021-08-23T09:00:00","2021-08-23","1.22","Complete","Good",""
"http://environment.data.gov.uk/hydrology/id/measures/29434d59-1597-4783-b0b6-9f9a821d30d8-flow-m-86400-m3s-qualified","2021-08-24T09:00:00","2021-08-24","1.127","Complete","Good",""
"http://environment.data.gov.uk/hydrology/id/measures/29434d59-1597-4783-b0b6-9f9a821d30d8-flow-m-86400-m3s-qualified","2021-08-25T09:00:00","2021-08-25","1.031","Complete","Good",""
"http://environment.data.gov.uk/hydrology/id/measures/29434d59-1597-4783-b0b6-9f9a821d30d8-flow-m-86400-m3s-qualified","2021-08-26T09:00:00","2021-08-26","0.968","Complete","Good",""
"http://environment.data.gov.uk/hydrology/id/measures/29434d59-1597-4783-b0b6-9f9a821d30d8-flow-m-86400-m3s-qualified","2021-08-27T09:00:00","2021-08-27","0.962","Complete","Good",""
"http://environment.data.gov.uk/hydrology/id/measures/29434d59-1597-4783-b0b6-9f9a821d30d8-flow-m-86400-m3s-qualified","2021-08-28T09:00:00","2021-08-28","0.94","Complete","Good",""
"http://environment.data.gov.uk/hydrology/id/measures/29434d59-1597-4783-b0b6-9f9a821d30d8-flow-m-86400-m3s-qualified","2021-08-29T09:00:00","2021-08-29","0.93","Complete","Good",""
"http://environment.data.gov.uk/hydrology/id/measures/29434d59-1597-4783-b0b6-9f9a821d30d8-flow-m-86400-m3s-qualified","2021-08-30T09:00:00","2021-08-30","0.87","Complete","Good",""
"http://environment.data.gov.uk/hydrology/id/measures/29434d59-1597-4783-b0b6-9f9a821d30d8-flow-m-86400-m3s-qualified","2021-08-31T09:00:00","2021-08-31","0.906","Complete","Good",""
"http://environment.data.gov.uk/hydrology/id/measures/29434d59-1597-4783-b0b6-9f9a821d30d8-flow-m-86400-m3s-qualified","2021-09-01T09:00:00","2021-09-01","0.816","Complete","Good",""
"http://environment.data.gov.uk/hydrology/id/measures/29434d59-1597-4783-b0b6-9f9a821d30d8-flow-m-86400-m3s-qualified","2021-09-02T09:00:00","2021-09-02","0.769","Complete","Good",""
"http://environment.data.gov.uk/hydrology/id/measures/29434d59-1597-4783-b0b6-9f9a821d30d8-flow-m-86400-m3s-qualified","2021-09-03T09:00:00","2021-09-03","0.783","Complete","Good",""
"http://environment.data.gov.uk/hydrology/id/measures/29434d59-1597-4783-b0b6-9f9a821d30d8-flow-m-86400-m3s-qualified","2021-09-04T09:00:00","2021-09-04","0.752","Complete","Good",""
"http://environment.data.gov.uk/hydrology/id/measures/29434d59-1597-4783-b0b6-9f9a821d30d8-flow-m-86400-m3s-qualified","2021-09-05T09:00:00","2021-09-05","0.781","Complete","Good",""
"http://environment.data.gov.uk/hydrology/id/measures/29434d59-1597-4783-b0b6-9f9a821d30d8-flow-m-86400-m3s-qualified","2021-09-06T09:00:00","2021-09-06","0.752","Complete","Good",""
"http://environment.data.gov.uk/hydrology/id/measures/29434d59-1597-4783-b0b6-9f9a821d30d8-flow-m-86400-m3s-qualified","2021-09-07T09:00:00","2021-09-07","0.717","Complete","Good",""
"http://environment.data.gov.uk/hydrology/id/measures/29434d59-1597-4783-b0b6-9f9a821d30d8-flow-m-86400-m3s-qualified","2021-09-08T09:00:00","2021-09-08","0.743","Complete","Good",""
"http://environment.data.gov.uk/hydrology/id/measures/29434d59-1597-4783-b0b6-9f9a821d30d8-flow-m-86400-m3s-qualified","2021-09-09T09:00:00","2021-09-09","0.819","Complete","Good",""
"http://environment.data.gov.uk/hydrology/id/measures/29434d59-1597-4783-b0b6-9f9a821d30d8-flow-m-86400-m3s-qualified","2021-09-10T09:00:00","2021-09-10","0.84","Complete","Good",""
"http://environment.data.gov.uk/hydrology/id/measures/29434d59-1597-4783-b0b6-9f9a821d30d8-flow-m-86400-m3s-qualified","2021-09-11T09:00:00","2021-09-11","0.793","Complete","Good",""
"http://environment.data.gov.uk/hydrology/id/measures/29434d59-1597-4783-b0b6-9f9a821d30d8-flow-m-86400-m3s-qualified","2021-09-12T09:00:00","2021-09-12","0.755","Complete","Good",""
"http://environment.data.gov.uk/hydrology/id/measures/29434d59-1597-4783-b0b6-9f9a821d30d8-flow-m-86400-m3s-qualified","2021-09-13T09:00:00","2021-09-13","0.78","Complete","Good",""
"http://environment.data.gov.uk/hydrology/id/measures/29434d59-1597-4783-b0b6-9f9a821d30d8-flow-m-86400-m3s-qualified","2021-09-14T09:00:00","2021-09-14","1.124","Complete","Good",""
"http://environment.data.gov.uk/hydrology/id/measures/29434d59-1597-4783-b0b6-9f9a821d30d8-flow-m-86400-m3s-qualified","2021-09-15T09:00:00","2021-09-15","0.768","Complete","Good",""
"http://environment.data.gov.uk/hydrology/id/measures/29434d59-1597-4783-b0b6-9f9a821d30d8-flow-m-86400-m3s-qualified","2021-09-16T09:00:00","2021-09-16","0.765","Complete","Good",""
"http://environment.data.gov.uk/hydrology/id/measures/29434d59-1597-4783-b0b6-9f9a821d30d8-flow-m-86400-m3s-qualified","2021-09-17T09:00:00","2021-09-17","0.76","Complete","Good",""
"http://environment.data.gov.uk/hydrology/id/measures/29434d59-1597-4783-b0b6-9f9a821d30d8-flow-m-86400-m3s-qualified","2021-09-18T09:00:00","2021-09-18","0.703","Complete","Good",""
"http://environment.data.gov.uk/hydrology/id/measures/29434d59-1597-4783-b0b6-9f9a821d30d8-flow-m-86400-m3s-qualified","2021-09-19T09:00:00","2021-09-19","0.738","Complete","Good",""
"http://environment.data.gov.uk/hydrology/id/measures/29434d59-1597-4783-b0b6-9f9a821d30d8-flow-m-86400-m3s-qualified","2021-09-20T09:00:00","2021-09-20","0.708","Complete","Good",""
"http://environment.data.gov.uk/hydrology/id/measures/29434d59-1597-4783-b0b6-9f9a821d30d8-flow-m-86400-m3s-qualified","2021-09-21T09:00:00","2021-09-21","0.693","Complete","Good",""
"http://environment.data.gov.uk/hydrology/id/measures/29434d59-1597-4783-b0b6-9f9a821d30d8-flow-m-86400-m3s-qualified","2021-09-22T09:00:00","2021-09-22","0.709","Complete","Good",""
"http://environment.data.gov.uk/hydrology/id/measures/29434d59-1597-4783-b0b6-9f9a821d30d8-flow-m-86400-m3s-qualified","2021-09-23T09:00:00","2021-09-23","0.701","Complete","Good",""
"http://environment.data.gov.uk/hydrology/id/measures/29434d59-1597-4783-b0b6-9f9a821d30d8-flow-m-86400-m3s-qualified","2021-09-24T09:00:00","2021-09-24","0.728","Complete","Good",""
"http://environment.data.gov.uk/hydrology/id/measures/29434d59-1597-4783-b0b6-9f9a821d30d8-flow-m-86400-m3s-qualified","2021-09-25T09:00:00","2021-09-25","0.744","Complete","Good",""
"http://environment.data.gov.uk/hydrology/id/measures/29434d59-1597-4783-b0b6-9f9a821d30d8-flow-m-86400-m3s-qualified","2021-09-26T09:00:00","2021-09-26","0.754","Complete","Good",""
"http://environment.data.gov.uk/hydrology/id/measures/29434d59-1597-4783-b0b6-9f9a821d30d8-flow-m-86400-m3s-qualified","2021-09-27T09:00:00","2021-09-27","1.173","Complete","Good",""
"http://environment.data.gov.uk/hydrology/id/measures/29434d59-1597-4783-b0b6-9f9a821d30d8-flow-m-86400-m3s-qualified","2021-09-28T09:00:00","2021-09-28","1.975","Complete","Good",""
"http://environment.data.gov.uk/hydrology/id/measures/29434d59-1597-4783-b0b6-9f9a821d30d8-flow-m-86400-m3s-qualified","2021-09-29T09:00:00","2021-09-29","1.915","Complete","Good",""
"http://environment.data.gov.uk/hydrology/id/measures/29434d59-1597-4783-b0b6-9f9a821d30d8-flow-m-86400-m3s-qualified","2021-09-30T09:00:00","2021-09-30","1.388","Complete","Good",""
"http://environment.data.gov.uk/hydrology/id/measures/29434d59-1597-4783-b0b6-9f9a821d30d8-flow-m-86400-m3s-qualified","2021-10-01T09:00:00","2021-10-01","1.223","Complete","Good",""
"http://environment.data.gov.uk/hydrology/id/measures/29434d59-1597-4783-b0b6-9f9a821d30d8-flow-m-86400-m3s-qualified","2021-10-02T09:00:00","2021-10-02","4.324","Complete","Good",""
"http://environment.data.gov.uk/hydrology/id/measures/29434d59-1597-4783-b0b6-9f9a821d30d8-flow-m-86400-m3s-qualified","2021-10-03T09:00:00","2021-10-03","2.775","Complete","Good",""
"http://environment.data.gov.uk/hydrology/id/measures/29434d59-1597-4783-b0b6-9f9a821d30d8-flow-m-86400-m3s-qualified","2021-10-04T09:00:00","2021-10-04","3.71","Complete","Good",""
"http://environment.data.gov.uk/hydrology/id/measures/29434d59-1597-4783-b0b6-9f9a821d30d8-flow-m-86400-m3s-qualified","2021-10-05T09:00:00","2021-10-05","6.355","Complete","Good",""
"http://environment.data.gov.uk/hydrology/id/measures/29434d59-1597-4783-b0b6-9f9a821d30d8-flow-m-86400-m3s-qualified","2021-10-06T09:00:00","2021-10-06","2.649","Complete","Good",""
"http://environment.data.gov.uk/hydrology/id/measures/29434d59-1597-4783-b0b6-9f9a821d30d8-flow-m-86400-m3s-qualified","2021-10-07T09:00:00","2021-10-07","1.99","Complete","Good",""
"http://environment.data.gov.uk/hydrology/id/measures/29434d59-1597-4783-b0b6-9f9a821d30d8-flow-m-86400-m3s-qualified","2021-10-08T09:00:00","2021-10-08","1.733","Complete","Good",""
"http://environment.data.gov.uk/hydrology/id/measures/29434d59-1597-4783-b0b6-9f9a821d30d8-flow-m-86400-m3s-qualified","2021-10-09T09:00:00","2021-10-09","1.529","Complete","Good",""
"http://environment.data.gov.uk/hydrology/id/measures/29434d59-1597-4783-b0b6-9f9a821d30d8-flow-m-86400-m3s-qualified","2021-10-10T09:00:00","2021-10-10","1.378","Complete","Good",""
"http://environment.data.gov.uk/hydrology/id/measures/29434d59-1597-4783-b0b6-9f9a821d30d8-flow-m-86400-m3s-qualified","2021-10-11T09:00:00","2021-10-11","1.354","Complete","Good",""
"http://environment.data.gov.uk/hydrology/id/measures/29434d59-1597-4783-b0b6-9f9a821d30d8-flow-m-86400-m3s-qualified","2021-10-12T09:00:00","2021-10-12","1.219","Complete","Good",""
"http://environment.data.gov.uk/hydrology/id/measures/29434d59-1597-4783-b0b6-9f9a821d30d8-flow-m-86400-m3s-qualified","2021-10-13T09:00:00","2021-10-13","1.19","Complete","Good",""
"http://environment.data.gov.uk/hydrology/id/measures/29434d59-1597-4783-b0b6-9f9a821d30d8-flow-m-86400-m3s-qualified","2021-10-14T09:00:00","2021-10-14","1.134","Complete","Good",""
"http://environment.data.gov.uk/hydrology/id/measures/29434d59-1597-4783-b0b6-9f9a821d30d8-flow-m-86400-m3s-qualified","2021-10-15T09:00:00","2021-10-15","1.247","Complete","Good",""
"http://environment.data.gov.uk/hydrology/id/measures/29434d59-1597-4783-b0b6-9f9a821d30d8-flow-m-86400-m3s-qualified","2021-10-16T09:00:00","2021-10-16","1.218","Complete","Good",""
"http://environment.data.gov.uk/hydrology/id/measures/29434d59-1597-4783-b0b6-9f9a821d30d8-flow-m-86400-m3s-qualified","2021-10-17T09:00:00","2021-10-17","1.12","Complete","Good",""
"http://environment.data.gov.uk/hydrology/id/measures/29434d59-1597-4783-b0b6-9f9a821d30d8-flow-m-86400-m3s-qualified","2021-10-18T09:00:00","2021-10-18","1.282","Complete","Good",""
"http://environment.data.gov.uk/hydrology/id/measures/29434d59-1597-4783-b0b6-9f9a821d30d8-flow-m-86400-m3s-qualified","2021-10-19T09:00:00","2021-10-19","3.922","Complete","Good",""
"http://environment.data.gov.uk/hydrology/id/measures/29434d59-1597-4783-b0b6-9f9a821d30d8-flow-m-86400-m3s-qualified","2021-10-20T09:00:00","2021-10-20","20.339","Complete","Good",""
"http://environment.data.gov.uk/hydrology/id/measures/29434d59-1597-4783-b0b6-9f9a821d30d8-flow-m-86400-m3s-qualified","2021-10-21T09:00:00","2021-10-21","14.998","Complete","Good",""
"http://environment.data.gov.uk/hydrology/id/measures/29434d59-1597-4783-b0b6-9f9a821d30d8-flow-m-86400-m3s-qualified","2021-10-22T09:00:00","2021-10-22","5.295","Complete","Good",""
"http://environment.data.gov.uk/hydrology/id/measures/29434d59-1597-4783-b0b6-9f9a821d30d8-flow-m-86400-m3s-qualified","2021-10-23T09:00:00","2021-10-23","3.813","Complete","Good",""
"http://environment.data.gov.uk/hydrology/id/measures/29434d59-1597-4783-b0b6-9f9a821d30d8-flow-m-86400-m3s-qualified","2021-10-24T09:00:00","2021-10-24","3.207","Complete","Good",""
"http://environment.data.gov.uk/hydrology/id/measures/29434d59-1597-4783-b0b6-9f9a821d30d8-flow-m-86400-m3s-qualified","2021-10-25T09:00:00","2021-10-25","2.846","Complete","Good",""
"http://environment.data.gov.uk/hydrology/id/measures/29434d59-1597-4783-b0b6-9f9a821d30d8-flow-m-86400-m3s-qualified","2021-10-26T09:00:00","2021-10-26","2.457","Complete","Good",""
"http://environment.data.gov.uk/hydrology/id/measures/29434d59-1597-4783-b0b6-9f9a821d30d8-flow-m-86400-m3s-qualified","2021-10-27T09:00:00","2021-10-27","2.211","Complete","Good",""
"http://environment.data.gov.uk/hydrology/id/measures/29434d59-1597-4783-b0b6-9f9a821d30d8-flow-m-86400-m3s-qualified","2021-10-28T09:00:00","2021-10-28","2.414","Complete","Good",""
"http://environment.data.gov.uk/hydrology/id/measures/29434d59-1597-4783-b0b6-9f9a821d30d8-flow-m-86400-m3s-qualified","2021-10-29T09:00:00","2021-10-29","4.334","Complete","Good",""
"http://environment.data.gov.uk/hydrology/id/measures/29434d59-1597-4783-b0b6-9f9a821d30d8-flow-m-86400-m3s-qualified","2021-10-30T09:00:00","2021-10-30","5.826","Complete","Good",""
"http://environment.data.gov.uk/hydrology/id/measures/29434d59-1597-4783-b0b6-9f9a821d30d8-flow-m-86400-m3s-qualified","2021-10-31T09:00:00","2021-10-31","15.17","Complete","Good",""
"http://environment.data.gov.uk/hydrology/id/measures/29434d59-1597-4783-b0b6-9f9a821d30d8-flow-m-86400-m3s-qualified","2021-11-01T09:00:00","2021-11-01","6.028","Complete","Good",""
"http://environment.data.gov.uk/hydrology/id/measures/29434d59-1597-4783-b0b6-9f9a821d30d8-flow-m-86400-m3s-qualified","2021-11-02T09:00:00","2021-11-02","4.293","Complete","Good",""
"http://environment.data.gov.uk/hydrology/id/measures/29434d59-1597-4783-b0b6-9f9a821d30d8-flow-m-86400-m3s-qualified","2021-11-03T09:00:00","2021-11-03","3.569","Complete","Good",""
"http://environment.data.gov.uk/hydrology/id/measures/29434d59-1597-4783-b0b6-9f9a821d30d8-flow-m-86400-m3s-qualified","2021-11-04T09:00:00","2021-11-04","3.004","Complete","Good",""
"http://environment.data.gov.uk/hydrology/id/measures/29434d59-1597-4783-b0b6-9f9a821d30d8-flow-m-86400-m3s-qualified","2021-11-05T09:00:00","2021-11-05","2.611","Complete","Good",""
"http://environment.data.gov.uk/hydrology/id/measures/29434d59-1597-4783-b0b6-9f9a821d30d8-flow-m-86400-m3s-qualified","2021-11-06T09:00:00","2021-11-06","2.506","Complete","Good",""
"http://environment.data.gov.uk/hydrology/id/measures/29434d59-1597-4783-b0b6-9f9a821d30d8-flow-m-86400-m3s-qualified","2021-11-07T09:00:00","2021-11-07","2.392","Complete","Good",""
"http://environment.data.gov.uk/hydrology/id/measures/29434d59-1597-4783-b0b6-9f9a821d30d8-flow-m-86400-m3s-qualified","2021-11-08T09:00:00","2021-11-08","2.239","Complete","Good",""
"http://environment.data.gov.uk/hydrology/id/measures/29434d59-1597-4783-b0b6-9f9a821d30d8-flow-m-86400-m3s-qualified","2021-11-09T09:00:00","2021-11-09","2.085","Complete","Good",""
"http://environment.data.gov.uk/hydrology/id/measures/29434d59-1597-4783-b0b6-9f9a821d30d8-flow-m-86400-m3s-qualified","2021-11-10T09:00:00","2021-11-10","2.003","Complete","Good",""
"http://environment.data.gov.uk/hydrology/id/measures/29434d59-1597-4783-b0b6-9f9a821d30d8-flow-m-86400-m3s-qualified","2021-11-11T09:00:00","2021-11-11","1.941","Complete","Good",""
"http://environment.data.gov.uk/hydrology/id/measures/29434d59-1597-4783-b0b6-9f9a821d30d8-flow-m-86400-m3s-qualified","2021-11-12T09:00:00","2021-11-12","1.97","Complete","Good",""
"http://environment.data.gov.uk/hydrology/id/measures/29434d59-1597-4783-b0b6-9f9a821d30d8-flow-m-86400-m3s-qualified","2021-11-13T09:00:00","2021-11-13","1.875","Complete","Good",""
"http://environment.data.gov.uk/hydrology/id/measures/29434d59-1597-4783-b0b6-9f9a821d30d8-flow-m-86400-m3s-qualified","2021-11-14T09:00:00","2021-11-14","1.825","Complete","Good",""
"http://environment.data.gov.uk/hydrology/id/measures/29434d59-1597-4783-b0b6-9f9a821d30d8-flow-m-86400-m3s-qualified","2021-11-15T09:00:00","2021-11-15","1.668","Complete","Good",""
"http://environment.data.gov.uk/hydrology/id/measures/29434d59-1597-4783-b0b6-9f9a821d30d8-flow-m-86400-m3s-qualified","2021-11-16T09:00:00","2021-11-16","1.675","Complete","Good",""
"http://environment.data.gov.uk/hydrology/id/measures/29434d59-1597-4783-b0b6-9f9a821d30d8-flow-m-86400-m3s-qualified","2021-11-17T09:00:00","2021-11-17","1.663","Complete","Good",""
"http://environment.data.gov.uk/hydrology/id/measures/29434d59-1597-4783-b0b6-9f9a821d30d8-flow-m-86400-m3s-qualified","2021-11-18T09:00:00","2021-11-18","1.543","Complete","Good",""
"http://environment.data.gov.uk/hydrology/id/measures/29434d59-1597-4783-b0b6-9f9a821d30d8-flow-m-86400-m3s-qualified","2021-11-19T09:00:00","2021-11-19","1.581","Complete","Good",""
"http://environment.data.gov.uk/hydrology/id/measures/29434d59-1597-4783-b0b6-9f9a821d30d8-flow-m-86400-m3s-qualified","2021-11-20T09:00:00","2021-11-20","1.571","Complete","Good",""
"http://environment.data.gov.uk/hydrology/id/measures/29434d59-1597-4783-b0b6-9f9a821d30d8-flow-m-86400-m3s-qualified","2021-11-21T09:00:00","2021-11-21","1.469","Complete","Good",""
"http://environment.data.gov.uk/hydrology/id/measures/29434d59-1597-4783-b0b6-9f9a821d30d8-flow-m-86400-m3s-qualified","2021-11-22T09:00:00","2021-11-22","1.722","Complete","Good",""
"http://environment.data.gov.uk/hydrology/id/measures/29434d59-1597-4783-b0b6-9f9a821d30d8-flow-m-86400-m3s-qualified","2021-11-23T09:00:00","2021-11-23","1.473","Complete","Good",""
"http://environment.data.gov.uk/hydrology/id/measures/29434d59-1597-4783-b0b6-9f9a821d30d8-flow-m-86400-m3s-qualified","2021-11-24T09:00:00","2021-11-24","1.355","Complete","Good",""
"http://environment.data.gov.uk/hydrology/id/measures/29434d59-1597-4783-b0b6-9f9a821d30d8-flow-m-86400-m3s-qualified","2021-11-25T09:00:00","2021-11-25","1.368","Complete","Good",""
"http://environment.data.gov.uk/hydrology/id/measures/29434d59-1597-4783-b0b6-9f9a821d30d8-flow-m-86400-m3s-qualified","2021-11-26T09:00:00","2021-11-26","1.44","Complete","Good",""
"http://environment.data.gov.uk/hydrology/id/measures/29434d59-1597-4783-b0b6-9f9a821d30d8-flow-m-86400-m3s-qualified","2021-11-27T09:00:00","2021-11-27","1.396","Complete","Good",""
"http://environment.data.gov.uk/hydrology/id/measures/29434d59-1597-4783-b0b6-9f9a821d30d8-flow-m-86400-m3s-qualified","2021-11-28T09:00:00","2021-11-28","1.281","Complete","Good",""
"http://environment.data.gov.uk/hydrology/id/measures/29434d59-1597-4783-b0b6-9f9a821d30d8-flow-m-86400-m3s-qualified","2021-11-29T09:00:00","2021-11-29","1.247","Complete","Good",""
"http://environment.data.gov.uk/hydrology/id/measures/29434d59-1597-4783-b0b6-9f9a821d30d8-flow-m-86400-m3s-qualified","2021-11-30T09:00:00","2021-11-30","1.239","Complete","Good",""
"http://environment.data.gov.uk/hydrology/id/measures/29434d59-1597-4783-b0b6-9f9a821d30d8-flow-m-86400-m3s-qualified","2021-12-01T09:00:00","2021-12-01","1.483","Complete","Good",""
"http://environment.data.gov.uk/hydrology/id/measures/29434d59-1597-4783-b0b6-9f9a821d30d8-flow-m-86400-m3s-qualified","2021-12-02T09:00:00","2021-12-02","1.359","Complete","Good",""
"http://environment.data.gov.uk/hydrology/id/measures/29434d59-1597-4783-b0b6-9f9a821d30d8-flow-m-86400-m3s-qualified","2021-12-03T09:00:00","2021-12-03","2.291","Complete","Good",""
"http://environment.data.gov.uk/hydrology/id/measures/29434d59-1597-4783-b0b6-9f9a821d30d8-flow-m-86400-m3s-qualified","2021-12-04T09:00:00","2021-12-04","2.026","Complete","Good",""
"http://environment.data.gov.uk/hydrology/id/measures/29434d59-1597-4783-b0b6-9f9a821d30d8-flow-m-86400-m3s-qualified","2021-12-05T09:00:00","2021-12-05","1.775","Complete","Good",""
"http://environment.data.gov.uk/hydrology/id/measures/29434d59-1597-4783-b0b6-9f9a821d30d8-flow-m-86400-m3s-qualified","2021-12-06T09:00:00","2021-12-06","1.842","Complete","Good",""
"http://environment.data.gov.uk/hydrology/id/measures/29434d59-1597-4783-b0b6-9f9a821d30d8-flow-m-86400-m3s-qualified","2021-12-07T09:00:00","2021-12-07","5.731","Complete","Good",""
"http://environment.data.gov.uk/hydrology/id/measures/29434d59-1597-4783-b0b6-9f9a821d30d8-flow-m-86400-m3s-qualified","2021-12-08T09:00:00","2021-12-08","4.349","Complete","Good",""
"http://environment.data.gov.uk/hydrology/id/measures/29434d59-1597-4783-b0b6-9f9a821d30d8-flow-m-86400-m3s-qualified","2021-12-09T09:00:00","2021-12-09","4.093","Complete","Good",""
"http://environment.data.gov.uk/hydrology/id/measures/29434d59-1597-4783-b0b6-9f9a821d30d8-flow-m-86400-m3s-qualified","2021-12-10T09:00:00","2021-12-10","4.007","Complete","Good",""
"http://environment.data.gov.uk/hydrology/id/measures/29434d59-1597-4783-b0b6-9f9a821d30d8-flow-m-86400-m3s-qualified","2021-12-11T09:00:00","2021-12-11","2.922","Complete","Good",""
"http://environment.data.gov.uk/hydrology/id/measures/29434d59-1597-4783-b0b6-9f9a821d30d8-flow-m-86400-m3s-qualified","2021-12-12T09:00:00","2021-12-12","2.768","Complete","Good",""
"http://environment.data.gov.uk/hydrology/id/measures/29434d59-1597-4783-b0b6-9f9a821d30d8-flow-m-86400-m3s-qualified","2021-12-13T09:00:00","2021-12-13","2.844","Complete","Good",""
"http://environment.data.gov.uk/hydrology/id/measures/29434d59-1597-4783-b0b6-9f9a821d30d8-flow-m-86400-m3s-qualified","2021-12-14T09:00:00","2021-12-14","3.056","Complete","Good",""
"http://environment.data.gov.uk/hydrology/id/measures/29434d59-1597-4783-b0b6-9f9a821d30d8-flow-m-86400-m3s-qualified","2021-12-15T09:00:00","2021-12-15","2.643","Complete","Good",""
"http://environment.data.gov.uk/hydrology/id/measures/29434d59-1597-4783-b0b6-9f9a821d30d8-flow-m-86400-m3s-qualified","2021-12-16T09:00:00","2021-12-16","2.309","Complete","Good",""
"http://environment.data.gov.uk/hydrology/id/measures/29434d59-1597-4783-b0b6-9f9a821d30d8-flow-m-86400-m3s-qualified","2021-12-17T09:00:00","2021-12-17","2.184","Complete","Good",""
"http://environment.data.gov.uk/hydrology/id/measures/29434d59-1597-4783-b0b6-9f9a821d30d8-flow-m-86400-m3s-qualified","2021-12-18T09:00:00","2021-12-18","2.014","Complete","Good",""
"http://environment.data.gov.uk/hydrology/id/measures/29434d59-1597-4783-b0b6-9f9a821d30d8-flow-m-86400-m3s-qualified","2021-12-19T09:00:00","2021-12-19","1.905","Complete","Good",""
"http://environment.data.gov.uk/hydrology/id/measures/29434d59-1597-4783-b0b6-9f9a821d30d8-flow-m-86400-m3s-qualified","2021-12-20T09:00:00","2021-12-20","1.859","Complete","Good",""
"http://environment.data.gov.uk/hydrology/id/measures/29434d59-1597-4783-b0b6-9f9a821d30d8-flow-m-86400-m3s-qualified","2021-12-21T09:00:00","2021-12-21","1.78","Complete","Good",""
"http://environment.data.gov.uk/hydrology/id/measures/29434d59-1597-4783-b0b6-9f9a821d30d8-flow-m-86400-m3s-qualified","2021-12-22T09:00:00","2021-12-22","1.772","Complete","Good",""
"http://environment.data.gov.uk/hydrology/id/measures/29434d59-1597-4783-b0b6-9f9a821d30d8-flow-m-86400-m3s-qualified","2021-12-23T09:00:00","2021-12-23","1.759","Complete","Good",""
"http://environment.data.gov.uk/hydrology/id/measures/29434d59-1597-4783-b0b6-9f9a821d30d8-flow-m-86400-m3s-qualified","2021-12-24T09:00:00","2021-12-24","1.924","Complete","Good",""
"http://environment.data.gov.uk/hydrology/id/measures/29434d59-1597-4783-b0b6-9f9a821d30d8-flow-m-86400-m3s-qualified","2021-12-25T09:00:00","2021-12-25","9.445","Complete","Good",""
"http://environment.data.gov.uk/hydrology/id/measures/29434d59-1597-4783-b0b6-9f9a821d30d8-flow-m-86400-m3s-qualified","2021-12-26T09:00:00","2021-12-26","9.723","Complete","Good",""
"http://environment.data.gov.uk/hydrology/id/measures/29434d59-1597-4783-b0b6-9f9a821d30d8-flow-m-86400-m3s-qualified","2021-12-27T09:00:00","2021-12-27","6.746","Complete","Good",""
"http://environment.data.gov.uk/hydrology/id/measures/29434d59-1597-4783-b0b6-9f9a821d30d8-flow-m-86400-m3s-qualified","2021-12-28T09:00:00","2021-12-28","10.936","Complete","Good",""
"http://environment.data.gov.uk/hydrology/id/measures/29434d59-1597-4783-b0b6-9f9a821d30d8-flow-m-86400-m3s-qualified","2021-12-29T09:00:00","2021-12-29","13.593","Complete","Good",""
"http://environment.data.gov.uk/hydrology/id/measures/29434d59-1597-4783-b0b6-9f9a821d30d8-flow-m-86400-m3s-qualified","2021-12-30T09:00:00","2021-12-30","7.22","Complete","Good",""
"http://environment.data.gov.uk/hydrology/id/measures/29434d59-1597-4783-b0b6-9f9a821d30d8-flow-m-86400-m3s-qualified","2021-12-31T09:00:00","2021-12-31","8.443","Complete","Good",""
"http://environment.data.gov.uk/hydrology/id/measures/29434d59-1597-4783-b0b6-9f9a821d30d8-flow-m-86400-m3s-qualified","2022-01-01T09:00:00","2022-01-01","6.078","Complete","Good",""
"http://environment.data.gov.uk/hydrology/id/measures/29434d59-1597-4783-b0b6-9f9a821d30d8-flow-m-86400-m3s-qualified","2022-01-02T09:00:00","2022-01-02","7.563","Complete","Good",""
"http://environment.data.gov.uk/hydrology/id/measures/29434d59-1597-4783-b0b6-9f9a821d30d8-flow-m-86400-m3s-qualified","2022-01-03T09:00:00","2022-01-03","6.099","Complete","Good",""
"http://environment.data.gov.uk/hydrology/id/measures/29434d59-1597-4783-b0b6-9f9a821d30d8-flow-m-86400-m3s-qualified","2022-01-04T09:00:00","2022-01-04","4.913","Complete","Good",""
"http://environment.data.gov.uk/hydrology/id/measures/29434d59-1597-4783-b0b6-9f9a821d30d8-flow-m-86400-m3s-qualified","2022-01-05T09:00:00","2022-01-05","4.162","Complete","Good",""
"http://environment.data.gov.uk/hydrology/id/measures/29434d59-1597-4783-b0b6-9f9a821d30d8-flow-m-86400-m3s-qualified","2022-01-06T09:00:00","2022-01-06","5.394","Complete","Good",""
"http://environment.data.gov.uk/hydrology/id/measures/29434d59-1597-4783-b0b6-9f9a821d30d8-flow-m-86400-m3s-qualified","2022-01-07T09:00:00","2022-01-07","8.411","Complete","Good",""
"http://environment.data.gov.uk/hydrology/id/measures/29434d59-1597-4783-b0b6-9f9a821d30d8-flow-m-86400-m3s-qualified","2022-01-08T09:00:00","2022-01-08","15.202","Complete","Good",""
"http://environment.data.gov.uk/hydrology/id/measures/29434d59-1597-4783-b0b6-9f9a821d30d8-flow-m-86400-m3s-qualified","2022-01-09T09:00:00","2022-01-09","8.444","Complete","Good",""
"http://environment.data.gov.uk/hydrology/id/measures/29434d59-1597-4783-b0b6-9f9a821d30d8-flow-m-86400-m3s-qualified","2022-01-10T09:00:00","2022-01-10","5.998","Complete","Good",""
"http://environment.data.gov.uk/hydrology/id/measures/29434d59-1597-4783-b0b6-9f9a821d30d8-flow-m-86400-m3s-qualified","2022-01-11T09:00:00","2022-01-11","5.29","Complete","Good",""
"http://environment.data.gov.uk/hydrology/id/measures/29434d59-1597-4783-b0b6-9f9a821d30d8-flow-m-86400-m3s-qualified","2022-01-12T09:00:00","2022-01-12","4.508","Complete","Good",""
"http://environment.data.gov.uk/hydrology/id/measures/29434d59-1597-4783-b0b6-9f9a821d30d8-flow-m-86400-m3s-qualified","2022-01-13T09:00:00","2022-01-13","3.975","Complete","Good",""
"http://environment.data.gov.uk/hydrology/id/measures/29434d59-1597-4783-b0b6-9f9a821d30d8-flow-m-86400-m3s-qualified","2022-01-14T09:00:00","2022-01-14","3.626","Complete","Good",""
"http://environment.data.gov.uk/hydrology/id/measures/29434d59-1597-4783-b0b6-9f9a821d30d8-flow-m-86400-m3s-qualified","2022-01-15T09:00:00","2022-01-15","3.399","Complete","Good",""
"http://environment.data.gov.uk/hydrology/id/measures/29434d59-1597-4783-b0b6-9f9a821d30d8-flow-m-86400-m3s-qualified","2022-01-16T09:00:00","2022-01-16","3.155","Complete","Good",""
"http://environment.data.gov.uk/hydrology/id/measures/29434d59-1597-4783-b0b6-9f9a821d30d8-flow-m-86400-m3s-qualified","2022-01-17T09:00:00","2022-01-17","3.014","Complete","Good",""
"http://environment.data.gov.uk/hydrology/id/measures/29434d59-1597-4783-b0b6-9f9a821d30d8-flow-m-86400-m3s-qualified","2022-01-18T09:00:00","2022-01-18","2.834","Complete","Good",""
"http://environment.data.gov.uk/hydrology/id/measures/29434d59-1597-4783-b0b6-9f9a821d30d8-flow-m-86400-m3s-qualified","2022-01-19T09:00:00","2022-01-19","2.673","Complete","Good",""
"http://environment.data.gov.uk/hydrology/id/measures/29434d59-1597-4783-b0b6-9f9a821d30d8-flow-m-86400-m3s-qualified","2022-01-20T09:00:00","2022-01-20","2.452","Complete","Good",""
"http://environment.data.gov.uk/hydrology/id/measures/29434d59-1597-4783-b0b6-9f9a821d30d8-flow-m-86400-m3s-qualified","2022-01-21T09:00:00","2022-01-21","2.384","Complete","Good",""
"http://environment.data.gov.uk/hydrology/id/measures/29434d59-1597-4783-b0b6-9f9a821d30d8-flow-m-86400-m3s-qualified","2022-01-22T09:00:00","2022-01-22","2.364","Complete","Good",""
"http://environment.data.gov.uk/hydrology/id/measures/29434d59-1597-4783-b0b6-9f9a821d30d8-flow-m-86400-m3s-qualified","2022-01-23T09:00:00","2022-01-23","2.272","Complete","Good",""
"http://environment.data.gov.uk/hydrology/id/measures/29434d59-1597-4783-b0b6-9f9a821d30d8-flow-m-86400-m3s-qualified","2022-01-24T09:00:00","2022-01-24","2.254","Complete","Good",""
"http://environment.data.gov.uk/hydrology/id/measures/29434d59-1597-4783-b0b6-9f9a821d30d8-flow-m-86400-m3s-qualified","2022-01-25T09:00:00","2022-01-25","2.158","Complete","Good",""
"http://environment.data.gov.uk/hydrology/id/measures/29434d59-1597-4783-b0b6-9f9a821d30d8-flow-m-86400-m3s-qualified","2022-01-26T09:00:00","2022-01-26","2.015","Complete","Good",""
"http://environment.data.gov.uk/hydrology/id/measures/29434d59-1597-4783-b0b6-9f9a821d30d8-flow-m-86400-m3s-qualified","2022-01-27T09:00:00","2022-01-27","1.99","Complete","Good",""
"http://environment.data.gov.uk/hydrology/id/measures/29434d59-1597-4783-b0b6-9f9a821d30d8-flow-m-86400-m3s-qualified","2022-01-28T09:00:00","2022-01-28","1.874","Complete","Good",""
"http://environment.data.gov.uk/hydrology/id/measures/29434d59-1597-4783-b0b6-9f9a821d30d8-flow-m-86400-m3s-qualified","2022-01-29T09:00:00","2022-01-29","2.012","Complete","Good",""
"http://environment.data.gov.uk/hydrology/id/measures/29434d59-1597-4783-b0b6-9f9a821d30d8-flow-m-86400-m3s-qualified","2022-01-30T09:00:00","2022-01-30","1.9","Complete","Good",""
"http://environment.data.gov.uk/hydrology/id/measures/29434d59-1597-4783-b0b6-9f9a821d30d8-flow-m-86400-m3s-qualified","2022-01-31T09:00:00","2022-01-31","1.934","Complete","Good",""
"http://environment.data.gov.uk/hydrology/id/measures/29434d59-1597-4783-b0b6-9f9a821d30d8-flow-m-86400-m3s-qualified","2022-02-01T09:00:00","2022-02-01","1.826","Complete","Good",""
"http://environment.data.gov.uk/hydrology/id/measures/29434d59-1597-4783-b0b6-9f9a821d30d8-flow-m-86400-m3s-qualified","2022-02-02T09:00:00","2022-02-02","1.966","Complete","Good",""
"http://environment.data.gov.uk/hydrology/id/measures/29434d59-1597-4783-b0b6-9f9a821d30d8-flow-m-86400-m3s-qualified","2022-02-03T09:00:00","2022-02-03","1.901","Complete","Good",""
"http://environment.data.gov.uk/hydrology/id/measures/29434d59-1597-4783-b0b6-9f9a821d30d8-flow-m-86400-m3s-qualified","2022-02-04T09:00:00","2022-02-04","1.801","Complete","Good",""
"http://environment.data.gov.uk/hydrology/id/measures/29434d59-1597-4783-b0b6-9f9a821d30d8-flow-m-86400-m3s-qualified","2022-02-05T09:00:00","2022-02-05","1.901","Complete","Good",""
"http://environment.data.gov.uk/hydrology/id/measures/29434d59-1597-4783-b0b6-9f9a821d30d8-flow-m-86400-m3s-qualified","2022-02-06T09:00:00","2022-02-06","11.885","Complete","Good",""
"http://environment.data.gov.uk/hydrology/id/measures/29434d59-1597-4783-b0b6-9f9a821d30d8-flow-m-86400-m3s-qualified","2022-02-07T09:00:00","2022-02-07","5.805","Complete","Good",""
"http://environment.data.gov.uk/hydrology/id/measures/29434d59-1597-4783-b0b6-9f9a821d30d8-flow-m-86400-m3s-qualified","2022-02-08T09:00:00","2022-02-08","3.981","Complete","Good",""
"http://environment.data.gov.uk/hydrology/id/measures/29434d59-1597-4783-b0b6-9f9a821d30d8-flow-m-86400-m3s-qualified","2022-02-09T09:00:00","2022-02-09","3.262","Complete","Good",""
"http://environment.data.gov.uk/hydrology/id/measures/29434d59-1597-4783-b0b6-9f9a821d30d8-flow-m-86400-m3s-qualified","2022-02-10T09:00:00","2022-02-10","3.143","Complete","Good",""
"http://environment.data.gov.uk/hydrology/id/measures/29434d59-1597-4783-b0b6-9f9a821d30d8-flow-m-86400-m3s-qualified","2022-02-11T09:00:00","2022-02-11","2.476","Complete","Good",""
"http://environment.data.gov.uk/hydrology/id/measures/29434d59-1597-4783-b0b6-9f9a821d30d8-flow-m-86400-m3s-qualified","2022-02-12T09:00:00","2022-02-12","2.553","Complete","Good",""
"http://environment.data.gov.uk/hydrology/id/measures/29434d59-1597-4783-b0b6-9f9a821d30d8-flow-m-86400-m3s-qualified","2022-02-13T09:00:00","2022-02-13","6.836","Complete","Good",""
"http://environment.data.gov.uk/hydrology/id/measures/29434d59-1597-4783-b0b6-9f9a821d30d8-flow-m-86400-m3s-qualified","2022-02-14T09:00:00","2022-02-14","5.646","Complete","Good",""
"http://environment.data.gov.uk/hydrology/id/measures/29434d59-1597-4783-b0b6-9f9a821d30d8-flow-m-86400-m3s-qualified","2022-02-15T09:00:00","2022-02-15","9.671","Complete","Good",""
"http://environment.data.gov.uk/hydrology/id/measures/29434d59-1597-4783-b0b6-9f9a821d30d8-flow-m-86400-m3s-qualified","2022-02-16T09:00:00","2022-02-16","9.555","Complete","Good",""
"http://environment.data.gov.uk/hydrology/id/measures/29434d59-1597-4783-b0b6-9f9a821d30d8-flow-m-86400-m3s-qualified","2022-02-17T09:00:00","2022-02-17","6.354","Complete","Good",""
"http://environment.data.gov.uk/hydrology/id/measures/29434d59-1597-4783-b0b6-9f9a821d30d8-flow-m-86400-m3s-qualified","2022-02-18T09:00:00","2022-02-18","6.009","Complete","Good",""
"http://environment.data.gov.uk/hydrology/id/measures/29434d59-1597-4783-b0b6-9f9a821d30d8-flow-m-86400-m3s-qualified","2022-02-19T09:00:00","2022-02-19","6.778","Complete","Good",""
"http://environment.data.gov.uk/hydrology/id/measures/29434d59-1597-4783-b0b6-9f9a821d30d8-flow-m-86400-m3s-qualified","2022-02-20T09:00:00","2022-02-20","9.73","Complete","Good",""
"http://environment.data.gov.uk/hydrology/id/measures/29434d59-1597-4783-b0b6-9f9a821d30d8-flow-m-86400-m3s-qualified","2022-02-21T09:00:00","2022-02-21","7.53","Complete","Good",""
"http://environment.data.gov.uk/hydrology/id/measures/29434d59-1597-4783-b0b6-9f9a821d30d8-flow-m-86400-m3s-qualified","2022-02-22T09:00:00","2022-02-22","5.527","Complete","Good",""
"http://environment.data.gov.uk/hydrology/id/measures/29434d59-1597-4783-b0b6-9f9a821d30d8-flow-m-86400-m3s-qualified","2022-02-23T09:00:00","2022-02-23","4.637","Complete","Good",""
"http://environment.data.gov.uk/hydrology/id/measures/29434d59-1597-4783-b0b6-9f9a821d30d8-flow-m-86400-m3s-qualified","2022-02-24T09:00:00","2022-02-24","7.493","Complete","Good",""
"http://environment.data.gov.uk/hydrology/id/measures/29434d59-1597-4783-b0b6-9f9a821d30d8-flow-m-86400-m3s-qualified","2022-02-25T09:00:00","2022-02-25","5.611","Complete","Good",""
"http://environment.data.gov.uk/hydrology/id/measures/29434d59-1597-4783-b0b6-9f9a821d30d8-flow-m-86400-m3s-qualified","2022-02-26T09:00:00","2022-02-26","4.594","Complete","Good",""
"http://environment.data.gov.uk/hydrology/id/measures/29434d59-1597-4783-b0b6-9f9a821d30d8-flow-m-86400-m3s-qualified","2022-02-27T09:00:00","2022-02-27","3.989","Complete","Good",""
"http://environment.data.gov.uk/hydrology/id/measures/29434d59-1597-4783-b0b6-9f9a821d30d8-flow-m-86400-m3s-qualified","2022-02-28T09:00:00","2022-02-28","4.101","Complete","Good",""
"http://environment.data.gov.uk/hydrology/id/measures/29434d59-1597-4783-b0b6-9f9a821d30d8-flow-m-86400-m3s-qualified","2022-03-01T09:00:00","2022-03-01","7.119","Complete","Good",""
"http://environment.data.gov.uk/hydrology/id/measures/29434d59-1597-4783-b0b6-9f9a821d30d8-flow-m-86400-m3s-qualified","2022-03-02T09:00:00","2022-03-02","8.895","Complete","Good",""
"http://environment.data.gov.uk/hydrology/id/measures/29434d59-1597-4783-b0b6-9f9a821d30d8-flow-m-86400-m3s-qualified","2022-03-03T09:00:00","2022-03-03","6.276","Complete","Good",""
"http://environment.data.gov.uk/hydrology/id/measures/29434d59-1597-4783-b0b6-9f9a821d30d8-flow-m-86400-m3s-qualified","2022-03-04T09:00:00","2022-03-04","5.874","Complete","Good",""
"http://environment.data.gov.uk/hydrology/id/measures/29434d59-1597-4783-b0b6-9f9a821d30d8-flow-m-86400-m3s-qualified","2022-03-05T09:00:00","2022-03-05","4.713","Complete","Good",""
"http://environment.data.gov.uk/hydrology/id/measures/29434d59-1597-4783-b0b6-9f9a821d30d8-flow-m-86400-m3s-qualified","2022-03-06T09:00:00","2022-03-06","4.169","Complete","Good",""
"http://environment.data.gov.uk/hydrology/id/measures/29434d59-1597-4783-b0b6-9f9a821d30d8-flow-m-86400-m3s-qualified","2022-03-07T09:00:00","2022-03-07","3.712","Complete","Good",""
"http://environment.data.gov.uk/hydrology/id/measures/29434d59-1597-4783-b0b6-9f9a821d30d8-flow-m-86400-m3s-qualified","2022-03-08T09:00:00","2022-03-08","3.496","Complete","Good",""
"http://environment.data.gov.uk/hydrology/id/measures/29434d59-1597-4783-b0b6-9f9a821d30d8-flow-m-86400-m3s-qualified","2022-03-09T09:00:00","2022-03-09","3.13","Complete","Good",""
"http://environment.data.gov.uk/hydrology/id/measures/29434d59-1597-4783-b0b6-9f9a821d30d8-flow-m-86400-m3s-qualified","2022-03-10T09:00:00","2022-03-10","3.037","Complete","Good",""
"http://environment.data.gov.uk/hydrology/id/measures/29434d59-1597-4783-b0b6-9f9a821d30d8-flow-m-86400-m3s-qualified","2022-03-11T09:00:00","2022-03-11","6.205","Complete","Good",""
"http://environment.data.gov.uk/hydrology/id/measures/29434d59-1597-4783-b0b6-9f9a821d30d8-flow-m-86400-m3s-qualified","2022-03-12T09:00:00","2022-03-12","7.125","Complete","Good",""
"http://environment.data.gov.uk/hydrology/id/measures/29434d59-1597-4783-b0b6-9f9a821d30d8-flow-m-86400-m3s-qualified","2022-03-13T09:00:00","2022-03-13","6.84","Complete","Good",""
"http://environment.data.gov.uk/hydrology/id/measures/29434d59-1597-4783-b0b6-9f9a821d30d8-flow-m-86400-m3s-qualified","2022-03-14T09:00:00","2022-03-14","4.66","Complete","Good",""
"http://environment.data.gov.uk/hydrology/id/measures/29434d59-1597-4783-b0b6-9f9a821d30d8-flow-m-86400-m3s-qualified","2022-03-15T09:00:00","2022-03-15","3.887","Complete","Good",""
"http://environment.data.gov.uk/hydrology/id/measures/29434d59-1597-4783-b0b6-9f9a821d30d8-flow-m-86400-m3s-qualified","2022-03-16T09:00:00","2022-03-16","9.651","Complete","Suspect",""
"http://environment.data.gov.uk/hydrology/id/measures/29434d59-1597-4783-b0b6-9f9a821d30d8-flow-m-86400-m3s-qualified","2022-03-17T09:00:00","2022-03-17","6.399","Complete","Suspect",""
"http://environment.data.gov.uk/hydrology/id/measures/29434d59-1597-4783-b0b6-9f9a821d30d8-flow-m-86400-m3s-qualified","2022-03-18T09:00:00","2022-03-18","4.617","Complete","Suspect",""
"http://environment.data.gov.uk/hydrology/id/measures/29434d59-1597-4783-b0b6-9f9a821d30d8-flow-m-86400-m3s-qualified","2022-03-19T09:00:00","2022-03-19","3.996","Complete","Suspect",""
"http://environment.data.gov.uk/hydrology/id/measures/29434d59-1597-4783-b0b6-9f9a821d30d8-flow-m-86400-m3s-qualified","2022-03-20T09:00:00","2022-03-20","3.52","Complete","Suspect",""
"http://environment.data.gov.uk/hydrology/id/measures/29434d59-1597-4783-b0b6-9f9a821d30d8-flow-m-86400-m3s-qualified","2022-03-21T09:00:00","2022-03-21","3.141","Complete","Suspect",""
"http://environment.data.gov.uk/hydrology/id/measures/29434d59-1597-4783-b0b6-9f9a821d30d8-flow-m-86400-m3s-qualified","2022-03-22T09:00:00","2022-03-22","2.826","Complete","Suspect",""
"http://environment.data.gov.uk/hydrology/id/measures/29434d59-1597-4783-b0b6-9f9a821d30d8-flow-m-86400-m3s-qualified","2022-03-23T09:00:00","2022-03-23","2.8","Complete","Suspect",""
"http://environment.data.gov.uk/hydrology/id/measures/29434d59-1597-4783-b0b6-9f9a821d30d8-flow-m-86400-m3s-qualified","2022-03-24T09:00:00","2022-03-24","2.572","Complete","Suspect",""
"http://environment.data.gov.uk/hydrology/id/measures/29434d59-1597-4783-b0b6-9f9a821d30d8-flow-m-86400-m3s-qualified","2022-03-25T09:00:00","2022-03-25","2.565","Complete","Suspect",""
"http://environment.data.gov.uk/hydrology/id/measures/29434d59-1597-4783-b0b6-9f9a821d30d8-flow-m-86400-m3s-qualified","2022-03-26T09:00:00","2022-03-26","2.45","Complete","Suspect",""
"http://environment.data.gov.uk/hydrology/id/measures/29434d59-1597-4783-b0b6-9f9a821d30d8-flow-m-86400-m3s-qualified","2022-03-27T09:00:00","2022-03-27","2.324","Complete","Suspect",""
"http://environment.data.gov.uk/hydrology/id/measures/29434d59-1597-4783-b0b6-9f9a821d30d8-flow-m-86400-m3s-qualified","2022-03-28T09:00:00","2022-03-28","2.242","Complete","Suspect",""
"http://environment.data.gov.uk/hydrology/id/measures/29434d59-1597-4783-b0b6-9f9a821d30d8-flow-m-86400-m3s-qualified","2022-03-29T09:00:00","2022-03-29","2.211","Complete","Suspect",""
"http://environment.data.gov.uk/hydrology/id/measures/29434d59-1597-4783-b0b6-9f9a821d30d8-flow-m-86400-m3s-qualified","2022-03-30T09:00:00","2022-03-30","2.133","Complete","Suspect",""
"http://environment.data.gov.uk/hydrology/id/measures/29434d59-1597-4783-b0b6-9f9a821d30d8-flow-m-86400-m3s-qualified","2022-03-31T09:00:00","2022-03-31","2.388","Complete","Suspect",""
"http://environment.data.gov.uk/hydrology/id/measures/29434d59-1597-4783-b0b6-9f9a821d30d8-flow-m-86400-m3s-qualified","2022-04-01T09:00:00","2022-04-01","1.97","Complete","Suspect",""
"http://environment.data.gov.uk/hydrology/id/measures/29434d59-1597-4783-b0b6-9f9a821d30d8-flow-m-86400-m3s-qualified","2022-04-02T09:00:00","2022-04-02","1.896","Complete","Suspect",""
"http://environment.data.gov.uk/hydrology/id/measures/29434d59-1597-4783-b0b6-9f9a821d30d8-flow-m-86400-m3s-qualified","2022-04-03T09:00:00","2022-04-03","1.982","Complete","Suspect",""
"http://environment.data.gov.uk/hydrology/id/measures/29434d59-1597-4783-b0b6-9f9a821d30d8-flow-m-86400-m3s-qualified","2022-04-04T09:00:00","2022-04-04","2.094","Complete","Suspect",""
"http://environment.data.gov.uk/hydrology/id/measures/29434d59-1597-4783-b0b6-9f9a821d30d8-flow-m-86400-m3s-qualified","2022-04-05T09:00:00","2022-04-05","1.946","Complete","Suspect",""
"http://environment.data.gov.uk/hydrology/id/measures/29434d59-1597-4783-b0b6-9f9a821d30d8-flow-m-86400-m3s-qualified","2022-04-06T09:00:00","2022-04-06","2.579","Complete","Suspect",""
"http://environment.data.gov.uk/hydrology/id/measures/29434d59-1597-4783-b0b6-9f9a821d30d8-flow-m-86400-m3s-qualified","2022-04-07T09:00:00","2022-04-07","4.562","Complete","Suspect",""
"http://environment.data.gov.uk/hydrology/id/measures/29434d59-1597-4783-b0b6-9f9a821d30d8-flow-m-86400-m3s-qualified","2022-04-08T09:00:00","2022-04-08","2.816","Complete","Suspect",""
"http://environment.data.gov.uk/hydrology/id/measures/29434d59-1597-4783-b0b6-9f9a821d30d8-flow-m-86400-m3s-qualified","2022-04-09T09:00:00","2022-04-09","2.374","Complete","Suspect",""
"http://environment.data.gov.uk/hydrology/id/measures/29434d59-1597-4783-b0b6-9f9a821d30d8-flow-m-86400-m3s-qualified","2022-04-10T09:00:00","2022-04-10","2.19","Complete","Suspect",""
"http://environment.data.gov.uk/hydrology/id/measures/29434d59-1597-4783-b0b6-9f9a821d30d8-flow-m-86400-m3s-qualified","2022-04-11T09:00:00","2022-04-11","1.883","Complete","Suspect",""
"http://environment.data.gov.uk/hydrology/id/measures/29434d59-1597-4783-b0b6-9f9a821d30d8-flow-m-86400-m3s-qualified","2022-04-12T09:00:00","2022-04-12","1.943","Complete","Suspect",""
"http://environment.data.gov.uk/hydrology/id/measures/29434d59-1597-4783-b0b6-9f9a821d30d8-flow-m-86400-m3s-qualified","2022-04-13T09:00:00","2022-04-13","1.947","Complete","Suspect",""
"http://environment.data.gov.uk/hydrology/id/measures/29434d59-1597-4783-b0b6-9f9a821d30d8-flow-m-86400-m3s-qualified","2022-04-14T09:00:00","2022-04-14","1.878","Complete","Suspect",""
"http://environment.data.gov.uk/hydrology/id/measures/29434d59-1597-4783-b0b6-9f9a821d30d8-flow-m-86400-m3s-qualified","2022-04-15T09:00:00","2022-04-15","1.598","Complete","Suspect",""
"http://environment.data.gov.uk/hydrology/id/measures/29434d59-1597-4783-b0b6-9f9a821d30d8-flow-m-86400-m3s-qualified","2022-04-16T09:00:00","2022-04-16","1.66","Complete","Suspect",""
"http://environment.data.gov.uk/hydrology/id/measures/29434d59-1597-4783-b0b6-9f9a821d30d8-flow-m-86400-m3s-qualified","2022-04-17T09:00:00","2022-04-17","1.855","Complete","Suspect",""
"http://environment.data.gov.uk/hydrology/id/measures/29434d59-1597-4783-b0b6-9f9a821d30d8-flow-m-86400-m3s-qualified","2022-04-18T09:00:00","2022-04-18","1.846","Complete","Suspect",""
"http://environment.data.gov.uk/hydrology/id/measures/29434d59-1597-4783-b0b6-9f9a821d30d8-flow-m-86400-m3s-qualified","2022-04-19T09:00:00","2022-04-19","1.867","Complete","Suspect",""
"http://environment.data.gov.uk/hydrology/id/measures/29434d59-1597-4783-b0b6-9f9a821d30d8-flow-m-86400-m3s-qualified","2022-04-20T09:00:00","2022-04-20","1.586","Complete","Suspect",""
"http://environment.data.gov.uk/hydrology/id/measures/29434d59-1597-4783-b0b6-9f9a821d30d8-flow-m-86400-m3s-qualified","2022-04-21T09:00:00","2022-04-21","1.565","Complete","Suspect",""
"http://environment.data.gov.uk/hydrology/id/measures/29434d59-1597-4783-b0b6-9f9a821d30d8-flow-m-86400-m3s-qualified","2022-04-22T09:00:00","2022-04-22","1.514","Complete","Suspect",""
"http://environment.data.gov.uk/hydrology/id/measures/29434d59-1597-4783-b0b6-9f9a821d30d8-flow-m-86400-m3s-qualified","2022-04-23T09:00:00","2022-04-23","1.447","Complete","Suspect",""
"http://environment.data.gov.uk/hydrology/id/measures/29434d59-1597-4783-b0b6-9f9a821d30d8-flow-m-86400-m3s-qualified","2022-04-24T09:00:00","2022-04-24","1.442","Complete","Suspect",""
"http://environment.data.gov.uk/hydrology/id/measures/29434d59-1597-4783-b0b6-9f9a821d30d8-flow-m-86400-m3s-qualified","2022-04-25T09:00:00","2022-04-25","1.543","Complete","Suspect",""
"http://environment.data.gov.uk/hydrology/id/measures/29434d59-1597-4783-b0b6-9f9a821d30d8-flow-m-86400-m3s-qualified","2022-04-26T09:00:00","2022-04-26","1.526","Complete","Suspect",""
"http://environment.data.gov.uk/hydrology/id/measures/29434d59-1597-4783-b0b6-9f9a821d30d8-flow-m-86400-m3s-qualified","2022-04-27T09:00:00","2022-04-27","1.477","Complete","Suspect",""
"http://environment.data.gov.uk/hydrology/id/measures/29434d59-1597-4783-b0b6-9f9a821d30d8-flow-m-86400-m3s-qualified","2022-04-28T09:00:00","2022-04-28","1.42","Complete","Suspect",""
"http://environment.data.gov.uk/hydrology/id/measures/29434d59-1597-4783-b0b6-9f9a821d30d8-flow-m-86400-m3s-qualified","2022-04-29T09:00:00","2022-04-29","1.21","Complete","Suspect",""
"http://environment.data.gov.uk/hydrology/id/measures/29434d59-1597-4783-b0b6-9f9a821d30d8-flow-m-86400-m3s-qualified","2022-04-30T09:00:00","2022-04-30","1.272","Complete","Suspect",""
"http://environment.data.gov.uk/hydrology/id/measures/29434d59-1597-4783-b0b6-9f9a821d30d8-flow-m-86400-m3s-qualified","2022-05-01T09:00:00","2022-05-01","1.375","Complete","Suspect",""
"http://environment.data.gov.uk/hydrology/id/measures/29434d59-1597-4783-b0b6-9f9a821d30d8-flow-m-86400-m3s-qualified","2022-05-02T09:00:00","2022-05-02","1.411","Complete","Suspect",""
"http://environment.data.gov.uk/hydrology/id/measures/29434d59-1597-4783-b0b6-9f9a821d30d8-flow-m-86400-m3s-qualified","2022-05-03T09:00:00","2022-05-03","1.239","Complete","Suspect",""
"http://environment.data.gov.uk/hydrology/id/measures/29434d59-1597-4783-b0b6-9f9a821d30d8-flow-m-86400-m3s-qualified","2022-05-04T09:00:00","2022-05-04","1.321","Complete","Suspect",""
"http://environment.data.gov.uk/hydrology/id/measures/29434d59-1597-4783-b0b6-9f9a821d30d8-flow-m-86400-m3s-qualified","2022-05-05T09:00:00","2022-05-05","1.271","Complete","Suspect",""
"http://environment.data.gov.uk/hydrology/id/measures/29434d59-1597-4783-b0b6-9f9a821d30d8-flow-m-86400-m3s-qualified","2022-05-06T09:00:00","2022-05-06","1.17","Complete","Suspect",""
"http://environment.data.gov.uk/hydrology/id/measures/29434d59-1597-4783-b0b6-9f9a821d30d8-flow-m-86400-m3s-qualified","2022-05-07T09:00:00","2022-05-07","1.211","Complete","Suspect",""
"http://environment.data.gov.uk/hydrology/id/measures/29434d59-1597-4783-b0b6-9f9a821d30d8-flow-m-86400-m3s-qualified","2022-05-08T09:00:00","2022-05-08","1.128","Complete","Suspect",""
"http://environment.data.gov.uk/hydrology/id/measures/29434d59-1597-4783-b0b6-9f9a821d30d8-flow-m-86400-m3s-qualified","2022-05-09T09:00:00","2022-05-09","1.12","Complete","Suspect",""
"http://environment.data.gov.uk/hydrology/id/measures/29434d59-1597-4783-b0b6-9f9a821d30d8-flow-m-86400-m3s-qualified","2022-05-10T09:00:00","2022-05-10","1.248","Complete","Suspect",""
"http://environment.data.gov.uk/hydrology/id/measures/29434d59-1597-4783-b0b6-9f9a821d30d8-flow-m-86400-m3s-qualified","2022-05-11T09:00:00","2022-05-11","1.469","Complete","Suspect",""
"http://environment.data.gov.uk/hydrology/id/measures/29434d59-1597-4783-b0b6-9f9a821d30d8-flow-m-86400-m3s-qualified","2022-05-12T09:00:00","2022-05-12","1.105","Complete","Suspect",""
"http://environment.data.gov.uk/hydrology/id/measures/29434d59-1597-4783-b0b6-9f9a821d30d8-flow-m-86400-m3s-qualified","2022-05-13T09:00:00","2022-05-13","1.22","Complete","Suspect",""
"http://environment.data.gov.uk/hydrology/id/measures/29434d59-1597-4783-b0b6-9f9a821d30d8-flow-m-86400-m3s-qualified","2022-05-14T09:00:00","2022-05-14","1.155","Complete","Suspect",""
"http://environment.data.gov.uk/hydrology/id/measures/29434d59-1597-4783-b0b6-9f9a821d30d8-flow-m-86400-m3s-qualified","2022-05-15T09:00:00","2022-05-15","2.032","Complete","Suspect",""
"http://environment.data.gov.uk/hydrology/id/measures/29434d59-1597-4783-b0b6-9f9a821d30d8-flow-m-86400-m3s-qualified","2022-05-16T09:00:00","2022-05-16","2.056","Complete","Suspect",""
"http://environment.data.gov.uk/hydrology/id/measures/29434d59-1597-4783-b0b6-9f9a821d30d8-flow-m-86400-m3s-qualified","2022-05-17T09:00:00","2022-05-17","1.455","Complete","Suspect",""
"http://environment.data.gov.uk/hydrology/id/measures/29434d59-1597-4783-b0b6-9f9a821d30d8-flow-m-86400-m3s-qualified","2022-05-18T09:00:00","2022-05-18","1.385","Complete","Suspect",""
"http://environment.data.gov.uk/hydrology/id/measures/29434d59-1597-4783-b0b6-9f9a821d30d8-flow-m-86400-m3s-qualified","2022-05-19T09:00:00","2022-05-19","1.386","Complete","Suspect",""
"http://environment.data.gov.uk/hydrology/id/measures/29434d59-1597-4783-b0b6-9f9a821d30d8-flow-m-86400-m3s-qualified","2022-05-20T09:00:00","2022-05-20","1.377","Complete","Suspect",""
"http://environment.data.gov.uk/hydrology/id/measures/29434d59-1597-4783-b0b6-9f9a821d30d8-flow-m-86400-m3s-qualified","2022-05-21T09:00:00","2022-05-21","1.201","Complete","Suspect",""
"http://environment.data.gov.uk/hydrology/id/measures/29434d59-1597-4783-b0b6-9f9a821d30d8-flow-m-86400-m3s-qualified","2022-05-22T09:00:00","2022-05-22","1.159","Complete","Suspect",""
"http://environment.data.gov.uk/hydrology/id/measures/29434d59-1597-4783-b0b6-9f9a821d30d8-flow-m-86400-m3s-qualified","2022-05-23T09:00:00","2022-05-23","1.289","Complete","Suspect",""
"http://environment.data.gov.uk/hydrology/id/measures/29434d59-1597-4783-b0b6-9f9a821d30d8-flow-m-86400-m3s-qualified","2022-05-24T09:00:00","2022-05-24","1.295","Complete","Suspect",""
"http://environment.data.gov.uk/hydrology/id/measures/29434d59-1597-4783-b0b6-9f9a821d30d8-flow-m-86400-m3s-qualified","2022-05-25T09:00:00","2022-05-25","1.111","Complete","Suspect",""
"http://environment.data.gov.uk/hydrology/id/measures/29434d59-1597-4783-b0b6-9f9a821d30d8-flow-m-86400-m3s-qualified","2022-05-26T09:00:00","2022-05-26","1.082","Complete","Suspect",""
"http://environment.data.gov.uk/hydrology/id/measures/29434d59-1597-4783-b0b6-9f9a821d30d8-flow-m-86400-m3s-qualified","2022-05-27T09:00:00","2022-05-27","1.107","Complete","Suspect",""
"http://environment.data.gov.uk/hydrology/id/measures/29434d59-1597-4783-b0b6-9f9a821d30d8-flow-m-86400-m3s-qualified","2022-05-28T09:00:00","2022-05-28","1.029","Complete","Suspect",""
"http://environment.data.gov.uk/hydrology/id/measures/29434d59-1597-4783-b0b6-9f9a821d30d8-flow-m-86400-m3s-qualified","2022-05-29T09:00:00","2022-05-29","0.983","Complete","Suspect",""
"http://environment.data.gov.uk/hydrology/id/measures/29434d59-1597-4783-b0b6-9f9a821d30d8-flow-m-86400-m3s-qualified","2022-05-30T09:00:00","2022-05-30","0.999","Complete","Suspect",""
"http://environment.data.gov.uk/hydrology/id/measures/29434d59-1597-4783-b0b6-9f9a821d30d8-flow-m-86400-m3s-qualified","2022-05-31T09:00:00","2022-05-31","0.995","Complete","Suspect",""
"http://environment.data.gov.uk/hydrology/id/measures/29434d59-1597-4783-b0b6-9f9a821d30d8-flow-m-86400-m3s-qualified","2022-06-01T09:00:00","2022-06-01","0.901","Complete","Suspect",""
"http://environment.data.gov.uk/hydrology/id/measures/29434d59-1597-4783-b0b6-9f9a821d30d8-flow-m-86400-m3s-qualified","2022-06-02T09:00:00","2022-06-02","0.896","Complete","Suspect",""
"http://environment.data.gov.uk/hydrology/id/measures/29434d59-1597-4783-b0b6-9f9a821d30d8-flow-m-86400-m3s-qualified","2022-06-03T09:00:00","2022-06-03","0.959","Complete","Suspect",""
"http://environment.data.gov.uk/hydrology/id/measures/29434d59-1597-4783-b0b6-9f9a821d30d8-flow-m-86400-m3s-qualified","2022-06-04T09:00:00","2022-06-04","1.046","Complete","Suspect",""
"http://environment.data.gov.uk/hydrology/id/measures/29434d59-1597-4783-b0b6-9f9a821d30d8-flow-m-86400-m3s-qualified","2022-06-05T09:00:00","2022-06-05","1.951","Complete","Suspect",""
"http://environment.data.gov.uk/hydrology/id/measures/29434d59-1597-4783-b0b6-9f9a821d30d8-flow-m-86400-m3s-qualified","2022-06-06T09:00:00","2022-06-06","1.85","Complete","Suspect",""
"http://environment.data.gov.uk/hydrology/id/measures/29434d59-1597-4783-b0b6-9f9a821d30d8-flow-m-86400-m3s-qualified","2022-06-07T09:00:00","2022-06-07","1.256","Complete","Suspect",""
"http://environment.data.gov.uk/hydrology/id/measures/29434d59-1597-4783-b0b6-9f9a821d30d8-flow-m-86400-m3s-qualified","2022-06-08T09:00:00","2022-06-08","1.048","Complete","Suspect",""
"http://environment.data.gov.uk/hydrology/id/measures/29434d59-1597-4783-b0b6-9f9a821d30d8-flow-m-86400-m3s-qualified","2022-06-09T09:00:00","2022-06-09","0.977","Complete","Suspect",""
"http://environment.data.gov.uk/hydrology/id/measures/29434d59-1597-4783-b0b6-9f9a821d30d8-flow-m-86400-m3s-qualified","2022-06-10T09:00:00","2022-06-10","0.912","Complete","Suspect",""
"http://environment.data.gov.uk/hydrology/id/measures/29434d59-1597-4783-b0b6-9f9a821d30d8-flow-m-86400-m3s-qualified","2022-06-11T09:00:00","2022-06-11","0.88","Complete","Suspect",""
"http://environment.data.gov.uk/hydrology/id/measures/29434d59-1597-4783-b0b6-9f9a821d30d8-flow-m-86400-m3s-qualified","2022-06-12T09:00:00","2022-06-12","0.848","Complete","Suspect",""
"http://environment.data.gov.uk/hydrology/id/measures/29434d59-1597-4783-b0b6-9f9a821d30d8-flow-m-86400-m3s-qualified","2022-06-13T09:00:00","2022-06-13","0.838","Complete","Suspect",""
"http://environment.data.gov.uk/hydrology/id/measures/29434d59-1597-4783-b0b6-9f9a821d30d8-flow-m-86400-m3s-qualified","2022-06-14T09:00:00","2022-06-14","0.789","Complete","Suspect",""
"http://environment.data.gov.uk/hydrology/id/measures/29434d59-1597-4783-b0b6-9f9a821d30d8-flow-m-86400-m3s-qualified","2022-06-15T09:00:00","2022-06-15","0.769","Complete","Suspect",""
"http://environment.data.gov.uk/hydrology/id/measures/29434d59-1597-4783-b0b6-9f9a821d30d8-flow-m-86400-m3s-qualified","2022-06-16T09:00:00","2022-06-16","0.725","Complete","Suspect",""
"http://environment.data.gov.uk/hydrology/id/measures/29434d59-1597-4783-b0b6-9f9a821d30d8-flow-m-86400-m3s-qualified","2022-06-17T09:00:00","2022-06-17","0.787","Complete","Suspect",""
"http://environment.data.gov.uk/hydrology/id/measures/29434d59-1597-4783-b0b6-9f9a821d30d8-flow-m-86400-m3s-qualified","2022-06-18T09:00:00","2022-06-18","0.881","Complete","Suspect",""
"http://environment.data.gov.uk/hydrology/id/measures/29434d59-1597-4783-b0b6-9f9a821d30d8-flow-m-86400-m3s-qualified","2022-06-19T09:00:00","2022-06-19","0.92","Complete","Suspect",""
"http://environment.data.gov.uk/hydrology/id/measures/29434d59-1597-4783-b0b6-9f9a821d30d8-flow-m-86400-m3s-qualified","2022-06-20T09:00:00","2022-06-20","0.805","Complete","Suspect",""
"http://environment.data.gov.uk/hydrology/id/measures/29434d59-1597-4783-b0b6-9f9a821d30d8-flow-m-86400-m3s-qualified","2022-06-21T09:00:00","2022-06-21","0.742","Complete","Suspect",""
"http://environment.data.gov.uk/hydrology/id/measures/29434d59-1597-4783-b0b6-9f9a821d30d8-flow-m-86400-m3s-qualified","2022-06-22T09:00:00","2022-06-22","0.714","Complete","Suspect",""
"http://environment.data.gov.uk/hydrology/id/measures/29434d59-1597-4783-b0b6-9f9a821d30d8-flow-m-86400-m3s-qualified","2022-06-23T09:00:00","2022-06-23","0.74","Complete","Suspect",""
"http://environment.data.gov.uk/hydrology/id/measures/29434d59-1597-4783-b0b6-9f9a821d30d8-flow-m-86400-m3s-qualified","2022-06-24T09:00:00","2022-06-24","0.782","Complete","Suspect",""
"http://environment.data.gov.uk/hydrology/id/measures/29434d59-1597-4783-b0b6-9f9a821d30d8-flow-m-86400-m3s-qualified","2022-06-25T09:00:00","2022-06-25","0.814","Complete","Suspect",""
"http://environment.data.gov.uk/hydrology/id/measures/29434d59-1597-4783-b0b6-9f9a821d30d8-flow-m-86400-m3s-qualified","2022-06-26T09:00:00","2022-06-26","0.742","Complete","Suspect",""
"http://environment.data.gov.uk/hydrology/id/measures/29434d59-1597-4783-b0b6-9f9a821d30d8-flow-m-86400-m3s-qualified","2022-06-27T09:00:00","2022-06-27","0.677","Complete","Suspect",""
"http://environment.data.gov.uk/hydrology/id/measures/29434d59-1597-4783-b0b6-9f9a821d30d8-flow-m-86400-m3s-qualified","2022-06-28T09:00:00","2022-06-28","0.709","Complete","Suspect",""
"http://environment.data.gov.uk/hydrology/id/measures/29434d59-1597-4783-b0b6-9f9a821d30d8-flow-m-86400-m3s-qualified","2022-06-29T09:00:00","2022-06-29","0.809","Complete","Suspect",""
"http://environment.data.gov.uk/hydrology/id/measures/29434d59-1597-4783-b0b6-9f9a821d30d8-flow-m-86400-m3s-qualified","2022-06-30T09:00:00","2022-06-30","0.802","Complete","Suspect",""
"http://environment.data.gov.uk/hydrology/id/measures/29434d59-1597-4783-b0b6-9f9a821d30d8-flow-m-86400-m3s-qualified","2022-07-01T09:00:00","2022-07-01","0.824","Complete","Suspect",""
"http://environment.data.gov.uk/hydrology/id/measures/29434d59-1597-4783-b0b6-9f9a821d30d8-flow-m-86400-m3s-qualified","2022-07-02T09:00:00","2022-07-02","0.912","Complete","Suspect",""
"http://environment.data.gov.uk/hydrology/id/measures/29434d59-1597-4783-b0b6-9f9a821d30d8-flow-m-86400-m3s-qualified","2022-07-03T09:00:00","2022-07-03","0.828","Complete","Suspect",""
"http://environment.data.gov.uk/hydrology/id/measures/29434d59-1597-4783-b0b6-9f9a821d30d8-flow-m-86400-m3s-qualified","2022-07-04T09:00:00","2022-07-04","0.744","Complete","Suspect",""
"http://environment.data.gov.uk/hydrology/id/measures/29434d59-1597-4783-b0b6-9f9a821d30d8-flow-m-86400-m3s-qualified","2022-07-05T09:00:00","2022-07-05","0.753","Complete","Suspect",""
"http://environment.data.gov.uk/hydrology/id/measures/29434d59-1597-4783-b0b6-9f9a821d30d8-flow-m-86400-m3s-qualified","2022-07-06T09:00:00","2022-07-06","0.717","Complete","Suspect",""
"http://environment.data.gov.uk/hydrology/id/measures/29434d59-1597-4783-b0b6-9f9a821d30d8-flow-m-86400-m3s-qualified","2022-07-07T09:00:00","2022-07-07","0.685","Complete","Suspect",""
"http://environment.data.gov.uk/hydrology/id/measures/29434d59-1597-4783-b0b6-9f9a821d30d8-flow-m-86400-m3s-qualified","2022-07-08T09:00:00","2022-07-08","0.697","Complete","Suspect",""
"http://environment.data.gov.uk/hydrology/id/measures/29434d59-1597-4783-b0b6-9f9a821d30d8-flow-m-86400-m3s-qualified","2022-07-09T09:00:00","2022-07-09","0.647","Complete","Suspect",""
"http://environment.data.gov.uk/hydrology/id/measures/29434d59-1597-4783-b0b6-9f9a821d30d8-flow-m-86400-m3s-qualified","2022-07-10T09:00:00","2022-07-10","0.589","Complete","Suspect",""
"http://environment.data.gov.uk/hydrology/id/measures/29434d59-1597-4783-b0b6-9f9a821d30d8-flow-m-86400-m3s-qualified","2022-07-11T09:00:00","2022-07-11","0.61","Complete","Suspect",""
"http://environment.data.gov.uk/hydrology/id/measures/29434d59-1597-4783-b0b6-9f9a821d30d8-flow-m-86400-m3s-qualified","2022-07-12T09:00:00","2022-07-12","0.603","Complete","Suspect",""
"http://environment.data.gov.uk/hydrology/id/measures/29434d59-1597-4783-b0b6-9f9a821d30d8-flow-m-86400-m3s-qualified","2022-07-13T09:00:00","2022-07-13","0.658","Complete","Suspect",""
"http://environment.data.gov.uk/hydrology/id/measures/29434d59-1597-4783-b0b6-9f9a821d30d8-flow-m-86400-m3s-qualified","2022-07-14T09:00:00","2022-07-14","0.543","Complete","Suspect",""
"http://environment.data.gov.uk/hydrology/id/measures/29434d59-1597-4783-b0b6-9f9a821d30d8-flow-m-86400-m3s-qualified","2022-07-15T09:00:00","2022-07-15","0.567","Complete","Suspect",""
"http://environment.data.gov.uk/hydrology/id/measures/29434d59-1597-4783-b0b6-9f9a821d30d8-flow-m-86400-m3s-qualified","2022-07-16T09:00:00","2022-07-16","0.538","Complete","Suspect",""
"http://environment.data.gov.uk/hydrology/id/measures/29434d59-1597-4783-b0b6-9f9a821d30d8-flow-m-86400-m3s-qualified","2022-07-17T09:00:00","2022-07-17","0.544","Complete","Suspect",""
"http://environment.data.gov.uk/hydrology/id/measures/29434d59-1597-4783-b0b6-9f9a821d30d8-flow-m-86400-m3s-qualified","2022-07-18T09:00:00","2022-07-18","0.544","Complete","Suspect",""
"http://environment.data.gov.uk/hydrology/id/measures/29434d59-1597-4783-b0b6-9f9a821d30d8-flow-m-86400-m3s-qualified","2022-07-19T09:00:00","2022-07-19","0.513","Complete","Suspect",""
"http://environment.data.gov.uk/hydrology/id/measures/29434d59-1597-4783-b0b6-9f9a821d30d8-flow-m-86400-m3s-qualified","2022-07-20T09:00:00","2022-07-20","0.518","Complete","Suspect",""
"http://environment.data.gov.uk/hydrology/id/measures/29434d59-1597-4783-b0b6-9f9a821d30d8-flow-m-86400-m3s-qualified","2022-07-21T09:00:00","2022-07-21","0.504","Complete","Suspect",""
"http://environment.data.gov.uk/hydrology/id/measures/29434d59-1597-4783-b0b6-9f9a821d30d8-flow-m-86400-m3s-qualified","2022-07-22T09:00:00","2022-07-22","0.527","Complete","Suspect",""
"http://environment.data.gov.uk/hydrology/id/measures/29434d59-1597-4783-b0b6-9f9a821d30d8-flow-m-86400-m3s-qualified","2022-07-23T09:00:00","2022-07-23","0.586","Complete","Suspect",""
"http://environment.data.gov.uk/hydrology/id/measures/29434d59-1597-4783-b0b6-9f9a821d30d8-flow-m-86400-m3s-qualified","2022-07-24T09:00:00","2022-07-24","0.548","Complete","Suspect",""
"http://environment.data.gov.uk/hydrology/id/measures/29434d59-1597-4783-b0b6-9f9a821d30d8-flow-m-86400-m3s-qualified","2022-07-25T09:00:00","2022-07-25","0.551","Complete","Suspect",""
"http://environment.data.gov.uk/hydrology/id/measures/29434d59-1597-4783-b0b6-9f9a821d30d8-flow-m-86400-m3s-qualified","2022-07-26T09:00:00","2022-07-26","0.477","Complete","Suspect",""
"http://environment.data.gov.uk/hydrology/id/measures/29434d59-1597-4783-b0b6-9f9a821d30d8-flow-m-86400-m3s-qualified","2022-07-27T09:00:00","2022-07-27","0.53","Complete","Suspect",""
"http://environment.data.gov.uk/hydrology/id/measures/29434d59-1597-4783-b0b6-9f9a821d30d8-flow-m-86400-m3s-qualified","2022-07-28T09:00:00","2022-07-28","0.647","Complete","Suspect",""
"http://environment.data.gov.uk/hydrology/id/measures/29434d59-1597-4783-b0b6-9f9a821d30d8-flow-m-86400-m3s-qualified","2022-07-29T09:00:00","2022-07-29","0.584","Complete","Suspect",""
"http://environment.data.gov.uk/hydrology/id/measures/29434d59-1597-4783-b0b6-9f9a821d30d8-flow-m-86400-m3s-qualified","2022-07-30T09:00:00","2022-07-30","0.472","Complete","Suspect",""
"http://environment.data.gov.uk/hydrology/id/measures/29434d59-1597-4783-b0b6-9f9a821d30d8-flow-m-86400-m3s-qualified","2022-07-31T09:00:00","2022-07-31","0.361","Complete","Suspect",""
"http://environment.data.gov.uk/hydrology/id/measures/29434d59-1597-4783-b0b6-9f9a821d30d8-flow-m-86400-m3s-qualified","2022-08-01T09:00:00","2022-08-01","0.454","Complete","Suspect",""
"http://environment.data.gov.uk/hydrology/id/measures/29434d59-1597-4783-b0b6-9f9a821d30d8-flow-m-86400-m3s-qualified","2022-08-02T09:00:00","2022-08-02","0.56","Complete","Suspect",""
"http://environment.data.gov.uk/hydrology/id/measures/29434d59-1597-4783-b0b6-9f9a821d30d8-flow-m-86400-m3s-qualified","2022-08-03T09:00:00","2022-08-03","0.531","Complete","Suspect",""
"http://environment.data.gov.uk/hydrology/id/measures/29434d59-1597-4783-b0b6-9f9a821d30d8-flow-m-86400-m3s-qualified","2022-08-04T09:00:00","2022-08-04","0.534","Complete","Suspect",""
"http://environment.data.gov.uk/hydrology/id/measures/29434d59-1597-4783-b0b6-9f9a821d30d8-flow-m-86400-m3s-qualified","2022-08-05T09:00:00","2022-08-05","0.465","Complete","Suspect",""
"http://environment.data.gov.uk/hydrology/id/measures/29434d59-1597-4783-b0b6-9f9a821d30d8-flow-m-86400-m3s-qualified","2022-08-06T09:00:00","2022-08-06","0.466","Complete","Suspect",""
"http://environment.data.gov.uk/hydrology/id/measures/29434d59-1597-4783-b0b6-9f9a821d30d8-flow-m-86400-m3s-qualified","2022-08-07T09:00:00","2022-08-07","0.493","Complete","Suspect",""
"http://environment.data.gov.uk/hydrology/id/measures/29434d59-1597-4783-b0b6-9f9a821d30d8-flow-m-86400-m3s-qualified","2022-08-08T09:00:00","2022-08-08","0.462","Complete","Suspect",""
"http://environment.data.gov.uk/hydrology/id/measures/29434d59-1597-4783-b0b6-9f9a821d30d8-flow-m-86400-m3s-qualified","2022-08-09T09:00:00","2022-08-09","0.491","Complete","Suspect",""
"http://environment.data.gov.uk/hydrology/id/measures/29434d59-1597-4783-b0b6-9f9a821d30d8-flow-m-86400-m3s-qualified","2022-08-10T09:00:00","2022-08-10","0.42","Complete","Suspect",""
"http://environment.data.gov.uk/hydrology/id/measures/29434d59-1597-4783-b0b6-9f9a821d30d8-flow-m-86400-m3s-qualified","2022-08-11T09:00:00","2022-08-11","0.345","Complete","Suspect",""
"http://environment.data.gov.uk/hydrology/id/measures/29434d59-1597-4783-b0b6-9f9a821d30d8-flow-m-86400-m3s-qualified","2022-08-12T09:00:00","2022-08-12","0.308","Complete","Suspect",""
"http://environment.data.gov.uk/hydrology/id/measures/29434d59-1597-4783-b0b6-9f9a821d30d8-flow-m-86400-m3s-qualified","2022-08-13T09:00:00","2022-08-13","0.318","Complete","Suspect",""
"http://environment.data.gov.uk/hydrology/id/measures/29434d59-1597-4783-b0b6-9f9a821d30d8-flow-m-86400-m3s-qualified","2022-08-14T09:00:00","2022-08-14","0.327","Complete","Suspect",""
"http://environment.data.gov.uk/hydrology/id/measures/29434d59-1597-4783-b0b6-9f9a821d30d8-flow-m-86400-m3s-qualified","2022-08-15T09:00:00","2022-08-15","0.397","Complete","Suspect",""
"http://environment.data.gov.uk/hydrology/id/measures/29434d59-1597-4783-b0b6-9f9a821d30d8-flow-m-86400-m3s-qualified","2022-08-16T09:00:00","2022-08-16","1.045","Complete","Suspect",""
"http://environment.data.gov.uk/hydrology/id/measures/29434d59-1597-4783-b0b6-9f9a821d30d8-flow-m-86400-m3s-qualified","2022-08-17T09:00:00","2022-08-17","0.72","Complete","Suspect",""
"http://environment.data.gov.uk/hydrology/id/measures/29434d59-1597-4783-b0b6-9f9a821d30d8-flow-m-86400-m3s-qualified","2022-08-18T09:00:00","2022-08-18","0.487","Complete","Suspect",""
"http://environment.data.gov.uk/hydrology/id/measures/29434d59-1597-4783-b0b6-9f9a821d30d8-flow-m-86400-m3s-qualified","2022-08-19T09:00:00","2022-08-19","0.45","Complete","Suspect",""
"http://environment.data.gov.uk/hydrology/id/measures/29434d59-1597-4783-b0b6-9f9a821d30d8-flow-m-86400-m3s-qualified","2022-08-20T09:00:00","2022-08-20","0.372","Complete","Suspect",""
"http://environment.data.gov.uk/hydrology/id/measures/29434d59-1597-4783-b0b6-9f9a821d30d8-flow-m-86400-m3s-qualified","2022-08-21T09:00:00","2022-08-21","0.406","Complete","Suspect",""
"http://environment.data.gov.uk/hydrology/id/measures/29434d59-1597-4783-b0b6-9f9a821d30d8-flow-m-86400-m3s-qualified","2022-08-22T09:00:00","2022-08-22","0.465","Complete","Suspect",""
"http://environment.data.gov.uk/hydrology/id/measures/29434d59-1597-4783-b0b6-9f9a821d30d8-flow-m-86400-m3s-qualified","2022-08-23T09:00:00","2022-08-23","0.455","Complete","Suspect",""
"http://environment.data.gov.uk/hydrology/id/measures/29434d59-1597-4783-b0b6-9f9a821d30d8-flow-m-86400-m3s-qualified","2022-08-24T09:00:00","2022-08-24","0.454","Complete","Suspect",""
"http://environment.data.gov.uk/hydrology/id/measures/29434d59-1597-4783-b0b6-9f9a821d30d8-flow-m-86400-m3s-qualified","2022-08-25T09:00:00","2022-08-25","0.442","Complete","Suspect",""
"http://environment.data.gov.uk/hydrology/id/measures/29434d59-1597-4783-b0b6-9f9a821d30d8-flow-m-86400-m3s-qualified","2022-08-26T09:00:00","2022-08-26","0.455","Complete","Suspect",""
"http://environment.data.gov.uk/hydrology/id/measures/29434d59-1597-4783-b0b6-9f9a821d30d8-flow-m-86400-m3s-qualified","2022-08-27T09:00:00","2022-08-27","0.452","Complete","Suspect",""
"http://environment.data.gov.uk/hydrology/id/measures/29434d59-1597-4783-b0b6-9f9a821d30d8-flow-m-86400-m3s-qualified","2022-08-28T09:00:00","2022-08-28","0.405","Complete","Suspect",""
"http://environment.data.gov.uk/hydrology/id/measures/29434d59-1597-4783-b0b6-9f9a821d30d8-flow-m-86400-m3s-qualified","2022-08-29T09:00:00","2022-08-29","0.352","Complete","Suspect",""
"http://environment.data.gov.uk/hydrology/id/measures/29434d59-1597-4783-b0b6-9f9a821d30d8-flow-m-86400-m3s-qualified","2022-08-30T09:00:00","2022-08-30","0.408","Complete","Suspect",""
"http://environment.data.gov.uk/hydrology/id/measures/29434d59-1597-4783-b0b6-9f9a821d30d8-flow-m-86400-m3s-qualified","2022-08-31T09:00:00","2022-08-31","0.384","Complete","Suspect",""
"http://environment.data.gov.uk/hydrology/id/measures/29434d59-1597-4783-b0b6-9f9a821d30d8-flow-m-86400-m3s-qualified","2022-09-01T09:00:00","2022-09-01","0.39","Complete","Suspect",""
"http://environment.data.gov.uk/hydrology/id/measures/29434d59-1597-4783-b0b6-9f9a821d30d8-flow-m-86400-m3s-qualified","2022-09-02T09:00:00","2022-09-02","0.345","Complete","Suspect",""
"http://environment.data.gov.uk/hydrology/id/measures/29434d59-1597-4783-b0b6-9f9a821d30d8-flow-m-86400-m3s-qualified","2022-09-03T09:00:00","2022-09-03","0.395","Complete","Suspect",""
"http://environment.data.gov.uk/hydrology/id/measures/29434d59-1597-4783-b0b6-9f9a821d30d8-flow-m-86400-m3s-qualified","2022-09-04T09:00:00","2022-09-04","0.503","Complete","Suspect",""
"http://environment.data.gov.uk/hydrology/id/measures/29434d59-1597-4783-b0b6-9f9a821d30d8-flow-m-86400-m3s-qualified","2022-09-05T09:00:00","2022-09-05","0.749","Complete","Suspect",""
"http://environment.data.gov.uk/hydrology/id/measures/29434d59-1597-4783-b0b6-9f9a821d30d8-flow-m-86400-m3s-qualified","2022-09-06T09:00:00","2022-09-06","0.753","Complete","Suspect",""
"http://environment.data.gov.uk/hydrology/id/measures/29434d59-1597-4783-b0b6-9f9a821d30d8-flow-m-86400-m3s-qualified","2022-09-07T09:00:00","2022-09-07","0.553","Complete","Suspect",""
"http://environment.data.gov.uk/hydrology/id/measures/29434d59-1597-4783-b0b6-9f9a821d30d8-flow-m-86400-m3s-qualified","2022-09-08T09:00:00","2022-09-08","0.763","Complete","Suspect",""
"http://environment.data.gov.uk/hydrology/id/measures/29434d59-1597-4783-b0b6-9f9a821d30d8-flow-m-86400-m3s-qualified","2022-09-09T09:00:00","2022-09-09","0.607","Complete","Good",""
"http://environment.data.gov.uk/hydrology/id/measures/29434d59-1597-4783-b0b6-9f9a821d30d8-flow-m-86400-m3s-qualified","2022-09-10T09:00:00","2022-09-10","0.539","Complete","Good",""
"http://environment.data.gov.uk/hydrology/id/measures/29434d59-1597-4783-b0b6-9f9a821d30d8-flow-m-86400-m3s-qualified","2022-09-11T09:00:00","2022-09-11","0.447","Complete","Good",""
"http://environment.data.gov.uk/hydrology/id/measures/29434d59-1597-4783-b0b6-9f9a821d30d8-flow-m-86400-m3s-qualified","2022-09-12T09:00:00","2022-09-12","0.424","Complete","Good",""
"http://environment.data.gov.uk/hydrology/id/measures/29434d59-1597-4783-b0b6-9f9a821d30d8-flow-m-86400-m3s-qualified","2022-09-13T09:00:00","2022-09-13","0.551","Complete","Good",""
"http://environment.data.gov.uk/hydrology/id/measures/29434d59-1597-4783-b0b6-9f9a821d30d8-flow-m-86400-m3s-qualified","2022-09-14T09:00:00","2022-09-14","0.622","Complete","Good",""
"http://environment.data.gov.uk/hydrology/id/measures/29434d59-1597-4783-b0b6-9f9a821d30d8-flow-m-86400-m3s-qualified","2022-09-15T09:00:00","2022-09-15","0.521","Complete","Good",""
"http://environment.data.gov.uk/hydrology/id/measures/29434d59-1597-4783-b0b6-9f9a821d30d8-flow-m-86400-m3s-qualified","2022-09-16T09:00:00","2022-09-16","0.469","Complete","Good",""
"http://environment.data.gov.uk/hydrology/id/measures/29434d59-1597-4783-b0b6-9f9a821d30d8-flow-m-86400-m3s-qualified","2022-09-17T09:00:00","2022-09-17","0.485","Complete","Good",""
"http://environment.data.gov.uk/hydrology/id/measures/29434d59-1597-4783-b0b6-9f9a821d30d8-flow-m-86400-m3s-qualified","2022-09-18T09:00:00","2022-09-18","0.464","Complete","Good",""
"http://environment.data.gov.uk/hydrology/id/measures/29434d59-1597-4783-b0b6-9f9a821d30d8-flow-m-86400-m3s-qualified","2022-09-19T09:00:00","2022-09-19","0.437","Complete","Good",""
"http://environment.data.gov.uk/hydrology/id/measures/29434d59-1597-4783-b0b6-9f9a821d30d8-flow-m-86400-m3s-qualified","2022-09-20T09:00:00","2022-09-20","0.415","Complete","Good",""
"http://environment.data.gov.uk/hydrology/id/measures/29434d59-1597-4783-b0b6-9f9a821d30d8-flow-m-86400-m3s-qualified","2022-09-21T09:00:00","2022-09-21","0.444","Complete","Good",""
"http://environment.data.gov.uk/hydrology/id/measures/29434d59-1597-4783-b0b6-9f9a821d30d8-flow-m-86400-m3s-qualified","2022-09-22T09:00:00","2022-09-22","0.443","Complete","Good",""
"http://environment.data.gov.uk/hydrology/id/measures/29434d59-1597-4783-b0b6-9f9a821d30d8-flow-m-86400-m3s-qualified","2022-09-23T09:00:00","2022-09-23","0.471","Complete","Good",""
"http://environment.data.gov.uk/hydrology/id/measures/29434d59-1597-4783-b0b6-9f9a821d30d8-flow-m-86400-m3s-qualified","2022-09-24T09:00:00","2022-09-24","0.436","Complete","Good",""
"http://environment.data.gov.uk/hydrology/id/measures/29434d59-1597-4783-b0b6-9f9a821d30d8-flow-m-86400-m3s-qualified","2022-09-25T09:00:00","2022-09-25","0.444","Complete","Good",""
"http://environment.data.gov.uk/hydrology/id/measures/29434d59-1597-4783-b0b6-9f9a821d30d8-flow-m-86400-m3s-qualified","2022-09-26T09:00:00","2022-09-26","0.453","Complete","Good",""
"http://environment.data.gov.uk/hydrology/id/measures/29434d59-1597-4783-b0b6-9f9a821d30d8-flow-m-86400-m3s-qualified","2022-09-27T09:00:00","2022-09-27","0.448","Complete","Good",""
"http://environment.data.gov.uk/hydrology/id/measures/29434d59-1597-4783-b0b6-9f9a821d30d8-flow-m-86400-m3s-qualified","2022-09-28T09:00:00","2022-09-28","0.408","Complete","Good",""
"http://environment.data.gov.uk/hydrology/id/measures/29434d59-1597-4783-b0b6-9f9a821d30d8-flow-m-86400-m3s-qualified","2022-09-29T09:00:00","2022-09-29","0.449","Complete","Good",""
"http://environment.data.gov.uk/hydrology/id/measures/29434d59-1597-4783-b0b6-9f9a821d30d8-flow-m-86400-m3s-qualified","2022-09-30T09:00:00","2022-09-30","0.856","Complete","Good",""
"http://environment.data.gov.uk/hydrology/id/measures/29434d59-1597-4783-b0b6-9f9a821d30d8-flow-m-86400-m3s-qualified","2022-10-01T09:00:00","2022-10-01","0.841","Complete","Good",""
"http://environment.data.gov.uk/hydrology/id/measures/29434d59-1597-4783-b0b6-9f9a821d30d8-flow-m-86400-m3s-qualified","2022-10-02T09:00:00","2022-10-02","0.855","Complete","Good",""
"http://environment.data.gov.uk/hydrology/id/measures/29434d59-1597-4783-b0b6-9f9a821d30d8-flow-m-86400-m3s-qualified","2022-10-03T09:00:00","2022-10-03","0.555","Complete","Good",""
"http://environment.data.gov.uk/hydrology/id/measures/29434d59-1597-4783-b0b6-9f9a821d30d8-flow-m-86400-m3s-qualified","2022-10-04T09:00:00","2022-10-04","0.495","Complete","Good",""
"http://environment.data.gov.uk/hydrology/id/measures/29434d59-1597-4783-b0b6-9f9a821d30d8-flow-m-86400-m3s-qualified","2022-10-05T09:00:00","2022-10-05","0.524","Complete","Good",""
"http://environment.data.gov.uk/hydrology/id/measures/29434d59-1597-4783-b0b6-9f9a821d30d8-flow-m-86400-m3s-qualified","2022-10-06T09:00:00","2022-10-06","0.492","Complete","Good",""
"http://environment.data.gov.uk/hydrology/id/measures/29434d59-1597-4783-b0b6-9f9a821d30d8-flow-m-86400-m3s-qualified","2022-10-07T09:00:00","2022-10-07","0.447","Complete","Good",""
"http://environment.data.gov.uk/hydrology/id/measures/29434d59-1597-4783-b0b6-9f9a821d30d8-flow-m-86400-m3s-qualified","2022-10-08T09:00:00","2022-10-08","0.441","Complete","Good",""
"http://environment.data.gov.uk/hydrology/id/measures/29434d59-1597-4783-b0b6-9f9a821d30d8-flow-m-86400-m3s-qualified","2022-10-09T09:00:00","2022-10-09","0.444","Complete","Good",""
"http://environment.data.gov.uk/hydrology/id/measures/29434d59-1597-4783-b0b6-9f9a821d30d8-flow-m-86400-m3s-qualified","2022-10-10T09:00:00","2022-10-10","0.477","Complete","Good",""
"http://environment.data.gov.uk/hydrology/id/measures/29434d59-1597-4783-b0b6-9f9a821d30d8-flow-m-86400-m3s-qualified","2022-10-11T09:00:00","2022-10-11","0.442","Complete","Good",""
"http://environment.data.gov.uk/hydrology/id/measures/29434d59-1597-4783-b0b6-9f9a821d30d8-flow-m-86400-m3s-qualified","2022-10-12T09:00:00","2022-10-12","0.453","Complete","Good",""
"http://environment.data.gov.uk/hydrology/id/measures/29434d59-1597-4783-b0b6-9f9a821d30d8-flow-m-86400-m3s-qualified","2022-10-13T09:00:00","2022-10-13","0.47","Complete","Good",""
"http://environment.data.gov.uk/hydrology/id/measures/29434d59-1597-4783-b0b6-9f9a821d30d8-flow-m-86400-m3s-qualified","2022-10-14T09:00:00","2022-10-14","0.543","Complete","Good",""
"http://environment.data.gov.uk/hydrology/id/measures/29434d59-1597-4783-b0b6-9f9a821d30d8-flow-m-86400-m3s-qualified","2022-10-15T09:00:00","2022-10-15","0.497","Complete","Good",""
"http://environment.data.gov.uk/hydrology/id/measures/29434d59-1597-4783-b0b6-9f9a821d30d8-flow-m-86400-m3s-qualified","2022-10-16T09:00:00","2022-10-16","0.569","Complete","Good",""
"http://environment.data.gov.uk/hydrology/id/measures/29434d59-1597-4783-b0b6-9f9a821d30d8-flow-m-86400-m3s-qualified","2022-10-17T09:00:00","2022-10-17","0.692","Complete","Good",""
"http://environment.data.gov.uk/hydrology/id/measures/29434d59-1597-4783-b0b6-9f9a821d30d8-flow-m-86400-m3s-qualified","2022-10-18T09:00:00","2022-10-18","0.512","Complete","Good",""
"http://environment.data.gov.uk/hydrology/id/measures/29434d59-1597-4783-b0b6-9f9a821d30d8-flow-m-86400-m3s-qualified","2022-10-19T09:00:00","2022-10-19","0.484","Complete","Good",""
"http://environment.data.gov.uk/hydrology/id/measures/29434d59-1597-4783-b0b6-9f9a821d30d8-flow-m-86400-m3s-qualified","2022-10-20T09:00:00","2022-10-20","0.628","Complete","Good",""
"http://environment.data.gov.uk/hydrology/id/measures/29434d59-1597-4783-b0b6-9f9a821d30d8-flow-m-86400-m3s-qualified","2022-10-21T09:00:00","2022-10-21","2.655","Complete","Good",""
"http://environment.data.gov.uk/hydrology/id/measures/29434d59-1597-4783-b0b6-9f9a821d30d8-flow-m-86400-m3s-qualified","2022-10-22T09:00:00","2022-10-22","1.69","Complete","Good",""
"http://environment.data.gov.uk/hydrology/id/measures/29434d59-1597-4783-b0b6-9f9a821d30d8-flow-m-86400-m3s-qualified","2022-10-23T09:00:00","2022-10-23","6.318","Complete","Good",""
"http://environment.data.gov.uk/hydrology/id/measures/29434d59-1597-4783-b0b6-9f9a821d30d8-flow-m-86400-m3s-qualified","2022-10-24T09:00:00","2022-10-24","4.739","Complete","Good",""
"http://environment.data.gov.uk/hydrology/id/measures/29434d59-1597-4783-b0b6-9f9a821d30d8-flow-m-86400-m3s-qualified","2022-10-25T09:00:00","2022-10-25","2.125","Complete","Good",""
"http://environment.data.gov.uk/hydrology/id/measures/29434d59-1597-4783-b0b6-9f9a821d30d8-flow-m-86400-m3s-qualified","2022-10-26T09:00:00","2022-10-26","1.533","Complete","Good",""
"http://environment.data.gov.uk/hydrology/id/measures/29434d59-1597-4783-b0b6-9f9a821d30d8-flow-m-86400-m3s-qualified","2022-10-27T09:00:00","2022-10-27","1.045","Complete","Good",""
"http://environment.data.gov.uk/hydrology/id/measures/29434d59-1597-4783-b0b6-9f9a821d30d8-flow-m-86400-m3s-qualified","2022-10-28T09:00:00","2022-10-28","1.136","Complete","Good",""
"http://environment.data.gov.uk/hydrology/id/measures/29434d59-1597-4783-b0b6-9f9a821d30d8-flow-m-86400-m3s-qualified","2022-10-29T09:00:00","2022-10-29","1.082","Complete","Good",""
"http://environment.data.gov.uk/hydrology/id/measures/29434d59-1597-4783-b0b6-9f9a821d30d8-flow-m-86400-m3s-qualified","2022-10-30T09:00:00","2022-10-30","0.984","Complete","Good",""
"http://environment.data.gov.uk/hydrology/id/measures/29434d59-1597-4783-b0b6-9f9a821d30d8-flow-m-86400-m3s-qualified","2022-10-31T09:00:00","2022-10-31","2.004","Complete","Good",""
"http://environment.data.gov.uk/hydrology/id/measures/29434d59-1597-4783-b0b6-9f9a821d30d8-flow-m-86400-m3s-qualified","2022-11-01T09:00:00","2022-11-01","5.233","Complete","Good",""
"http://environment.data.gov.uk/hydrology/id/measures/29434d59-1597-4783-b0b6-9f9a821d30d8-flow-m-86400-m3s-qualified","2022-11-02T09:00:00","2022-11-02","5.467","Complete","Good",""
"http://environment.data.gov.uk/hydrology/id/measures/29434d59-1597-4783-b0b6-9f9a821d30d8-flow-m-86400-m3s-qualified","2022-11-03T09:00:00","2022-11-03","10.798","Complete","Good",""
"http://environment.data.gov.uk/hydrology/id/measures/29434d59-1597-4783-b0b6-9f9a821d30d8-flow-m-86400-m3s-qualified","2022-11-04T09:00:00","2022-11-04","4.75","Complete","Good",""
"http://environment.data.gov.uk/hydrology/id/measures/29434d59-1597-4783-b0b6-9f9a821d30d8-flow-m-86400-m3s-qualified","2022-11-05T09:00:00","2022-11-05","3.306","Complete","Good",""
"http://environment.data.gov.uk/hydrology/id/measures/29434d59-1597-4783-b0b6-9f9a821d30d8-flow-m-86400-m3s-qualified","2022-11-06T09:00:00","2022-11-06","6.07","Complete","Good",""
"http://environment.data.gov.uk/hydrology/id/measures/29434d59-1597-4783-b0b6-9f9a821d30d8-flow-m-86400-m3s-qualified","2022-11-07T09:00:00","2022-11-07","5.861","Complete","Good",""
"http://environment.data.gov.uk/hydrology/id/measures/29434d59-1597-4783-b0b6-9f9a821d30d8-flow-m-86400-m3s-qualified","2022-11-08T09:00:00","2022-11-08","9.195","Complete","Good",""
"http://environment.data.gov.uk/hydrology/id/measures/29434d59-1597-4783-b0b6-9f9a821d30d8-flow-m-86400-m3s-qualified","2022-11-09T09:00:00","2022-11-09","5.713","Complete","Good",""
"http://environment.data.gov.uk/hydrology/id/measures/29434d59-1597-4783-b0b6-9f9a821d30d8-flow-m-86400-m3s-qualified","2022-11-10T09:00:00","2022-11-10","3.798","Complete","Good",""
"http://environment.data.gov.uk/hydrology/id/measures/29434d59-1597-4783-b0b6-9f9a821d30d8-flow-m-86400-m3s-qualified","2022-11-11T09:00:00","2022-11-11","2.86","Complete","Good",""
"http://environment.data.gov.uk/hydrology/id/measures/29434d59-1597-4783-b0b6-9f9a821d30d8-flow-m-86400-m3s-qualified","2022-11-12T09:00:00","2022-11-12","2.376","Complete","Good",""
"http://environment.data.gov.uk/hydrology/id/measures/29434d59-1597-4783-b0b6-9f9a821d30d8-flow-m-86400-m3s-qualified","2022-11-13T09:00:00","2022-11-13","2.083","Complete","Good",""
"http://environment.data.gov.uk/hydrology/id/measures/29434d59-1597-4783-b0b6-9f9a821d30d8-flow-m-86400-m3s-qualified","2022-11-14T09:00:00","2022-11-14","2.028","Complete","Good",""
"http://environment.data.gov.uk/hydrology/id/measures/29434d59-1597-4783-b0b6-9f9a821d30d8-flow-m-86400-m3s-qualified","2022-11-15T09:00:00","2022-11-15","15.434","Complete","Good",""
"http://environment.data.gov.uk/hydrology/id/measures/29434d59-1597-4783-b0b6-9f9a821d30d8-flow-m-86400-m3s-qualified","2022-11-16T09:00:00","2022-11-16","17.489","Complete","Good",""
"http://environment.data.gov.uk/hydrology/id/measures/29434d59-1597-4783-b0b6-9f9a821d30d8-flow-m-86400-m3s-qualified","2022-11-17T09:00:00","2022-11-17","13.844","Complete","Good",""
"http://environment.data.gov.uk/hydrology/id/measures/29434d59-1597-4783-b0b6-9f9a821d30d8-flow-m-86400-m3s-qualified","2022-11-18T09:00:00","2022-11-18","6.709","Complete","Good",""
"http://environment.data.gov.uk/hydrology/id/measures/29434d59-1597-4783-b0b6-9f9a821d30d8-flow-m-86400-m3s-qualified","2022-11-19T09:00:00","2022-11-19","4.967","Complete","Good",""
"http://environment.data.gov.uk/hydrology/id/measures/29434d59-1597-4783-b0b6-9f9a821d30d8-flow-m-86400-m3s-qualified","2022-11-20T09:00:00","2022-11-20","7.524","Complete","Good",""
"http://environment.data.gov.uk/hydrology/id/measures/29434d59-1597-4783-b0b6-9f9a821d30d8-flow-m-86400-m3s-qualified","2022-11-21T09:00:00","2022-11-21","17.094","Complete","Good",""
"http://environment.data.gov.uk/hydrology/id/measures/29434d59-1597-4783-b0b6-9f9a821d30d8-flow-m-86400-m3s-qualified","2022-11-22T09:00:00","2022-11-22","11.451","Complete","Good",""
"http://environment.data.gov.uk/hydrology/id/measures/29434d59-1597-4783-b0b6-9f9a821d30d8-flow-m-86400-m3s-qualified","2022-11-23T09:00:00","2022-11-23","18.126","Complete","Good",""
"http://environment.data.gov.uk/hydrology/id/measures/29434d59-1597-4783-b0b6-9f9a821d30d8-flow-m-86400-m3s-qualified","2022-11-24T09:00:00","2022-11-24","11.353","Complete","Good",""
"http://environment.data.gov.uk/hydrology/id/measures/29434d59-1597-4783-b0b6-9f9a821d30d8-flow-m-86400-m3s-qualified","2022-11-25T09:00:00","2022-11-25","8.405","Complete","Good",""
"http://environment.data.gov.uk/hydrology/id/measures/29434d59-1597-4783-b0b6-9f9a821d30d8-flow-m-86400-m3s-qualified","2022-11-26T09:00:00","2022-11-26","8.966","Complete","Good",""
"http://environment.data.gov.uk/hydrology/id/measures/29434d59-1597-4783-b0b6-9f9a821d30d8-flow-m-86400-m3s-qualified","2022-11-27T09:00:00","2022-11-27","14.007","Complete","Good",""
"http://environment.data.gov.uk/hydrology/id/measures/29434d59-1597-4783-b0b6-9f9a821d30d8-flow-m-86400-m3s-qualified","2022-11-28T09:00:00","2022-11-28","7.817","Complete","Good",""
"http://environment.data.gov.uk/hydrology/id/measures/29434d59-1597-4783-b0b6-9f9a821d30d8-flow-m-86400-m3s-qualified","2022-11-29T09:00:00","2022-11-29","5.869","Complete","Good",""
"http://environment.data.gov.uk/hydrology/id/measures/29434d59-1597-4783-b0b6-9f9a821d30d8-flow-m-86400-m3s-qualified","2022-11-30T09:00:00","2022-11-30","4.862","Complete","Good",""
"http://environment.data.gov.uk/hydrology/id/measures/29434d59-1597-4783-b0b6-9f9a821d30d8-flow-m-86400-m3s-qualified","2022-12-01T09:00:00","2022-12-01","4.215","Complete","Good",""
"http://environment.data.gov.uk/hydrology/id/measures/29434d59-1597-4783-b0b6-9f9a821d30d8-flow-m-86400-m3s-qualified","2022-12-02T09:00:00","2022-12-02","3.722","Complete","Good",""
"http://environment.data.gov.uk/hydrology/id/measures/29434d59-1597-4783-b0b6-9f9a821d30d8-flow-m-86400-m3s-qualified","2022-12-03T09:00:00","2022-12-03","3.395","Complete","Good",""
"http://environment.data.gov.uk/hydrology/id/measures/29434d59-1597-4783-b0b6-9f9a821d30d8-flow-m-86400-m3s-qualified","2022-12-04T09:00:00","2022-12-04","3.13","Complete","Good",""
"http://environment.data.gov.uk/hydrology/id/measures/29434d59-1597-4783-b0b6-9f9a821d30d8-flow-m-86400-m3s-qualified","2022-12-05T09:00:00","2022-12-05","2.796","Complete","Good",""
"http://environment.data.gov.uk/hydrology/id/measures/29434d59-1597-4783-b0b6-9f9a821d30d8-flow-m-86400-m3s-qualified","2022-12-06T09:00:00","2022-12-06","2.627","Complete","Good",""
"http://environment.data.gov.uk/hydrology/id/measures/29434d59-1597-4783-b0b6-9f9a821d30d8-flow-m-86400-m3s-qualified","2022-12-07T09:00:00","2022-12-07","2.498","Complete","Good",""
"http://environment.data.gov.uk/hydrology/id/measures/29434d59-1597-4783-b0b6-9f9a821d30d8-flow-m-86400-m3s-qualified","2022-12-08T09:00:00","2022-12-08","2.516","Complete","Good",""
"http://environment.data.gov.uk/hydrology/id/measures/29434d59-1597-4783-b0b6-9f9a821d30d8-flow-m-86400-m3s-qualified","2022-12-09T09:00:00","2022-12-09","2.327","Complete","Good",""
"http://environment.data.gov.uk/hydrology/id/measures/29434d59-1597-4783-b0b6-9f9a821d30d8-flow-m-86400-m3s-qualified","2022-12-10T09:00:00","2022-12-10","2.142","Complete","Good",""
"http://environment.data.gov.uk/hydrology/id/measures/29434d59-1597-4783-b0b6-9f9a821d30d8-flow-m-86400-m3s-qualified","2022-12-11T09:00:00","2022-12-11","2.193","Complete","Good",""
"http://environment.data.gov.uk/hydrology/id/measures/29434d59-1597-4783-b0b6-9f9a821d30d8-flow-m-86400-m3s-qualified","2022-12-12T09:00:00","2022-12-12","1.897","Complete","Good",""
"http://environment.data.gov.uk/hydrology/id/measures/29434d59-1597-4783-b0b6-9f9a821d30d8-flow-m-86400-m3s-qualified","2022-12-13T09:00:00","2022-12-13","1.781","Complete","Good",""
"http://environment.data.gov.uk/hydrology/id/measures/29434d59-1597-4783-b0b6-9f9a821d30d8-flow-m-86400-m3s-qualified","2022-12-14T09:00:00","2022-12-14","1.786","Complete","Good",""
"http://environment.data.gov.uk/hydrology/id/measures/29434d59-1597-4783-b0b6-9f9a821d30d8-flow-m-86400-m3s-qualified","2022-12-15T09:00:00","2022-12-15","1.666","Complete","Good",""
"http://environment.data.gov.uk/hydrology/id/measures/29434d59-1597-4783-b0b6-9f9a821d30d8-flow-m-86400-m3s-qualified","2022-12-16T09:00:00","2022-12-16","1.565","Complete","Good",""
"http://environment.data.gov.uk/hydrology/id/measures/29434d59-1597-4783-b0b6-9f9a821d30d8-flow-m-86400-m3s-qualified","2022-12-17T09:00:00","2022-12-17","1.557","Complete","Good",""
"http://environment.data.gov.uk/hydrology/id/measures/29434d59-1597-4783-b0b6-9f9a821d30d8-flow-m-86400-m3s-qualified","2022-12-18T09:00:00","2022-12-18","5.451","Complete","Good",""
"http://environment.data.gov.uk/hydrology/id/measures/29434d59-1597-4783-b0b6-9f9a821d30d8-flow-m-86400-m3s-qualified","2022-12-19T09:00:00","2022-12-19","19.43","Complete","Good",""
"http://environment.data.gov.uk/hydrology/id/measures/29434d59-1597-4783-b0b6-9f9a821d30d8-flow-m-86400-m3s-qualified","2022-12-20T09:00:00","2022-12-20","23.594","Complete","Good",""
"http://environment.data.gov.uk/hydrology/id/measures/29434d59-1597-4783-b0b6-9f9a821d30d8-flow-m-86400-m3s-qualified","2022-12-21T09:00:00","2022-12-21","9.008","Complete","Good",""
"http://environment.data.gov.uk/hydrology/id/measures/29434d59-1597-4783-b0b6-9f9a821d30d8-flow-m-86400-m3s-qualified","2022-12-22T09:00:00","2022-12-22","6.998","Complete","Good",""
"http://environment.data.gov.uk/hydrology/id/measures/29434d59-1597-4783-b0b6-9f9a821d30d8-flow-m-86400-m3s-qualified","2022-12-23T09:00:00","2022-12-23","17.578","Complete","Good",""
"http://environment.data.gov.uk/hydrology/id/measures/29434d59-1597-4783-b0b6-9f9a821d30d8-flow-m-86400-m3s-qualified","2022-12-24T09:00:00","2022-12-24","10.449","Complete","Good",""
"http://environment.data.gov.uk/hydrology/id/measures/29434d59-1597-4783-b0b6-9f9a821d30d8-flow-m-86400-m3s-qualified","2022-12-25T09:00:00","2022-12-25","13.231","Complete","Good",""
"http://environment.data.gov.uk/hydrology/id/measures/29434d59-1597-4783-b0b6-9f9a821d30d8-flow-m-86400-m3s-qualified","2022-12-26T09:00:00","2022-12-26","11.897","Complete","Good",""
"http://environment.data.gov.uk/hydrology/id/measures/29434d59-1597-4783-b0b6-9f9a821d30d8-flow-m-86400-m3s-qualified","2022-12-27T09:00:00","2022-12-27","15.925","Complete","Good",""
"http://environment.data.gov.uk/hydrology/id/measures/29434d59-1597-4783-b0b6-9f9a821d30d8-flow-m-86400-m3s-qualified","2022-12-28T09:00:00","2022-12-28","22.203","Complete","Good",""
"http://environment.data.gov.uk/hydrology/id/measures/29434d59-1597-4783-b0b6-9f9a821d30d8-flow-m-86400-m3s-qualified","2022-12-29T09:00:00","2022-12-29","14.012","Complete","Good",""
"http://environment.data.gov.uk/hydrology/id/measures/29434d59-1597-4783-b0b6-9f9a821d30d8-flow-m-86400-m3s-qualified","2022-12-30T09:00:00","2022-12-30","11.984","Complete","Good",""
"http://environment.data.gov.uk/hydrology/id/measures/29434d59-1597-4783-b0b6-9f9a821d30d8-flow-m-86400-m3s-qualified","2022-12-31T09:00:00","2022-12-31","28.782","Complete","Good",""
"http://environment.data.gov.uk/hydrology/id/measures/29434d59-1597-4783-b0b6-9f9a821d30d8-flow-m-86400-m3s-qualified","2023-01-01T09:00:00","2023-01-01","18.141","Complete","Good",""
"http://environment.data.gov.uk/hydrology/id/measures/29434d59-1597-4783-b0b6-9f9a821d30d8-flow-m-86400-m3s-qualified","2023-01-02T09:00:00","2023-01-02","12.077","Complete","Good",""
"http://environment.data.gov.uk/hydrology/id/measures/29434d59-1597-4783-b0b6-9f9a821d30d8-flow-m-86400-m3s-qualified","2023-01-03T09:00:00","2023-01-03","22.773","Complete","Good",""
"http://environment.data.gov.uk/hydrology/id/measures/29434d59-1597-4783-b0b6-9f9a821d30d8-flow-m-86400-m3s-qualified","2023-01-04T09:00:00","2023-01-04","17.12","Complete","Good",""
"http://environment.data.gov.uk/hydrology/id/measures/29434d59-1597-4783-b0b6-9f9a821d30d8-flow-m-86400-m3s-qualified","2023-01-05T09:00:00","2023-01-05","11.981","Complete","Good",""
"http://environment.data.gov.uk/hydrology/id/measures/29434d59-1597-4783-b0b6-9f9a821d30d8-flow-m-86400-m3s-qualified","2023-01-06T09:00:00","2023-01-06","11.824","Complete","Good",""
"http://environment.data.gov.uk/hydrology/id/measures/29434d59-1597-4783-b0b6-9f9a821d30d8-flow-m-86400-m3s-qualified","2023-01-07T09:00:00","2023-01-07","18.919","Complete","Good",""
"http://environment.data.gov.uk/hydrology/id/measures/29434d59-1597-4783-b0b6-9f9a821d30d8-flow-m-86400-m3s-qualified","2023-01-08T09:00:00","2023-01-08","13.732","Complete","Good",""
"http://environment.data.gov.uk/hydrology/id/measures/29434d59-1597-4783-b0b6-9f9a821d30d8-flow-m-86400-m3s-qualified","2023-01-09T09:00:00","2023-01-09","11.358","Complete","Good",""
"http://environment.data.gov.uk/hydrology/id/measures/29434d59-1597-4783-b0b6-9f9a821d30d8-flow-m-86400-m3s-qualified","2023-01-10T09:00:00","2023-01-10","17.713","Complete","Good",""
"http://environment.data.gov.uk/hydrology/id/measures/29434d59-1597-4783-b0b6-9f9a821d30d8-flow-m-86400-m3s-qualified","2023-01-11T09:00:00","2023-01-11","25.079","Complete","Good",""
"http://environment.data.gov.uk/hydrology/id/measures/29434d59-1597-4783-b0b6-9f9a821d30d8-flow-m-86400-m3s-qualified","2023-01-12T09:00:00","2023-01-12","50.257","Complete","Good",""
"http://environment.data.gov.uk/hydrology/id/measures/29434d59-1597-4783-b0b6-9f9a821d30d8-flow-m-86400-m3s-qualified","2023-01-13T09:00:00","2023-01-13","22.594","Complete","Good",""
"http://environment.data.gov.uk/hydrology/id/measures/29434d59-1597-4783-b0b6-9f9a821d30d8-flow-m-86400-m3s-qualified","2023-01-14T09:00:00","2023-01-14","34.139","Complete","Good",""
"http://environment.data.gov.uk/hydrology/id/measures/29434d59-1597-4783-b0b6-9f9a821d30d8-flow-m-86400-m3s-qualified","2023-01-15T09:00:00","2023-01-15","19.936","Complete","Good",""
"http://environment.data.gov.uk/hydrology/id/measures/29434d59-1597-4783-b0b6-9f9a821d30d8-flow-m-86400-m3s-qualified","2023-01-16T09:00:00","2023-01-16","22.751","Complete","Good",""
"http://environment.data.gov.uk/hydrology/id/measures/29434d59-1597-4783-b0b6-9f9a821d30d8-flow-m-86400-m3s-qualified","2023-01-17T09:00:00","2023-01-17","12.35","Complete","Good",""
"http://environment.data.gov.uk/hydrology/id/measures/29434d59-1597-4783-b0b6-9f9a821d30d8-flow-m-86400-m3s-qualified","2023-01-18T09:00:00","2023-01-18","9.597","Complete","Good",""
"http://environment.data.gov.uk/hydrology/id/measures/29434d59-1597-4783-b0b6-9f9a821d30d8-flow-m-86400-m3s-qualified","2023-01-19T09:00:00","2023-01-19","8.114","Complete","Good",""
"http://environment.data.gov.uk/hydrology/id/measures/29434d59-1597-4783-b0b6-9f9a821d30d8-flow-m-86400-m3s-qualified","2023-01-20T09:00:00","2023-01-20","6.95","Complete","Good",""
"http://environment.data.gov.uk/hydrology/id/measures/29434d59-1597-4783-b0b6-9f9a821d30d8-flow-m-86400-m3s-qualified","2023-01-21T09:00:00","2023-01-21","6.177","Complete","Good",""
"http://environment.data.gov.uk/hydrology/id/measures/29434d59-1597-4783-b0b6-9f9a821d30d8-flow-m-86400-m3s-qualified","2023-01-22T09:00:00","2023-01-22","5.644","Complete","Good",""
"http://environment.data.gov.uk/hydrology/id/measures/29434d59-1597-4783-b0b6-9f9a821d30d8-flow-m-86400-m3s-qualified","2023-01-23T09:00:00","2023-01-23","5.186","Complete","Good",""
"http://environment.data.gov.uk/hydrology/id/measures/29434d59-1597-4783-b0b6-9f9a821d30d8-flow-m-86400-m3s-qualified","2023-01-24T09:00:00","2023-01-24","4.805","Complete","Good",""
"http://environment.data.gov.uk/hydrology/id/measures/29434d59-1597-4783-b0b6-9f9a821d30d8-flow-m-86400-m3s-qualified","2023-01-25T09:00:00","2023-01-25","4.542","Complete","Good",""
"http://environment.data.gov.uk/hydrology/id/measures/29434d59-1597-4783-b0b6-9f9a821d30d8-flow-m-86400-m3s-qualified","2023-01-26T09:00:00","2023-01-26","4.287","Complete","Good",""
"http://environment.data.gov.uk/hydrology/id/measures/29434d59-1597-4783-b0b6-9f9a821d30d8-flow-m-86400-m3s-qualified","2023-01-27T09:00:00","2023-01-27","4.167","Complete","Good",""
"http://environment.data.gov.uk/hydrology/id/measures/29434d59-1597-4783-b0b6-9f9a821d30d8-flow-m-86400-m3s-qualified","2023-01-28T09:00:00","2023-01-28","3.882","Complete","Good",""
"http://environment.data.gov.uk/hydrology/id/measures/29434d59-1597-4783-b0b6-9f9a821d30d8-flow-m-86400-m3s-qualified","2023-01-29T09:00:00","2023-01-29","3.737","Complete","Good",""
"http://environment.data.gov.uk/hydrology/id/measures/29434d59-1597-4783-b0b6-9f9a821d30d8-flow-m-86400-m3s-qualified","2023-01-30T09:00:00","2023-01-30","3.804","Complete","Good",""
"http://environment.data.gov.uk/hydrology/id/measures/29434d59-1597-4783-b0b6-9f9a821d30d8-flow-m-86400-m3s-qualified","2023-01-31T09:00:00","2023-01-31","3.587","Complete","Good",""
"http://environment.data.gov.uk/hydrology/id/measures/29434d59-1597-4783-b0b6-9f9a821d30d8-flow-m-86400-m3s-qualified","2023-02-01T09:00:00","2023-02-01","3.418","Complete","Good",""
"http://environment.data.gov.uk/hydrology/id/measures/29434d59-1597-4783-b0b6-9f9a821d30d8-flow-m-86400-m3s-qualified","2023-02-02T09:00:00","2023-02-02","3.108","Complete","Good",""
"http://environment.data.gov.uk/hydrology/id/measures/29434d59-1597-4783-b0b6-9f9a821d30d8-flow-m-86400-m3s-qualified","2023-02-03T09:00:00","2023-02-03","3.016","Complete","Good",""
"http://environment.data.gov.uk/hydrology/id/measures/29434d59-1597-4783-b0b6-9f9a821d30d8-flow-m-86400-m3s-qualified","2023-02-04T09:00:00","2023-02-04","2.813","Complete","Good",""
"http://environment.data.gov.uk/hydrology/id/measures/29434d59-1597-4783-b0b6-9f9a821d30d8-flow-m-86400-m3s-qualified","2023-02-05T09:00:00","2023-02-05","2.708","Complete","Good",""
"http://environment.data.gov.uk/hydrology/id/measures/29434d59-1597-4783-b0b6-9f9a821d30d8-flow-m-86400-m3s-qualified","2023-02-06T09:00:00","2023-02-06","2.621","Complete","Good",""
"http://environment.data.gov.uk/hydrology/id/measures/29434d59-1597-4783-b0b6-9f9a821d30d8-flow-m-86400-m3s-qualified","2023-02-07T09:00:00","2023-02-07","2.486","Complete","Good",""
"http://environment.data.gov.uk/hydrology/id/measures/29434d59-1597-4783-b0b6-9f9a821d30d8-flow-m-86400-m3s-qualified","2023-02-08T09:00:00","2023-02-08","2.237","Complete","Good",""
"http://environment.data.gov.uk/hydrology/id/measures/29434d59-1597-4783-b0b6-9f9a821d30d8-flow-m-86400-m3s-qualified","2023-02-09T09:00:00","2023-02-09","2.25","Complete","Good",""
"http://environment.data.gov.uk/hydrology/id/measures/29434d59-1597-4783-b0b6-9f9a821d30d8-flow-m-86400-m3s-qualified","2023-02-10T09:00:00","2023-02-10","2.18","Complete","Good",""
"http://environment.data.gov.uk/hydrology/id/measures/29434d59-1597-4783-b0b6-9f9a821d30d8-flow-m-86400-m3s-qualified","2023-02-11T09:00:00","2023-02-11","2.127","Complete","Good",""
"http://environment.data.gov.uk/hydrology/id/measures/29434d59-1597-4783-b0b6-9f9a821d30d8-flow-m-86400-m3s-qualified","2023-02-12T09:00:00","2023-02-12","2.096","Complete","Good",""
"http://environment.data.gov.uk/hydrology/id/measures/29434d59-1597-4783-b0b6-9f9a821d30d8-flow-m-86400-m3s-qualified","2023-02-13T09:00:00","2023-02-13","2.093","Complete","Good",""
"http://environment.data.gov.uk/hydrology/id/measures/29434d59-1597-4783-b0b6-9f9a821d30d8-flow-m-86400-m3s-qualified","2023-02-14T09:00:00","2023-02-14","1.998","Complete","Good",""
"http://environment.data.gov.uk/hydrology/id/measures/29434d59-1597-4783-b0b6-9f9a821d30d8-flow-m-86400-m3s-qualified","2023-02-15T09:00:00","2023-02-15","2.012","Complete","Good",""
"http://environment.data.gov.uk/hydrology/id/measures/29434d59-1597-4783-b0b6-9f9a821d30d8-flow-m-86400-m3s-qualified","2023-02-16T09:00:00","2023-02-16","2.318","Complete","Good",""
"http://environment.data.gov.uk/hydrology/id/measures/29434d59-1597-4783-b0b6-9f9a821d30d8-flow-m-86400-m3s-qualified","2023-02-17T09:00:00","2023-02-17","2.292","Complete","Good",""
"http://environment.data.gov.uk/hydrology/id/measures/29434d59-1597-4783-b0b6-9f9a821d30d8-flow-m-86400-m3s-qualified","2023-02-18T09:00:00","2023-02-18","2.601","Complete","Good",""
"http://environment.data.gov.uk/hydrology/id/measures/29434d59-1597-4783-b0b6-9f9a821d30d8-flow-m-86400-m3s-qualified","2023-02-19T09:00:00","2023-02-19","2.687","Complete","Good",""
"http://environment.data.gov.uk/hydrology/id/measures/29434d59-1597-4783-b0b6-9f9a821d30d8-flow-m-86400-m3s-qualified","2023-02-20T09:00:00","2023-02-20","2.407","Complete","Good",""
"http://environment.data.gov.uk/hydrology/id/measures/29434d59-1597-4783-b0b6-9f9a821d30d8-flow-m-86400-m3s-qualified","2023-02-21T09:00:00","2023-02-21","2.422","Complete","Good",""
"http://environment.data.gov.uk/hydrology/id/measures/29434d59-1597-4783-b0b6-9f9a821d30d8-flow-m-86400-m3s-qualified","2023-02-22T09:00:00","2023-02-22","2.448","Complete","Good",""
"http://environment.data.gov.uk/hydrology/id/measures/29434d59-1597-4783-b0b6-9f9a821d30d8-flow-m-86400-m3s-qualified","2023-02-23T09:00:00","2023-02-23","2.585","Complete","Good",""
"http://environment.data.gov.uk/hydrology/id/measures/29434d59-1597-4783-b0b6-9f9a821d30d8-flow-m-86400-m3s-qualified","2023-02-24T09:00:00","2023-02-24","2.48","Complete","Good",""
"http://environment.data.gov.uk/hydrology/id/measures/29434d59-1597-4783-b0b6-9f9a821d30d8-flow-m-86400-m3s-qualified","2023-02-25T09:00:00","2023-02-25","2.307","Complete","Good",""
"http://environment.data.gov.uk/hydrology/id/measures/29434d59-1597-4783-b0b6-9f9a821d30d8-flow-m-86400-m3s-qualified","2023-02-26T09:00:00","2023-02-26","1.995","Complete","Good",""
"http://environment.data.gov.uk/hydrology/id/measures/29434d59-1597-4783-b0b6-9f9a821d30d8-flow-m-86400-m3s-qualified","2023-02-27T09:00:00","2023-02-27","1.898","Complete","Good",""
"http://environment.data.gov.uk/hydrology/id/measures/29434d59-1597-4783-b0b6-9f9a821d30d8-flow-m-86400-m3s-qualified","2023-02-28T09:00:00","2023-02-28","1.814","Complete","Good",""
"http://environment.data.gov.uk/hydrology/id/measures/29434d59-1597-4783-b0b6-9f9a821d30d8-flow-m-86400-m3s-qualified","2023-03-01T09:00:00","2023-03-01","1.826","Complete","Good",""
"http://environment.data.gov.uk/hydrology/id/measures/29434d59-1597-4783-b0b6-9f9a821d30d8-flow-m-86400-m3s-qualified","2023-03-02T09:00:00","2023-03-02","1.823","Complete","Good",""
"http://environment.data.gov.uk/hydrology/id/measures/29434d59-1597-4783-b0b6-9f9a821d30d8-flow-m-86400-m3s-qualified","2023-03-03T09:00:00","2023-03-03","1.731","Complete","Good",""
"http://environment.data.gov.uk/hydrology/id/measures/29434d59-1597-4783-b0b6-9f9a821d30d8-flow-m-86400-m3s-qualified","2023-03-04T09:00:00","2023-03-04","1.631","Complete","Good",""
"http://environment.data.gov.uk/hydrology/id/measures/29434d59-1597-4783-b0b6-9f9a821d30d8-flow-m-86400-m3s-qualified","2023-03-05T09:00:00","2023-03-05","1.654","Complete","Good",""
"http://environment.data.gov.uk/hydrology/id/measures/29434d59-1597-4783-b0b6-9f9a821d30d8-flow-m-86400-m3s-qualified","2023-03-06T09:00:00","2023-03-06","1.668","Complete","Good",""
"http://environment.data.gov.uk/hydrology/id/measures/29434d59-1597-4783-b0b6-9f9a821d30d8-flow-m-86400-m3s-qualified","2023-03-07T09:00:00","2023-03-07","1.768","Complete","Good",""
"http://environment.data.gov.uk/hydrology/id/measures/29434d59-1597-4783-b0b6-9f9a821d30d8-flow-m-86400-m3s-qualified","2023-03-08T09:00:00","2023-03-08","3.875","Complete","Good",""
"http://environment.data.gov.uk/hydrology/id/measures/29434d59-1597-4783-b0b6-9f9a821d30d8-flow-m-86400-m3s-qualified","2023-03-09T09:00:00","2023-03-09","11.692","Complete","Good",""
"http://environment.data.gov.uk/hydrology/id/measures/29434d59-1597-4783-b0b6-9f9a821d30d8-flow-m-86400-m3s-qualified","2023-03-10T09:00:00","2023-03-10","9.679","Complete","Good",""
"http://environment.data.gov.uk/hydrology/id/measures/29434d59-1597-4783-b0b6-9f9a821d30d8-flow-m-86400-m3s-qualified","2023-03-11T09:00:00","2023-03-11","5.499","Complete","Good",""
"http://environment.data.gov.uk/hydrology/id/measures/29434d59-1597-4783-b0b6-9f9a821d30d8-flow-m-86400-m3s-qualified","2023-03-12T09:00:00","2023-03-12","7.14","Complete","Good",""
"http://environment.data.gov.uk/hydrology/id/measures/29434d59-1597-4783-b0b6-9f9a821d30d8-flow-m-86400-m3s-qualified","2023-03-13T09:00:00","2023-03-13","8.093","Complete","Good",""
"http://environment.data.gov.uk/hydrology/id/measures/29434d59-1597-4783-b0b6-9f9a821d30d8-flow-m-86400-m3s-qualified","2023-03-14T09:00:00","2023-03-14","6.168","Complete","Good",""
"http://environment.data.gov.uk/hydrology/id/measures/29434d59-1597-4783-b0b6-9f9a821d30d8-flow-m-86400-m3s-qualified","2023-03-15T09:00:00","2023-03-15","5.73","Complete","Good",""
"http://environment.data.gov.uk/hydrology/id/measures/29434d59-1597-4783-b0b6-9f9a821d30d8-flow-m-86400-m3s-qualified","2023-03-16T09:00:00","2023-03-16","7.169","Complete","Good",""
"http://environment.data.gov.uk/hydrology/id/measures/29434d59-1597-4783-b0b6-9f9a821d30d8-flow-m-86400-m3s-qualified","2023-03-17T09:00:00","2023-03-17","6.642","Complete","Good",""
"http://environment.data.gov.uk/hydrology/id/measures/29434d59-1597-4783-b0b6-9f9a821d30d8-flow-m-86400-m3s-qualified","2023-03-18T09:00:00","2023-03-18","6.308","Complete","Good",""
"http://environment.data.gov.uk/hydrology/id/measures/29434d59-1597-4783-b0b6-9f9a821d30d8-flow-m-86400-m3s-qualified","2023-03-19T09:00:00","2023-03-19","4.959","Complete","Good",""
"http://environment.data.gov.uk/hydrology/id/measures/29434d59-1597-4783-b0b6-9f9a821d30d8-flow-m-86400-m3s-qualified","2023-03-20T09:00:00","2023-03-20","4.401","Complete","Good",""
"http://environment.data.gov.uk/hydrology/id/measures/29434d59-1597-4783-b0b6-9f9a821d30d8-flow-m-86400-m3s-qualified","2023-03-21T09:00:00","2023-03-21","5.063","Complete","Good",""
"http://environment.data.gov.uk/hydrology/id/measures/29434d59-1597-4783-b0b6-9f9a821d30d8-flow-m-86400-m3s-qualified","2023-03-22T09:00:00","2023-03-22","13.66","Complete","Good",""
"http://environment.data.gov.uk/hydrology/id/measures/29434d59-1597-4783-b0b6-9f9a821d30d8-flow-m-86400-m3s-qualified","2023-03-23T09:00:00","2023-03-23","16.749","Complete","Good",""
"http://environment.data.gov.uk/hydrology/id/measures/29434d59-1597-4783-b0b6-9f9a821d30d8-flow-m-86400-m3s-qualified","2023-03-24T09:00:00","2023-03-24","11.504","Complete","Good",""
"http://environment.data.gov.uk/hydrology/id/measures/29434d59-1597-4783-b0b6-9f9a821d30d8-flow-m-86400-m3s-qualified","2023-03-25T09:00:00","2023-03-25","8.621","Complete","Good",""
"http://environment.data.gov.uk/hydrology/id/measures/29434d59-1597-4783-b0b6-9f9a821d30d8-flow-m-86400-m3s-qualified","2023-03-26T09:00:00","2023-03-26","12.714","Complete","Good",""
"http://environment.data.gov.uk/hydrology/id/measures/29434d59-1597-4783-b0b6-9f9a821d30d8-flow-m-86400-m3s-qualified","2023-03-27T09:00:00","2023-03-27","7.763","Complete","Good",""
"http://environment.data.gov.uk/hydrology/id/measures/29434d59-1597-4783-b0b6-9f9a821d30d8-flow-m-86400-m3s-qualified","2023-03-28T09:00:00","2023-03-28","6.931","Complete","Good",""
"http://environment.data.gov.uk/hydrology/id/measures/29434d59-1597-4783-b0b6-9f9a821d30d8-flow-m-86400-m3s-qualified","2023-03-29T09:00:00","2023-03-29","9.248","Complete","Good",""
"http://environment.data.gov.uk/hydrology/id/measures/29434d59-1597-4783-b0b6-9f9a821d30d8-flow-m-86400-m3s-qualified","2023-03-30T09:00:00","2023-03-30","18.011","Complete","Good",""
"http://environment.data.gov.uk/hydrology/id/measures/29434d59-1597-4783-b0b6-9f9a821d30d8-flow-m-86400-m3s-qualified","2023-03-31T09:00:00","2023-03-31","30.024","Complete","Good",""
"http://environment.data.gov.uk/hydrology/id/measures/29434d59-1597-4783-b0b6-9f9a821d30d8-flow-m-86400-m3s-qualified","2023-04-01T09:00:00","2023-04-01","20.456","Complete","Good",""
"http://environment.data.gov.uk/hydrology/id/measures/29434d59-1597-4783-b0b6-9f9a821d30d8-flow-m-86400-m3s-qualified","2023-04-02T09:00:00","2023-04-02","11.077","Complete","Good",""
"http://environment.data.gov.uk/hydrology/id/measures/29434d59-1597-4783-b0b6-9f9a821d30d8-flow-m-86400-m3s-qualified","2023-04-03T09:00:00","2023-04-03","8.475","Complete","Good",""
"http://environment.data.gov.uk/hydrology/id/measures/29434d59-1597-4783-b0b6-9f9a821d30d8-flow-m-86400-m3s-qualified","2023-04-04T09:00:00","2023-04-04","6.927","Complete","Good",""
"http://environment.data.gov.uk/hydrology/id/measures/29434d59-1597-4783-b0b6-9f9a821d30d8-flow-m-86400-m3s-qualified","2023-04-05T09:00:00","2023-04-05","6.342","Complete","Good",""
"http://environment.data.gov.uk/hydrology/id/measures/29434d59-1597-4783-b0b6-9f9a821d30d8-flow-m-86400-m3s-qualified","2023-04-06T09:00:00","2023-04-06","5.803","Complete","Good",""
"http://environment.data.gov.uk/hydrology/id/measures/29434d59-1597-4783-b0b6-9f9a821d30d8-flow-m-86400-m3s-qualified","2023-04-07T09:00:00","2023-04-07","4.93","Complete","Good",""
"http://environment.data.gov.uk/hydrology/id/measures/29434d59-1597-4783-b0b6-9f9a821d30d8-flow-m-86400-m3s-qualified","2023-04-08T09:00:00","2023-04-08","4.383","Complete","Good",""
"http://environment.data.gov.uk/hydrology/id/measures/29434d59-1597-4783-b0b6-9f9a821d30d8-flow-m-86400-m3s-qualified","2023-04-09T09:00:00","2023-04-09","4.469","Complete","Good",""
"http://environment.data.gov.uk/hydrology/id/measures/29434d59-1597-4783-b0b6-9f9a821d30d8-flow-m-86400-m3s-qualified","2023-04-10T09:00:00","2023-04-10","6.522","Complete","Good",""
"http://environment.data.gov.uk/hydrology/id/measures/29434d59-1597-4783-b0b6-9f9a821d30d8-flow-m-86400-m3s-qualified","2023-04-11T09:00:00","2023-04-11","9.99","Complete","Good",""
"http://environment.data.gov.uk/hydrology/id/measures/29434d59-1597-4783-b0b6-9f9a821d30d8-flow-m-86400-m3s-qualified","2023-04-12T09:00:00","2023-04-12","9.948","Complete","Good",""
"http://environment.data.gov.uk/hydrology/id/measures/29434d59-1597-4783-b0b6-9f9a821d30d8-flow-m-86400-m3s-qualified","2023-04-13T09:00:00","2023-04-13","7.308","Complete","Good",""
"http://environment.data.gov.uk/hydrology/id/measures/29434d59-1597-4783-b0b6-9f9a821d30d8-flow-m-86400-m3s-qualified","2023-04-14T09:00:00","2023-04-14","7.511","Complete","Good",""
"http://environment.data.gov.uk/hydrology/id/measures/29434d59-1597-4783-b0b6-9f9a821d30d8-flow-m-86400-m3s-qualified","2023-04-15T09:00:00","2023-04-15","6.252","Complete","Good",""
"http://environment.data.gov.uk/hydrology/id/measures/29434d59-1597-4783-b0b6-9f9a821d30d8-flow-m-86400-m3s-qualified","2023-04-16T09:00:00","2023-04-16","5.213","Complete","Good",""
"http://environment.data.gov.uk/hydrology/id/measures/29434d59-1597-4783-b0b6-9f9a821d30d8-flow-m-86400-m3s-qualified","2023-04-17T09:00:00","2023-04-17","4.627","Complete","Good",""
"http://environment.data.gov.uk/hydrology/id/measures/29434d59-1597-4783-b0b6-9f9a821d30d8-flow-m-86400-m3s-qualified","2023-04-18T09:00:00","2023-04-18","3.955","Complete","Good",""
"http://environment.data.gov.uk/hydrology/id/measures/29434d59-1597-4783-b0b6-9f9a821d30d8-flow-m-86400-m3s-qualified","2023-04-19T09:00:00","2023-04-19","3.774","Complete","Good",""
"http://environment.data.gov.uk/hydrology/id/measures/29434d59-1597-4783-b0b6-9f9a821d30d8-flow-m-86400-m3s-qualified","2023-04-20T09:00:00","2023-04-20","3.415","Complete","Good",""
"http://environment.data.gov.uk/hydrology/id/measures/29434d59-1597-4783-b0b6-9f9a821d30d8-flow-m-86400-m3s-qualified","2023-04-21T09:00:00","2023-04-21","3.4","Complete","Good",""
"http://environment.data.gov.uk/hydrology/id/measures/29434d59-1597-4783-b0b6-9f9a821d30d8-flow-m-86400-m3s-qualified","2023-04-22T09:00:00","2023-04-22","3.339","Complete","Good",""
"http://environment.data.gov.uk/hydrology/id/measures/29434d59-1597-4783-b0b6-9f9a821d30d8-flow-m-86400-m3s-qualified","2023-04-23T09:00:00","2023-04-23","3.248","Complete","Good",""
"http://environment.data.gov.uk/hydrology/id/measures/29434d59-1597-4783-b0b6-9f9a821d30d8-flow-m-86400-m3s-qualified","2023-04-24T09:00:00","2023-04-24","3.512","Complete","Good",""
"http://environment.data.gov.uk/hydrology/id/measures/29434d59-1597-4783-b0b6-9f9a821d30d8-flow-m-86400-m3s-qualified","2023-04-25T09:00:00","2023-04-25","3.415","Complete","Good",""
"http://environment.data.gov.uk/hydrology/id/measures/29434d59-1597-4783-b0b6-9f9a821d30d8-flow-m-86400-m3s-qualified","2023-04-26T09:00:00","2023-04-26","3.055","Complete","Good",""
"http://environment.data.gov.uk/hydrology/id/measures/29434d59-1597-4783-b0b6-9f9a821d30d8-flow-m-86400-m3s-qualified","2023-04-27T09:00:00","2023-04-27","5.324","Complete","Good",""
"http://environment.data.gov.uk/hydrology/id/measures/29434d59-1597-4783-b0b6-9f9a821d30d8-flow-m-86400-m3s-qualified","2023-04-28T09:00:00","2023-04-28","5.587","Complete","Good",""
"http://environment.data.gov.uk/hydrology/id/measures/29434d59-1597-4783-b0b6-9f9a821d30d8-flow-m-86400-m3s-qualified","2023-04-29T09:00:00","2023-04-29","3.689","Complete","Good",""
"http://environment.data.gov.uk/hydrology/id/measures/29434d59-1597-4783-b0b6-9f9a821d30d8-flow-m-86400-m3s-qualified","2023-04-30T09:00:00","2023-04-30","3.126","Complete","Good",""
"http://environment.data.gov.uk/hydrology/id/measures/29434d59-1597-4783-b0b6-9f9a821d30d8-flow-m-86400-m3s-qualified","2023-05-01T09:00:00","2023-05-01","2.936","Complete","Good",""
"http://environment.data.gov.uk/hydrology/id/measures/29434d59-1597-4783-b0b6-9f9a821d30d8-flow-m-86400-m3s-qualified","2023-05-02T09:00:00","2023-05-02","2.691","Complete","Good",""
"http://environment.data.gov.uk/hydrology/id/measures/29434d59-1597-4783-b0b6-9f9a821d30d8-flow-m-86400-m3s-qualified","2023-05-03T09:00:00","2023-05-03","2.486","Complete","Good",""
"http://environment.data.gov.uk/hydrology/id/measures/29434d59-1597-4783-b0b6-9f9a821d30d8-flow-m-86400-m3s-qualified","2023-05-04T09:00:00","2023-05-04","2.501","Complete","Good",""
"http://environment.data.gov.uk/hydrology/id/measures/29434d59-1597-4783-b0b6-9f9a821d30d8-flow-m-86400-m3s-qualified","2023-05-05T09:00:00","2023-05-05","2.468","Complete","Good",""
"http://environment.data.gov.uk/hydrology/id/measures/29434d59-1597-4783-b0b6-9f9a821d30d8-flow-m-86400-m3s-qualified","2023-05-06T09:00:00","2023-05-06","4.477","Complete","Good",""
"http://environment.data.gov.uk/hydrology/id/measures/29434d59-1597-4783-b0b6-9f9a821d30d8-flow-m-86400-m3s-qualified","2023-05-07T09:00:00","2023-05-07","3.617","Complete","Good",""
"http://environment.data.gov.uk/hydrology/id/measures/29434d59-1597-4783-b0b6-9f9a821d30d8-flow-m-86400-m3s-qualified","2023-05-08T09:00:00","2023-05-08","8.531","Complete","Good",""
"http://environment.data.gov.uk/hydrology/id/measures/29434d59-1597-4783-b0b6-9f9a821d30d8-flow-m-86400-m3s-qualified","2023-05-09T09:00:00","2023-05-09","13.511","Complete","Good",""
"http://environment.data.gov.uk/hydrology/id/measures/29434d59-1597-4783-b0b6-9f9a821d30d8-flow-m-86400-m3s-qualified","2023-05-10T09:00:00","2023-05-10","8.53","Complete","Good",""
"http://environment.data.gov.uk/hydrology/id/measures/29434d59-1597-4783-b0b6-9f9a821d30d8-flow-m-86400-m3s-qualified","2023-05-11T09:00:00","2023-05-11","4.995","Complete","Good",""
"http://environment.data.gov.uk/hydrology/id/measures/29434d59-1597-4783-b0b6-9f9a821d30d8-flow-m-86400-m3s-qualified","2023-05-12T09:00:00","2023-05-12","3.986","Complete","Good",""
"http://environment.data.gov.uk/hydrology/id/measures/29434d59-1597-4783-b0b6-9f9a821d30d8-flow-m-86400-m3s-qualified","2023-05-13T09:00:00","2023-05-13","3.487","Complete","Good",""
"http://environment.data.gov.uk/hydrology/id/measures/29434d59-1597-4783-b0b6-9f9a821d30d8-flow-m-86400-m3s-qualified","2023-05-14T09:00:00","2023-05-14","3.09","Complete","Good",""
"http://environment.data.gov.uk/hydrology/id/measures/29434d59-1597-4783-b0b6-9f9a821d30d8-flow-m-86400-m3s-qualified","2023-05-15T09:00:00","2023-05-15","2.904","Complete","Good",""
"http://environment.data.gov.uk/hydrology/id/measures/29434d59-1597-4783-b0b6-9f9a821d30d8-flow-m-86400-m3s-qualified","2023-05-16T09:00:00","2023-05-16","2.627","Complete","Good",""
"http://environment.data.gov.uk/hydrology/id/measures/29434d59-1597-4783-b0b6-9f9a821d30d8-flow-m-86400-m3s-qualified","2023-05-17T09:00:00","2023-05-17","2.237","Complete","Good",""
"http://environment.data.gov.uk/hydrology/id/measures/29434d59-1597-4783-b0b6-9f9a821d30d8-flow-m-86400-m3s-qualified","2023-05-18T09:00:00","2023-05-18","2.268","Complete","Good",""
"http://environment.data.gov.uk/hydrology/id/measures/29434d59-1597-4783-b0b6-9f9a821d30d8-flow-m-86400-m3s-qualified","2023-05-19T09:00:00","2023-05-19","2.253","Complete","Good",""
"http://environment.data.gov.uk/hydrology/id/measures/29434d59-1597-4783-b0b6-9f9a821d30d8-flow-m-86400-m3s-qualified","2023-05-20T09:00:00","2023-05-20","2.192","Complete","Good",""
"http://environment.data.gov.uk/hydrology/id/measures/29434d59-1597-4783-b0b6-9f9a821d30d8-flow-m-86400-m3s-qualified","2023-05-21T09:00:00","2023-05-21","2.119","Complete","Good",""
"http://environment.data.gov.uk/hydrology/id/measures/29434d59-1597-4783-b0b6-9f9a821d30d8-flow-m-86400-m3s-qualified","2023-05-22T09:00:00","2023-05-22","2.035","Complete","Good",""
"http://environment.data.gov.uk/hydrology/id/measures/29434d59-1597-4783-b0b6-9f9a821d30d8-flow-m-86400-m3s-qualified","2023-05-23T09:00:00","2023-05-23","2.037","Complete","Good",""
"http://environment.data.gov.uk/hydrology/id/measures/29434d59-1597-4783-b0b6-9f9a821d30d8-flow-m-86400-m3s-qualified","2023-05-24T09:00:00","2023-05-24","2.014","Complete","Good",""
"http://environment.data.gov.uk/hydrology/id/measures/29434d59-1597-4783-b0b6-9f9a821d30d8-flow-m-86400-m3s-qualified","2023-05-25T09:00:00","2023-05-25","1.991","Complete","Good",""
"http://environment.data.gov.uk/hydrology/id/measures/29434d59-1597-4783-b0b6-9f9a821d30d8-flow-m-86400-m3s-qualified","2023-05-26T09:00:00","2023-05-26","1.829","Complete","Good",""
"http://environment.data.gov.uk/hydrology/id/measures/29434d59-1597-4783-b0b6-9f9a821d30d8-flow-m-86400-m3s-qualified","2023-05-27T09:00:00","2023-05-27","1.808","Complete","Good",""
"http://environment.data.gov.uk/hydrology/id/measures/29434d59-1597-4783-b0b6-9f9a821d30d8-flow-m-86400-m3s-qualified","2023-05-28T09:00:00","2023-05-28","1.798","Complete","Good",""
"http://environment.data.gov.uk/hydrology/id/measures/29434d59-1597-4783-b0b6-9f9a821d30d8-flow-m-86400-m3s-qualified","2023-05-29T09:00:00","2023-05-29","1.764","Complete","Good",""
"http://environment.data.gov.uk/hydrology/id/measures/29434d59-1597-4783-b0b6-9f9a821d30d8-flow-m-86400-m3s-qualified","2023-05-30T09:00:00","2023-05-30","1.704","Complete","Good",""
"http://environment.data.gov.uk/hydrology/id/measures/29434d59-1597-4783-b0b6-9f9a821d30d8-flow-m-86400-m3s-qualified","2023-05-31T09:00:00","2023-05-31","1.744","Complete","Good",""
"http://environment.data.gov.uk/hydrology/id/measures/29434d59-1597-4783-b0b6-9f9a821d30d8-flow-m-86400-m3s-qualified","2023-06-01T09:00:00","2023-06-01","1.663","Complete","Good",""
"http://environment.data.gov.uk/hydrology/id/measures/29434d59-1597-4783-b0b6-9f9a821d30d8-flow-m-86400-m3s-qualified","2023-06-02T09:00:00","2023-06-02","1.639","Complete","Good",""
"http://environment.data.gov.uk/hydrology/id/measures/29434d59-1597-4783-b0b6-9f9a821d30d8-flow-m-86400-m3s-qualified","2023-06-03T09:00:00","2023-06-03","1.581","Complete","Good",""
"http://environment.data.gov.uk/hydrology/id/measures/29434d59-1597-4783-b0b6-9f9a821d30d8-flow-m-86400-m3s-qualified","2023-06-04T09:00:00","2023-06-04","1.53","Complete","Good",""
"http://environment.data.gov.uk/hydrology/id/measures/29434d59-1597-4783-b0b6-9f9a821d30d8-flow-m-86400-m3s-qualified","2023-06-05T09:00:00","2023-06-05","1.362","Complete","Good",""
"http://environment.data.gov.uk/hydrology/id/measures/29434d59-1597-4783-b0b6-9f9a821d30d8-flow-m-86400-m3s-qualified","2023-06-06T09:00:00","2023-06-06","1.401","Complete","Good",""
"http://environment.data.gov.uk/hydrology/id/measures/29434d59-1597-4783-b0b6-9f9a821d30d8-flow-m-86400-m3s-qualified","2023-06-07T09:00:00","2023-06-07","1.46","Complete","Good",""
"http://environment.data.gov.uk/hydrology/id/measures/29434d59-1597-4783-b0b6-9f9a821d30d8-flow-m-86400-m3s-qualified","2023-06-08T09:00:00","2023-06-08","1.395","Complete","Good",""
"http://environment.data.gov.uk/hydrology/id/measures/29434d59-1597-4783-b0b6-9f9a821d30d8-flow-m-86400-m3s-qualified","2023-06-09T09:00:00","2023-06-09","1.364","Complete","Good",""
"http://environment.data.gov.uk/hydrology/id/measures/29434d59-1597-4783-b0b6-9f9a821d30d8-flow-m-86400-m3s-qualified","2023-06-10T09:00:00","2023-06-10","1.397","Complete","Good",""
"http://environment.data.gov.uk/hydrology/id/measures/29434d59-1597-4783-b0b6-9f9a821d30d8-flow-m-86400-m3s-qualified","2023-06-11T09:00:00","2023-06-11","1.462","Complete","Good",""
"http://environment.data.gov.uk/hydrology/id/measures/29434d59-1597-4783-b0b6-9f9a821d30d8-flow-m-86400-m3s-qualified","2023-06-12T09:00:00","2023-06-12","1.542","Complete","Good",""
"http://environment.data.gov.uk/hydrology/id/measures/29434d59-1597-4783-b0b6-9f9a821d30d8-flow-m-86400-m3s-qualified","2023-06-13T09:00:00","2023-06-13","1.278","Complete","Good",""
"http://environment.data.gov.uk/hydrology/id/measures/29434d59-1597-4783-b0b6-9f9a821d30d8-flow-m-86400-m3s-qualified","2023-06-14T09:00:00","2023-06-14","1.182","Complete","Good",""
"http://environment.data.gov.uk/hydrology/id/measures/29434d59-1597-4783-b0b6-9f9a821d30d8-flow-m-86400-m3s-qualified","2023-06-15T09:00:00","2023-06-15","1.169","Complete","Good",""
"http://environment.data.gov.uk/hydrology/id/measures/29434d59-1597-4783-b0b6-9f9a821d30d8-flow-m-86400-m3s-qualified","2023-06-16T09:00:00","2023-06-16","1.217","Complete","Good",""
"http://environment.data.gov.uk/hydrology/id/measures/29434d59-1597-4783-b0b6-9f9a821d30d8-flow-m-86400-m3s-qualified","2023-06-17T09:00:00","2023-06-17","1.348","Complete","Good",""
"http://environment.data.gov.uk/hydrology/id/measures/29434d59-1597-4783-b0b6-9f9a821d30d8-flow-m-86400-m3s-qualified","2023-06-18T09:00:00","2023-06-18","1.402","Complete","Good",""
"http://environment.data.gov.uk/hydrology/id/measures/29434d59-1597-4783-b0b6-9f9a821d30d8-flow-m-86400-m3s-qualified","2023-06-19T09:00:00","2023-06-19","1.331","Complete","Good",""
"http://environment.data.gov.uk/hydrology/id/measures/29434d59-1597-4783-b0b6-9f9a821d30d8-flow-m-86400-m3s-qualified","2023-06-20T09:00:00","2023-06-20","2.064","Complete","Good",""
"http://environment.data.gov.uk/hydrology/id/measures/29434d59-1597-4783-b0b6-9f9a821d30d8-flow-m-86400-m3s-qualified","2023-06-21T09:00:00","2023-06-21","1.308","Complete","Good",""
"http://environment.data.gov.uk/hydrology/id/measures/29434d59-1597-4783-b0b6-9f9a821d30d8-flow-m-86400-m3s-qualified","2023-06-22T09:00:00","2023-06-22","1.136","Complete","Good",""
"http://environment.data.gov.uk/hydrology/id/measures/29434d59-1597-4783-b0b6-9f9a821d30d8-flow-m-86400-m3s-qualified","2023-06-23T09:00:00","2023-06-23","1.128","Complete","Good",""
"http://environment.data.gov.uk/hydrology/id/measures/29434d59-1597-4783-b0b6-9f9a821d30d8-flow-m-86400-m3s-qualified","2023-06-24T09:00:00","2023-06-24","1.118","Complete","Good",""
"http://environment.data.gov.uk/hydrology/id/measures/29434d59-1597-4783-b0b6-9f9a821d30d8-flow-m-86400-m3s-qualified","2023-06-25T09:00:00","2023-06-25","1.179","Complete","Good",""
"http://environment.data.gov.uk/hydrology/id/measures/29434d59-1597-4783-b0b6-9f9a821d30d8-flow-m-86400-m3s-qualified","2023-06-26T09:00:00","2023-06-26","1.155","Complete","Good",""
"http://environment.data.gov.uk/hydrology/id/measures/29434d59-1597-4783-b0b6-9f9a821d30d8-flow-m-86400-m3s-qualified","2023-06-27T09:00:00","2023-06-27","0.916","Complete","Good",""
"http://environment.data.gov.uk/hydrology/id/measures/29434d59-1597-4783-b0b6-9f9a821d30d8-flow-m-86400-m3s-qualified","2023-06-28T09:00:00","2023-06-28","1.039","Complete","Good",""
"http://environment.data.gov.uk/hydrology/id/measures/29434d59-1597-4783-b0b6-9f9a821d30d8-flow-m-86400-m3s-qualified","2023-06-29T09:00:00","2023-06-29","1.007","Complete","Good",""
"http://environment.data.gov.uk/hydrology/id/measures/29434d59-1597-4783-b0b6-9f9a821d30d8-flow-m-86400-m3s-qualified","2023-06-30T09:00:00","2023-06-30","1.026","Complete","Good",""
"http://environment.data.gov.uk/hydrology/id/measures/29434d59-1597-4783-b0b6-9f9a821d30d8-flow-m-86400-m3s-qualified","2023-07-01T09:00:00","2023-07-01","1.012","Complete","Good",""
"http://environment.data.gov.uk/hydrology/id/measures/29434d59-1597-4783-b0b6-9f9a821d30d8-flow-m-86400-m3s-qualified","2023-07-02T09:00:00","2023-07-02","0.883","Complete","Good",""
"http://environment.data.gov.uk/hydrology/id/measures/29434d59-1597-4783-b0b6-9f9a821d30d8-flow-m-86400-m3s-qualified","2023-07-03T09:00:00","2023-07-03","0.931","Complete","Good",""
"http://environment.data.gov.uk/hydrology/id/measures/29434d59-1597-4783-b0b6-9f9a821d30d8-flow-m-86400-m3s-qualified","2023-07-04T09:00:00","2023-07-04","1.575","Complete","Good",""
"http://environment.data.gov.uk/hydrology/id/measures/29434d59-1597-4783-b0b6-9f9a821d30d8-flow-m-86400-m3s-qualified","2023-07-05T09:00:00","2023-07-05","1.416","Complete","Good",""
"http://environment.data.gov.uk/hydrology/id/measures/29434d59-1597-4783-b0b6-9f9a821d30d8-flow-m-86400-m3s-qualified","2023-07-06T09:00:00","2023-07-06","0.985","Complete","Good",""
"http://environment.data.gov.uk/hydrology/id/measures/29434d59-1597-4783-b0b6-9f9a821d30d8-flow-m-86400-m3s-qualified","2023-07-07T09:00:00","2023-07-07","0.928","Complete","Good",""
"http://environment.data.gov.uk/hydrology/id/measures/29434d59-1597-4783-b0b6-9f9a821d30d8-flow-m-86400-m3s-qualified","2023-07-08T09:00:00","2023-07-08","1.225","Complete","Good",""
"http://environment.data.gov.uk/hydrology/id/measures/29434d59-1597-4783-b0b6-9f9a821d30d8-flow-m-86400-m3s-qualified","2023-07-09T09:00:00","2023-07-09","1.106","Complete","Good",""
"http://environment.data.gov.uk/hydrology/id/measures/29434d59-1597-4783-b0b6-9f9a821d30d8-flow-m-86400-m3s-qualified","2023-07-10T09:00:00","2023-07-10","1.646","Complete","Good",""
"http://environment.data.gov.uk/hydrology/id/measures/29434d59-1597-4783-b0b6-9f9a821d30d8-flow-m-86400-m3s-qualified","2023-07-11T09:00:00","2023-07-11","2.008","Complete","Good",""
"http://environment.data.gov.uk/hydrology/id/measures/29434d59-1597-4783-b0b6-9f9a821d30d8-flow-m-86400-m3s-qualified","2023-07-12T09:00:00","2023-07-12","1.27","Complete","Good",""
"http://environment.data.gov.uk/hydrology/id/measures/29434d59-1597-4783-b0b6-9f9a821d30d8-flow-m-86400-m3s-qualified","2023-07-13T09:00:00","2023-07-13","1.248","Complete","Good",""
"http://environment.data.gov.uk/hydrology/id/measures/29434d59-1597-4783-b0b6-9f9a821d30d8-flow-m-86400-m3s-qualified","2023-07-14T09:00:00","2023-07-14","3.868","Complete","Good",""
"http://environment.data.gov.uk/hydrology/id/measures/29434d59-1597-4783-b0b6-9f9a821d30d8-flow-m-86400-m3s-qualified","2023-07-15T09:00:00","2023-07-15","2.548","Complete","Good",""
"http://environment.data.gov.uk/hydrology/id/measures/29434d59-1597-4783-b0b6-9f9a821d30d8-flow-m-86400-m3s-qualified","2023-07-16T09:00:00","2023-07-16","2.553","Complete","Good",""
"http://environment.data.gov.uk/hydrology/id/measures/29434d59-1597-4783-b0b6-9f9a821d30d8-flow-m-86400-m3s-qualified","2023-07-17T09:00:00","2023-07-17","1.896","Complete","Good",""
"http://environment.data.gov.uk/hydrology/id/measures/29434d59-1597-4783-b0b6-9f9a821d30d8-flow-m-86400-m3s-qualified","2023-07-18T09:00:00","2023-07-18","1.536","Complete","Good",""
"http://environment.data.gov.uk/hydrology/id/measures/29434d59-1597-4783-b0b6-9f9a821d30d8-flow-m-86400-m3s-qualified","2023-07-19T09:00:00","2023-07-19","1.352","Complete","Good",""
"http://environment.data.gov.uk/hydrology/id/measures/29434d59-1597-4783-b0b6-9f9a821d30d8-flow-m-86400-m3s-qualified","2023-07-20T09:00:00","2023-07-20","1.175","Complete","Good",""
"http://environment.data.gov.uk/hydrology/id/measures/29434d59-1597-4783-b0b6-9f9a821d30d8-flow-m-86400-m3s-qualified","2023-07-21T09:00:00","2023-07-21","1.073","Complete","Good",""
"http://environment.data.gov.uk/hydrology/id/measures/29434d59-1597-4783-b0b6-9f9a821d30d8-flow-m-86400-m3s-qualified","2023-07-22T09:00:00","2023-07-22","5.179","Complete","Good",""
"http://environment.data.gov.uk/hydrology/id/measures/29434d59-1597-4783-b0b6-9f9a821d30d8-flow-m-86400-m3s-qualified","2023-07-23T09:00:00","2023-07-23","5.085","Complete","Good",""
"http://environment.data.gov.uk/hydrology/id/measures/29434d59-1597-4783-b0b6-9f9a821d30d8-flow-m-86400-m3s-qualified","2023-07-24T09:00:00","2023-07-24","2.639","Complete","Good",""
"http://environment.data.gov.uk/hydrology/id/measures/29434d59-1597-4783-b0b6-9f9a821d30d8-flow-m-86400-m3s-qualified","2023-07-25T09:00:00","2023-07-25","1.906","Complete","Good",""
"http://environment.data.gov.uk/hydrology/id/measures/29434d59-1597-4783-b0b6-9f9a821d30d8-flow-m-86400-m3s-qualified","2023-07-26T09:00:00","2023-07-26","2.029","Complete","Good",""
"http://environment.data.gov.uk/hydrology/id/measures/29434d59-1597-4783-b0b6-9f9a821d30d8-flow-m-86400-m3s-qualified","2023-07-27T09:00:00","2023-07-27","3.718","Complete","Good",""
"http://environment.data.gov.uk/hydrology/id/measures/29434d59-1597-4783-b0b6-9f9a821d30d8-flow-m-86400-m3s-qualified","2023-07-28T09:00:00","2023-07-28","2.291","Complete","Good",""
"http://environment.data.gov.uk/hydrology/id/measures/29434d59-1597-4783-b0b6-9f9a821d30d8-flow-m-86400-m3s-qualified","2023-07-29T09:00:00","2023-07-29","1.717","Complete","Good",""
"http://environment.data.gov.uk/hydrology/id/measures/29434d59-1597-4783-b0b6-9f9a821d30d8-flow-m-86400-m3s-qualified","2023-07-30T09:00:00","2023-07-30","2.119","Complete","Good",""
"http://environment.data.gov.uk/hydrology/id/measures/29434d59-1597-4783-b0b6-9f9a821d30d8-flow-m-86400-m3s-qualified","2023-07-31T09:00:00","2023-07-31","2.85","Complete","Good",""
"http://environment.data.gov.uk/hydrology/id/measures/29434d59-1597-4783-b0b6-9f9a821d30d8-flow-m-86400-m3s-qualified","2023-08-01T09:00:00","2023-08-01","3.622","Complete","Good",""
"http://environment.data.gov.uk/hydrology/id/measures/29434d59-1597-4783-b0b6-9f9a821d30d8-flow-m-86400-m3s-qualified","2023-08-02T09:00:00","2023-08-02","11.604","Complete","Good",""
"http://environment.data.gov.uk/hydrology/id/measures/29434d59-1597-4783-b0b6-9f9a821d30d8-flow-m-86400-m3s-qualified","2023-08-03T09:00:00","2023-08-03","7.069","Complete","Good",""
"http://environment.data.gov.uk/hydrology/id/measures/29434d59-1597-4783-b0b6-9f9a821d30d8-flow-m-86400-m3s-qualified","2023-08-04T09:00:00","2023-08-04","4.102","Complete","Good",""
"http://environment.data.gov.uk/hydrology/id/measures/29434d59-1597-4783-b0b6-9f9a821d30d8-flow-m-86400-m3s-qualified","2023-08-05T09:00:00","2023-08-05","5.576","Complete","Good",""
"http://environment.data.gov.uk/hydrology/id/measures/29434d59-1597-4783-b0b6-9f9a821d30d8-flow-m-86400-m3s-qualified","2023-08-06T09:00:00","2023-08-06","4.653","Complete","Good",""
"http://environment.data.gov.uk/hydrology/id/measures/29434d59-1597-4783-b0b6-9f9a821d30d8-flow-m-86400-m3s-qualified","2023-08-07T09:00:00","2023-08-07","3.604","Complete","Good",""
"http://environment.data.gov.uk/hydrology/id/measures/29434d59-1597-4783-b0b6-9f9a821d30d8-flow-m-86400-m3s-qualified","2023-08-08T09:00:00","2023-08-08","2.993","Complete","Good",""
"http://environment.data.gov.uk/hydrology/id/measures/29434d59-1597-4783-b0b6-9f9a821d30d8-flow-m-86400-m3s-qualified","2023-08-09T09:00:00","2023-08-09","2.702","Complete","Good",""
"http://environment.data.gov.uk/hydrology/id/measures/29434d59-1597-4783-b0b6-9f9a821d30d8-flow-m-86400-m3s-qualified","2023-08-10T09:00:00","2023-08-10","2.415","Complete","Good",""
"http://environment.data.gov.uk/hydrology/id/measures/29434d59-1597-4783-b0b6-9f9a821d30d8-flow-m-86400-m3s-qualified","2023-08-11T09:00:00","2023-08-11","2.166","Complete","Good",""
"http://environment.data.gov.uk/hydrology/id/measures/29434d59-1597-4783-b0b6-9f9a821d30d8-flow-m-86400-m3s-qualified","2023-08-12T09:00:00","2023-08-12","2.038","Complete","Good",""
"http://environment.data.gov.uk/hydrology/id/measures/29434d59-1597-4783-b0b6-9f9a821d30d8-flow-m-86400-m3s-qualified","2023-08-13T09:00:00","2023-08-13","1.938","Complete","Good",""
"http://environment.data.gov.uk/hydrology/id/measures/29434d59-1597-4783-b0b6-9f9a821d30d8-flow-m-86400-m3s-qualified","2023-08-14T09:00:00","2023-08-14","2.916","Complete","Good",""
"http://environment.data.gov.uk/hydrology/id/measures/29434d59-1597-4783-b0b6-9f9a821d30d8-flow-m-86400-m3s-qualified","2023-08-15T09:00:00","2023-08-15","2.062","Complete","Good",""
"http://environment.data.gov.uk/hydrology/id/measures/29434d59-1597-4783-b0b6-9f9a821d30d8-flow-m-86400-m3s-qualified","2023-08-16T09:00:00","2023-08-16","2.021","Complete","Good",""
"http://environment.data.gov.uk/hydrology/id/measures/29434d59-1597-4783-b0b6-9f9a821d30d8-flow-m-86400-m3s-qualified","2023-08-17T09:00:00","2023-08-17","2.102","Complete","Good",""
"http://environment.data.gov.uk/hydrology/id/measures/29434d59-1597-4783-b0b6-9f9a821d30d8-flow-m-86400-m3s-qualified","2023-08-18T09:00:00","2023-08-18","2.171","Complete","Good",""
"http://environment.data.gov.uk/hydrology/id/measures/29434d59-1597-4783-b0b6-9f9a821d30d8-flow-m-86400-m3s-qualified","2023-08-19T09:00:00","2023-08-19","1.803","Complete","Good",""
"http://environment.data.gov.uk/hydrology/id/measures/29434d59-1597-4783-b0b6-9f9a821d30d8-flow-m-86400-m3s-qualified","2023-08-20T09:00:00","2023-08-20","1.708","Complete","Good",""
"http://environment.data.gov.uk/hydrology/id/measures/29434d59-1597-4783-b0b6-9f9a821d30d8-flow-m-86400-m3s-qualified","2023-08-21T09:00:00","2023-08-21","1.755","Complete","Good",""
"http://environment.data.gov.uk/hydrology/id/measures/29434d59-1597-4783-b0b6-9f9a821d30d8-flow-m-86400-m3s-qualified","2023-08-22T09:00:00","2023-08-22","1.711","Complete","Good",""
"http://environment.data.gov.uk/hydrology/id/measures/29434d59-1597-4783-b0b6-9f9a821d30d8-flow-m-86400-m3s-qualified","2023-08-23T09:00:00","2023-08-23","1.59","Complete","Good",""
"http://environment.data.gov.uk/hydrology/id/measures/29434d59-1597-4783-b0b6-9f9a821d30d8-flow-m-86400-m3s-qualified","2023-08-24T09:00:00","2023-08-24","1.678","Complete","Good",""
"http://environment.data.gov.uk/hydrology/id/measures/29434d59-1597-4783-b0b6-9f9a821d30d8-flow-m-86400-m3s-qualified","2023-08-25T09:00:00","2023-08-25","1.614","Complete","Good",""
"http://environment.data.gov.uk/hydrology/id/measures/29434d59-1597-4783-b0b6-9f9a821d30d8-flow-m-86400-m3s-qualified","2023-08-26T09:00:00","2023-08-26","1.528","Complete","Good",""
"http://environment.data.gov.uk/hydrology/id/measures/29434d59-1597-4783-b0b6-9f9a821d30d8-flow-m-86400-m3s-qualified","2023-08-27T09:00:00","2023-08-27","1.525","Complete","Good",""
"http://environment.data.gov.uk/hydrology/id/measures/29434d59-1597-4783-b0b6-9f9a821d30d8-flow-m-86400-m3s-qualified","2023-08-28T09:00:00","2023-08-28","1.502","Complete","Good",""
"http://environment.data.gov.uk/hydrology/id/measures/29434d59-1597-4783-b0b6-9f9a821d30d8-flow-m-86400-m3s-qualified","2023-08-29T09:00:00","2023-08-29","1.451","Complete","Good",""
"http://environment.data.gov.uk/hydrology/id/measures/29434d59-1597-4783-b0b6-9f9a821d30d8-flow-m-86400-m3s-qualified","2023-08-30T09:00:00","2023-08-30","1.364","Complete","Good",""
"http://environment.data.gov.uk/hydrology/id/measures/29434d59-1597-4783-b0b6-9f9a821d30d8-flow-m-86400-m3s-qualified","2023-08-31T09:00:00","2023-08-31","1.362","Complete","Good",""
"http://environment.data.gov.uk/hydrology/id/measures/29434d59-1597-4783-b0b6-9f9a821d30d8-flow-m-86400-m3s-qualified","2023-09-01T09:00:00","2023-09-01","1.86","Complete","Good",""
"http://environment.data.gov.uk/hydrology/id/measures/29434d59-1597-4783-b0b6-9f9a821d30d8-flow-m-86400-m3s-qualified","2023-09-02T09:00:00","2023-09-02","1.41","Complete","Good",""
"http://environment.data.gov.uk/hydrology/id/measures/29434d59-1597-4783-b0b6-9f9a821d30d8-flow-m-86400-m3s-qualified","2023-09-03T09:00:00","2023-09-03","1.233","Complete","Good",""
"http://environment.data.gov.uk/hydrology/id/measures/29434d59-1597-4783-b0b6-9f9a821d30d8-flow-m-86400-m3s-qualified","2023-09-04T09:00:00","2023-09-04","1.192","Complete","Good",""
"http://environment.data.gov.uk/hydrology/id/measures/29434d59-1597-4783-b0b6-9f9a821d30d8-flow-m-86400-m3s-qualified","2023-09-05T09:00:00","2023-09-05","1.165","Complete","Good",""
"http://environment.data.gov.uk/hydrology/id/measures/29434d59-1597-4783-b0b6-9f9a821d30d8-flow-m-86400-m3s-qualified","2023-09-06T09:00:00","2023-09-06","1.175","Complete","Good",""
"http://environment.data.gov.uk/hydrology/id/measures/29434d59-1597-4783-b0b6-9f9a821d30d8-flow-m-86400-m3s-qualified","2023-09-07T09:00:00","2023-09-07","1.215","Complete","Good",""
"http://environment.data.gov.uk/hydrology/id/measures/29434d59-1597-4783-b0b6-9f9a821d30d8-flow-m-86400-m3s-qualified","2023-09-08T09:00:00","2023-09-08","1.189","Complete","Good",""
"http://environment.data.gov.uk/hydrology/id/measures/29434d59-1597-4783-b0b6-9f9a821d30d8-flow-m-86400-m3s-qualified","2023-09-09T09:00:00","2023-09-09","1.146","Complete","Good",""
"http://environment.data.gov.uk/hydrology/id/measures/29434d59-1597-4783-b0b6-9f9a821d30d8-flow-m-86400-m3s-qualified","2023-09-10T09:00:00","2023-09-10","1.225","Complete","Good",""
"http://environment.data.gov.uk/hydrology/id/measures/29434d59-1597-4783-b0b6-9f9a821d30d8-flow-m-86400-m3s-qualified","2023-09-11T09:00:00","2023-09-11","1.124","Complete","Good",""
"http://environment.data.gov.uk/hydrology/id/measures/29434d59-1597-4783-b0b6-9f9a821d30d8-flow-m-86400-m3s-qualified","2023-09-12T09:00:00","2023-09-12","1.381","Complete","Good",""
"http://environment.data.gov.uk/hydrology/id/measures/29434d59-1597-4783-b0b6-9f9a821d30d8-flow-m-86400-m3s-qualified","2023-09-13T09:00:00","2023-09-13","1.012","Complete","Good",""
"http://environment.data.gov.uk/hydrology/id/measures/29434d59-1597-4783-b0b6-9f9a821d30d8-flow-m-86400-m3s-qualified","2023-09-14T09:00:00","2023-09-14","1.104","Complete","Good",""
"http://environment.data.gov.uk/hydrology/id/measures/29434d59-1597-4783-b0b6-9f9a821d30d8-flow-m-86400-m3s-qualified","2023-09-15T09:00:00","2023-09-15","1.059","Complete","Good",""
"http://environment.data.gov.uk/hydrology/id/measures/29434d59-1597-4783-b0b6-9f9a821d30d8-flow-m-86400-m3s-qualified","2023-09-16T09:00:00","2023-09-16","1.142","Complete","Good",""
"http://environment.data.gov.uk/hydrology/id/measures/29434d59-1597-4783-b0b6-9f9a821d30d8-flow-m-86400-m3s-qualified","2023-09-17T09:00:00","2023-09-17","1.774","Complete","Good",""
"http://environment.data.gov.uk/hydrology/id/measures/29434d59-1597-4783-b0b6-9f9a821d30d8-flow-m-86400-m3s-qualified","2023-09-18T09:00:00","2023-09-18","1.418","Complete","Good",""
"http://environment.data.gov.uk/hydrology/id/measures/29434d59-1597-4783-b0b6-9f9a821d30d8-flow-m-86400-m3s-qualified","2023-09-19T09:00:00","2023-09-19","1.335","Complete","Good",""
"http://environment.data.gov.uk/hydrology/id/measures/29434d59-1597-4783-b0b6-9f9a821d30d8-flow-m-86400-m3s-qualified","2023-09-20T09:00:00","2023-09-20","3.301","Complete","Good",""
"http://environment.data.gov.uk/hydrology/id/measures/29434d59-1597-4783-b0b6-9f9a821d30d8-flow-m-86400-m3s-qualified","2023-09-21T09:00:00","2023-09-21","2.925","Complete","Good",""
"http://environment.data.gov.uk/hydrology/id/measures/29434d59-1597-4783-b0b6-9f9a821d30d8-flow-m-86400-m3s-qualified","2023-09-22T09:00:00","2023-09-22","2.135","Complete","Good",""
"http://environment.data.gov.uk/hydrology/id/measures/29434d59-1597-4783-b0b6-9f9a821d30d8-flow-m-86400-m3s-qualified","2023-09-23T09:00:00","2023-09-23","1.742","Complete","Good",""
"http://environment.data.gov.uk/hydrology/id/measures/29434d59-1597-4783-b0b6-9f9a821d30d8-flow-m-86400-m3s-qualified","2023-09-24T09:00:00","2023-09-24","1.578","Complete","Good",""
"http://environment.data.gov.uk/hydrology/id/measures/29434d59-1597-4783-b0b6-9f9a821d30d8-flow-m-86400-m3s-qualified","2023-09-25T09:00:00","2023-09-25","1.575","Complete","Good",""
"http://environment.data.gov.uk/hydrology/id/measures/29434d59-1597-4783-b0b6-9f9a821d30d8-flow-m-86400-m3s-qualified","2023-09-26T09:00:00","2023-09-26","2.278","Complete","Good",""
"http://environment.data.gov.uk/hydrology/id/measures/29434d59-1597-4783-b0b6-9f9a821d30d8-flow-m-86400-m3s-qualified","2023-09-27T09:00:00","2023-09-27","1.87","Complete","Good",""
"http://environment.data.gov.uk/hydrology/id/measures/29434d59-1597-4783-b0b6-9f9a821d30d8-flow-m-86400-m3s-qualified","2023-09-28T09:00:00","2023-09-28","1.723","Complete","Good",""
"http://environment.data.gov.uk/hydrology/id/measures/29434d59-1597-4783-b0b6-9f9a821d30d8-flow-m-86400-m3s-qualified","2023-09-29T09:00:00","2023-09-29","2.053","Complete","Good",""
"http://environment.data.gov.uk/hydrology/id/measures/29434d59-1597-4783-b0b6-9f9a821d30d8-flow-m-86400-m3s-qualified","2023-09-30T09:00:00","2023-09-30","1.761","Complete","Good",""
"http://environment.data.gov.uk/hydrology/id/measures/29434d59-1597-4783-b0b6-9f9a821d30d8-flow-m-86400-m3s-qualified","2023-10-01T09:00:00","2023-10-01","1.414","Complete","Good",""
"http://environment.data.gov.uk/hydrology/id/measures/29434d59-1597-4783-b0b6-9f9a821d30d8-flow-m-86400-m3s-qualified","2023-10-02T09:00:00","2023-10-02","1.509","Complete","Good",""
"http://environment.data.gov.uk/hydrology/id/measures/29434d59-1597-4783-b0b6-9f9a821d30d8-flow-m-86400-m3s-qualified","2023-10-03T09:00:00","2023-10-03","1.518","Complete","Good",""
"http://environment.data.gov.uk/hydrology/id/measures/29434d59-1597-4783-b0b6-9f9a821d30d8-flow-m-86400-m3s-qualified","2023-10-04T09:00:00","2023-10-04","1.426","Complete","Good",""
"http://environment.data.gov.uk/hydrology/id/measures/29434d59-1597-4783-b0b6-9f9a821d30d8-flow-m-86400-m3s-qualified","2023-10-05T09:00:00","2023-10-05","1.276","Complete","Good",""
"http://environment.data.gov.uk/hydrology/id/measures/29434d59-1597-4783-b0b6-9f9a821d30d8-flow-m-86400-m3s-qualified","2023-10-06T09:00:00","2023-10-06","1.233","Complete","Good",""
"http://environment.data.gov.uk/hydrology/id/measures/29434d59-1597-4783-b0b6-9f9a821d30d8-flow-m-86400-m3s-qualified","2023-10-07T09:00:00","2023-10-07","1.31","Complete","Good",""
"http://environment.data.gov.uk/hydrology/id/measures/29434d59-1597-4783-b0b6-9f9a821d30d8-flow-m-86400-m3s-qualified","2023-10-08T09:00:00","2023-10-08","1.282","Complete","Good",""
"http://environment.data.gov.uk/hydrology/id/measures/29434d59-1597-4783-b0b6-9f9a821d30d8-flow-m-86400-m3s-qualified","2023-10-09T09:00:00","2023-10-09","1.114","Complete","Good",""
"http://environment.data.gov.uk/hydrology/id/measures/29434d59-1597-4783-b0b6-9f9a821d30d8-flow-m-86400-m3s-qualified","2023-10-10T09:00:00","2023-10-10","1.152","Complete","Good",""
"http://environment.data.gov.uk/hydrology/id/measures/29434d59-1597-4783-b0b6-9f9a821d30d8-flow-m-86400-m3s-qualified","2023-10-11T09:00:00","2023-10-11","1.33","Complete","Good",""
"http://environment.data.gov.uk/hydrology/id/measures/29434d59-1597-4783-b0b6-9f9a821d30d8-flow-m-86400-m3s-qualified","2023-10-12T09:00:00","2023-10-12","3.4","Complete","Good",""
"http://environment.data.gov.uk/hydrology/id/measures/29434d59-1597-4783-b0b6-9f9a821d30d8-flow-m-86400-m3s-qualified","2023-10-13T09:00:00","2023-10-13","12.936","Complete","Good",""
"http://environment.data.gov.uk/hydrology/id/measures/29434d59-1597-4783-b0b6-9f9a821d30d8-flow-m-86400-m3s-qualified","2023-10-14T09:00:00","2023-10-14","6.216","Complete","Good",""
"http://environment.data.gov.uk/hydrology/id/measures/29434d59-1597-4783-b0b6-9f9a821d30d8-flow-m-86400-m3s-qualified","2023-10-15T09:00:00","2023-10-15","3.685","Complete","Good",""
"http://environment.data.gov.uk/hydrology/id/measures/29434d59-1597-4783-b0b6-9f9a821d30d8-flow-m-86400-m3s-qualified","2023-10-16T09:00:00","2023-10-16","2.991","Complete","Good",""
"http://environment.data.gov.uk/hydrology/id/measures/29434d59-1597-4783-b0b6-9f9a821d30d8-flow-m-86400-m3s-qualified","2023-10-17T09:00:00","2023-10-17","2.615","Complete","Good",""
"http://environment.data.gov.uk/hydrology/id/measures/29434d59-1597-4783-b0b6-9f9a821d30d8-flow-m-86400-m3s-qualified","2023-10-18T09:00:00","2023-10-18","9.496","Complete","Good",""
"http://environment.data.gov.uk/hydrology/id/measures/29434d59-1597-4783-b0b6-9f9a821d30d8-flow-m-86400-m3s-qualified","2023-10-19T09:00:00","2023-10-19","14.277","Complete","Good",""
"http://environment.data.gov.uk/hydrology/id/measures/29434d59-1597-4783-b0b6-9f9a821d30d8-flow-m-86400-m3s-qualified","2023-10-20T09:00:00","2023-10-20","8.353","Complete","Good",""
"http://environment.data.gov.uk/hydrology/id/measures/29434d59-1597-4783-b0b6-9f9a821d30d8-flow-m-86400-m3s-qualified","2023-10-21T09:00:00","2023-10-21","5.367","Complete","Good",""
"http://environment.data.gov.uk/hydrology/id/measures/29434d59-1597-4783-b0b6-9f9a821d30d8-flow-m-86400-m3s-qualified","2023-10-22T09:00:00","2023-10-22","4.116","Complete","Good",""
"http://environment.data.gov.uk/hydrology/id/measures/29434d59-1597-4783-b0b6-9f9a821d30d8-flow-m-86400-m3s-qualified","2023-10-23T09:00:00","2023-10-23","3.708","Complete","Good",""
"http://environment.data.gov.uk/hydrology/id/measures/29434d59-1597-4783-b0b6-9f9a821d30d8-flow-m-86400-m3s-qualified","2023-10-24T09:00:00","2023-10-24","5.826","Complete","Good",""
"http://environment.data.gov.uk/hydrology/id/measures/29434d59-1597-4783-b0b6-9f9a821d30d8-flow-m-86400-m3s-qualified","2023-10-25T09:00:00","2023-10-25","17.185","Complete","Good",""
"http://environment.data.gov.uk/hydrology/id/measures/29434d59-1597-4783-b0b6-9f9a821d30d8-flow-m-86400-m3s-qualified","2023-10-26T09:00:00","2023-10-26","7.556","Complete","Good",""
"http://environment.data.gov.uk/hydrology/id/measures/29434d59-1597-4783-b0b6-9f9a821d30d8-flow-m-86400-m3s-qualified","2023-10-27T09:00:00","2023-10-27","5.962","Complete","Good",""
"http://environment.data.gov.uk/hydrology/id/measures/29434d59-1597-4783-b0b6-9f9a821d30d8-flow-m-86400-m3s-qualified","2023-10-28T09:00:00","2023-10-28","20.948","Complete","Good",""
"http://environment.data.gov.uk/hydrology/id/measures/29434d59-1597-4783-b0b6-9f9a821d30d8-flow-m-86400-m3s-qualified","2023-10-29T09:00:00","2023-10-29","12.312","Complete","Good",""
"http://environment.data.gov.uk/hydrology/id/measures/29434d59-1597-4783-b0b6-9f9a821d30d8-flow-m-86400-m3s-qualified","2023-10-30T09:00:00","2023-10-30","8.798","Complete","Good",""
"http://environment.data.gov.uk/hydrology/id/measures/29434d59-1597-4783-b0b6-9f9a821d30d8-flow-m-86400-m3s-qualified","2023-10-31T09:00:00","2023-10-31","9.276","Complete","Good",""
"http://environment.data.gov.uk/hydrology/id/measures/29434d59-1597-4783-b0b6-9f9a821d30d8-flow-m-86400-m3s-qualified","2023-11-01T09:00:00","2023-11-01","17.366","Complete","Good",""
"http://environment.data.gov.uk/hydrology/id/measures/29434d59-1597-4783-b0b6-9f9a821d30d8-flow-m-86400-m3s-qualified","2023-11-02T09:00:00","2023-11-02","30.842","Complete","Good",""
"http://environment.data.gov.uk/hydrology/id/measures/29434d59-1597-4783-b0b6-9f9a821d30d8-flow-m-86400-m3s-qualified","2023-11-03T09:00:00","2023-11-03","11.568","Complete","Good",""
"http://environment.data.gov.uk/hydrology/id/measures/29434d59-1597-4783-b0b6-9f9a821d30d8-flow-m-86400-m3s-qualified","2023-11-04T09:00:00","2023-11-04","16.704","Complete","Good",""
"http://environment.data.gov.uk/hydrology/id/measures/29434d59-1597-4783-b0b6-9f9a821d30d8-flow-m-86400-m3s-qualified","2023-11-05T09:00:00","2023-11-05","9.022","Complete","Good",""
"http://environment.data.gov.uk/hydrology/id/measures/29434d59-1597-4783-b0b6-9f9a821d30d8-flow-m-86400-m3s-qualified","2023-11-06T09:00:00","2023-11-06","7.97","Complete","Good",""
"http://environment.data.gov.uk/hydrology/id/measures/29434d59-1597-4783-b0b6-9f9a821d30d8-flow-m-86400-m3s-qualified","2023-11-07T09:00:00","2023-11-07","6.921","Complete","Good",""
"http://environment.data.gov.uk/hydrology/id/measures/29434d59-1597-4783-b0b6-9f9a821d30d8-flow-m-86400-m3s-qualified","2023-11-08T09:00:00","2023-11-08","13.036","Complete","Good",""
"http://environment.data.gov.uk/hydrology/id/measures/29434d59-1597-4783-b0b6-9f9a821d30d8-flow-m-86400-m3s-qualified","2023-11-09T09:00:00","2023-11-09","13.292","Complete","Good",""
"http://environment.data.gov.uk/hydrology/id/measures/29434d59-1597-4783-b0b6-9f9a821d30d8-flow-m-86400-m3s-qualified","2023-11-10T09:00:00","2023-11-10","27.639","Complete","Good",""
"http://environment.data.gov.uk/hydrology/id/measures/29434d59-1597-4783-b0b6-9f9a821d30d8-flow-m-86400-m3s-qualified","2023-11-11T09:00:00","2023-11-11","10.874","Complete","Good",""
"http://environment.data.gov.uk/hydrology/id/measures/29434d59-1597-4783-b0b6-9f9a821d30d8-flow-m-86400-m3s-qualified","2023-11-12T09:00:00","2023-11-12","9.469","Complete","Good",""
"http://environment.data.gov.uk/hydrology/id/measures/29434d59-1597-4783-b0b6-9f9a821d30d8-flow-m-86400-m3s-qualified","2023-11-13T09:00:00","2023-11-13","14.097","Complete","Good",""
"http://environment.data.gov.uk/hydrology/id/measures/29434d59-1597-4783-b0b6-9f9a821d30d8-flow-m-86400-m3s-qualified","2023-11-14T09:00:00","2023-11-14","13.305","Complete","Good",""
"http://environment.data.gov.uk/hydrology/id/measures/29434d59-1597-4783-b0b6-9f9a821d30d8-flow-m-86400-m3s-qualified","2023-11-15T09:00:00","2023-11-15","14.025","Complete","Good",""
"http://environment.data.gov.uk/hydrology/id/measures/29434d59-1597-4783-b0b6-9f9a821d30d8-flow-m-86400-m3s-qualified","2023-11-16T09:00:00","2023-11-16","10.987","Complete","Good",""
"http://environment.data.gov.uk/hydrology/id/measures/29434d59-1597-4783-b0b6-9f9a821d30d8-flow-m-86400-m3s-qualified","2023-11-17T09:00:00","2023-11-17","9.904","Complete","Good",""
"http://environment.data.gov.uk/hydrology/id/measures/29434d59-1597-4783-b0b6-9f9a821d30d8-flow-m-86400-m3s-qualified","2023-11-18T09:00:00","2023-11-18","11.97","Complete","Good",""
"http://environment.data.gov.uk/hydrology/id/measures/29434d59-1597-4783-b0b6-9f9a821d30d8-flow-m-86400-m3s-qualified","2023-11-19T09:00:00","2023-11-19","8.486","Complete","Good",""
"http://environment.data.gov.uk/hydrology/id/measures/29434d59-1597-4783-b0b6-9f9a821d30d8-flow-m-86400-m3s-qualified","2023-11-20T09:00:00","2023-11-20","8.974","Complete","Good",""
"http://environment.data.gov.uk/hydrology/id/measures/29434d59-1597-4783-b0b6-9f9a821d30d8-flow-m-86400-m3s-qualified","2023-11-21T09:00:00","2023-11-21","7.198","Complete","Good",""
"http://environment.data.gov.uk/hydrology/id/measures/29434d59-1597-4783-b0b6-9f9a821d30d8-flow-m-86400-m3s-qualified","2023-11-22T09:00:00","2023-11-22","6.254","Complete","Good",""
"http://environment.data.gov.uk/hydrology/id/measures/29434d59-1597-4783-b0b6-9f9a821d30d8-flow-m-86400-m3s-qualified","2023-11-23T09:00:00","2023-11-23","5.637","Complete","Good",""
"http://environment.data.gov.uk/hydrology/id/measures/29434d59-1597-4783-b0b6-9f9a821d30d8-flow-m-86400-m3s-qualified","2023-11-24T09:00:00","2023-11-24","5.085","Complete","Good",""
"http://environment.data.gov.uk/hydrology/id/measures/29434d59-1597-4783-b0b6-9f9a821d30d8-flow-m-86400-m3s-qualified","2023-11-25T09:00:00","2023-11-25","4.569","Complete","Good",""
"http://environment.data.gov.uk/hydrology/id/measures/29434d59-1597-4783-b0b6-9f9a821d30d8-flow-m-86400-m3s-qualified","2023-11-26T09:00:00","2023-11-26","4.675","Complete","Good",""
"http://environment.data.gov.uk/hydrology/id/measures/29434d59-1597-4783-b0b6-9f9a821d30d8-flow-m-86400-m3s-qualified","2023-11-27T09:00:00","2023-11-27","6.077","Complete","Good",""
"http://environment.data.gov.uk/hydrology/id/measures/29434d59-1597-4783-b0b6-9f9a821d30d8-flow-m-86400-m3s-qualified","2023-11-28T09:00:00","2023-11-28","5.244","Complete","Good",""
"http://environment.data.gov.uk/hydrology/id/measures/29434d59-1597-4783-b0b6-9f9a821d30d8-flow-m-86400-m3s-qualified","2023-11-29T09:00:00","2023-11-29","4.555","Complete","Good",""
"http://environment.data.gov.uk/hydrology/id/measures/29434d59-1597-4783-b0b6-9f9a821d30d8-flow-m-86400-m3s-qualified","2023-11-30T09:00:00","2023-11-30","4.152","Complete","Good",""
"http://environment.data.gov.uk/hydrology/id/measures/29434d59-1597-4783-b0b6-9f9a821d30d8-flow-m-86400-m3s-qualified","2023-12-01T09:00:00","2023-12-01","3.712","Complete","Good",""
"http://environment.data.gov.uk/hydrology/id/measures/29434d59-1597-4783-b0b6-9f9a821d30d8-flow-m-86400-m3s-qualified","2023-12-02T09:00:00","2023-12-02","3.628","Complete","Good",""
"http://environment.data.gov.uk/hydrology/id/measures/29434d59-1597-4783-b0b6-9f9a821d30d8-flow-m-86400-m3s-qualified","2023-12-03T09:00:00","2023-12-03","7.168","Complete","Good",""
"http://environment.data.gov.uk/hydrology/id/measures/29434d59-1597-4783-b0b6-9f9a821d30d8-flow-m-86400-m3s-qualified","2023-12-04T09:00:00","2023-12-04","36.908","Complete","Good",""
"http://environment.data.gov.uk/hydrology/id/measures/29434d59-1597-4783-b0b6-9f9a821d30d8-flow-m-86400-m3s-qualified","2023-12-05T09:00:00","2023-12-05","15.415","Complete","Good",""
"http://environment.data.gov.uk/hydrology/id/measures/29434d59-1597-4783-b0b6-9f9a821d30d8-flow-m-86400-m3s-qualified","2023-12-06T09:00:00","2023-12-06","9.094","Complete","Good",""
"http://environment.data.gov.uk/hydrology/id/measures/29434d59-1597-4783-b0b6-9f9a821d30d8-flow-m-86400-m3s-qualified","2023-12-07T09:00:00","2023-12-07","11.378","Complete","Good",""
"http://environment.data.gov.uk/hydrology/id/measures/29434d59-1597-4783-b0b6-9f9a821d30d8-flow-m-86400-m3s-qualified","2023-12-08T09:00:00","2023-12-08","9.587","Complete","Good",""
"http://environment.data.gov.uk/hydrology/id/measures/29434d59-1597-4783-b0b6-9f9a821d30d8-flow-m-86400-m3s-qualified","2023-12-09T09:00:00","2023-12-09","23.334","Complete","Good",""
"http://environment.data.gov.uk/hydrology/id/measures/29434d59-1597-4783-b0b6-9f9a821d30d8-flow-m-86400-m3s-qualified","2023-12-10T09:00:00","2023-12-10","11.489","Complete","Good",""
"http://environment.data.gov.uk/hydrology/id/measures/29434d59-1597-4783-b0b6-9f9a821d30d8-flow-m-86400-m3s-qualified","2023-12-11T09:00:00","2023-12-11","10.898","Complete","Good",""
"http://environment.data.gov.uk/hydrology/id/measures/29434d59-1597-4783-b0b6-9f9a821d30d8-flow-m-86400-m3s-qualified","2023-12-12T09:00:00","2023-12-12","18.21","Complete","Good",""
"http://environment.data.gov.uk/hydrology/id/measures/29434d59-1597-4783-b0b6-9f9a821d30d8-flow-m-86400-m3s-qualified","2023-12-13T09:00:00","2023-12-13","8.991","Complete","Good",""
"http://environment.data.gov.uk/hydrology/id/measures/29434d59-1597-4783-b0b6-9f9a821d30d8-flow-m-86400-m3s-qualified","2023-12-14T09:00:00","2023-12-14","7.068","Complete","Good",""
"http://environment.data.gov.uk/hydrology/id/measures/29434d59-1597-4783-b0b6-9f9a821d30d8-flow-m-86400-m3s-qualified","2023-12-15T09:00:00","2023-12-15","6.163","Complete","Good",""
"http://environment.data.gov.uk/hydrology/id/measures/29434d59-1597-4783-b0b6-9f9a821d30d8-flow-m-86400-m3s-qualified","2023-12-16T09:00:00","2023-12-16","5.58","Complete","Good",""
"http://environment.data.gov.uk/hydrology/id/measures/29434d59-1597-4783-b0b6-9f9a821d30d8-flow-m-86400-m3s-qualified","2023-12-17T09:00:00","2023-12-17","5.202","Complete","Good",""
"http://environment.data.gov.uk/hydrology/id/measures/29434d59-1597-4783-b0b6-9f9a821d30d8-flow-m-86400-m3s-qualified","2023-12-18T09:00:00","2023-12-18","4.869","Complete","Good",""
"http://environment.data.gov.uk/hydrology/id/measures/29434d59-1597-4783-b0b6-9f9a821d30d8-flow-m-86400-m3s-qualified","2023-12-19T09:00:00","2023-12-19","12.916","Complete","Good",""
"http://environment.data.gov.uk/hydrology/id/measures/29434d59-1597-4783-b0b6-9f9a821d30d8-flow-m-86400-m3s-qualified","2023-12-20T09:00:00","2023-12-20","7.508","Complete","Good",""
"http://environment.data.gov.uk/hydrology/id/measures/29434d59-1597-4783-b0b6-9f9a821d30d8-flow-m-86400-m3s-qualified","2023-12-21T09:00:00","2023-12-21","6.049","Complete","Good",""
"http://environment.data.gov.uk/hydrology/id/measures/29434d59-1597-4783-b0b6-9f9a821d30d8-flow-m-86400-m3s-qualified","2023-12-22T09:00:00","2023-12-22","5.213","Complete","Good",""
"http://environment.data.gov.uk/hydrology/id/measures/29434d59-1597-4783-b0b6-9f9a821d30d8-flow-m-86400-m3s-qualified","2023-12-23T09:00:00","2023-12-23","4.833","Complete","Good",""
"http://environment.data.gov.uk/hydrology/id/measures/29434d59-1597-4783-b0b6-9f9a821d30d8-flow-m-86400-m3s-qualified","2023-12-24T09:00:00","2023-12-24","9.773","Complete","Good",""
"http://environment.data.gov.uk/hydrology/id/measures/29434d59-1597-4783-b0b6-9f9a821d30d8-flow-m-86400-m3s-qualified","2023-12-25T09:00:00","2023-12-25","17.191","Complete","Good",""
"http://environment.data.gov.uk/hydrology/id/measures/29434d59-1597-4783-b0b6-9f9a821d30d8-flow-m-86400-m3s-qualified","2023-12-26T09:00:00","2023-12-26","11.794","Complete","Good",""
"http://environment.data.gov.uk/hydrology/id/measures/29434d59-1597-4783-b0b6-9f9a821d30d8-flow-m-86400-m3s-qualified","2023-12-27T09:00:00","2023-12-27","12.152","Complete","Good",""
"http://environment.data.gov.uk/hydrology/id/measures/29434d59-1597-4783-b0b6-9f9a821d30d8-flow-m-86400-m3s-qualified","2023-12-28T09:00:00","2023-12-28","9.359","Complete","Good",""
"http://environment.data.gov.uk/hydrology/id/measures/29434d59-1597-4783-b0b6-9f9a821d30d8-flow-m-86400-m3s-qualified","2023-12-29T09:00:00","2023-12-29","8.402","Complete","Good",""
"http://environment.data.gov.uk/hydrology/id/measures/29434d59-1597-4783-b0b6-9f9a821d30d8-flow-m-86400-m3s-qualified","2023-12-30T09:00:00","2023-12-30","19.253","Complete","Good",""
"http://environment.data.gov.uk/hydrology/id/measures/29434d59-1597-4783-b0b6-9f9a821d30d8-flow-m-86400-m3s-qualified","2023-12-31T09:00:00","2023-12-31","27.884","Complete","Good",""
"http://environment.data.gov.uk/hydrology/id/measures/29434d59-1597-4783-b0b6-9f9a821d30d8-flow-m-86400-m3s-qualified","2024-01-01T09:00:00","2024-01-01","28.488","Complete","Good",""
"http://environment.data.gov.uk/hydrology/id/measures/29434d59-1597-4783-b0b6-9f9a821d30d8-flow-m-86400-m3s-qualified","2024-01-02T09:00:00","2024-01-02","28.922","Complete","Good",""
"http://environment.data.gov.uk/hydrology/id/measures/29434d59-1597-4783-b0b6-9f9a821d30d8-flow-m-86400-m3s-qualified","2024-01-03T09:00:00","2024-01-03","21.053","Complete","Good",""
"http://environment.data.gov.uk/hydrology/id/measures/29434d59-1597-4783-b0b6-9f9a821d30d8-flow-m-86400-m3s-qualified","2024-01-04T09:00:00","2024-01-04","48.495","Complete","Good",""
"http://environment.data.gov.uk/hydrology/id/measures/29434d59-1597-4783-b0b6-9f9a821d30d8-flow-m-86400-m3s-qualified","2024-01-05T09:00:00","2024-01-05","25.269","Complete","Good",""
"http://environment.data.gov.uk/hydrology/id/measures/29434d59-1597-4783-b0b6-9f9a821d30d8-flow-m-86400-m3s-qualified","2024-01-06T09:00:00","2024-01-06","13.461","Complete","Good",""
"http://environment.data.gov.uk/hydrology/id/measures/29434d59-1597-4783-b0b6-9f9a821d30d8-flow-m-86400-m3s-qualified","2024-01-07T09:00:00","2024-01-07","10.475","Complete","Good",""
"http://environment.data.gov.uk/hydrology/id/measures/29434d59-1597-4783-b0b6-9f9a821d30d8-flow-m-86400-m3s-qualified","2024-01-08T09:00:00","2024-01-08","8.762","Complete","Good",""
"http://environment.data.gov.uk/hydrology/id/measures/29434d59-1597-4783-b0b6-9f9a821d30d8-flow-m-86400-m3s-qualified","2024-01-09T09:00:00","2024-01-09","7.679","Complete","Good",""
"http://environment.data.gov.uk/hydrology/id/measures/29434d59-1597-4783-b0b6-9f9a821d30d8-flow-m-86400-m3s-qualified","2024-01-10T09:00:00","2024-01-10","6.964","Complete","Good",""
"http://environment.data.gov.uk/hydrology/id/measures/29434d59-1597-4783-b0b6-9f9a821d30d8-flow-m-86400-m3s-qualified","2024-01-11T09:00:00","2024-01-11","6.253","Complete","Good",""
"http://environment.data.gov.uk/hydrology/id/measures/29434d59-1597-4783-b0b6-9f9a821d30d8-flow-m-86400-m3s-qualified","2024-01-12T09:00:00","2024-01-12","5.701","Complete","Good",""
"http://environment.data.gov.uk/hydrology/id/measures/29434d59-1597-4783-b0b6-9f9a821d30d8-flow-m-86400-m3s-qualified","2024-01-13T09:00:00","2024-01-13","5.275","Complete","Good",""
"http://environment.data.gov.uk/hydrology/id/measures/29434d59-1597-4783-b0b6-9f9a821d30d8-flow-m-86400-m3s-qualified","2024-01-14T09:00:00","2024-01-14","4.999","Complete","Good",""
"http://environment.data.gov.uk/hydrology/id/measures/29434d59-1597-4783-b0b6-9f9a821d30d8-flow-m-86400-m3s-qualified","2024-01-15T09:00:00","2024-01-15","4.612","Complete","Good",""
"http://environment.data.gov.uk/hydrology/id/measures/29434d59-1597-4783-b0b6-9f9a821d30d8-flow-m-86400-m3s-qualified","2024-01-16T09:00:00","2024-01-16","4.381","Complete","Good",""
"http://environment.data.gov.uk/hydrology/id/measures/29434d59-1597-4783-b0b6-9f9a821d30d8-flow-m-86400-m3s-qualified","2024-01-17T09:00:00","2024-01-17","4.088","Complete","Good",""
"http://environment.data.gov.uk/hydrology/id/measures/29434d59-1597-4783-b0b6-9f9a821d30d8-flow-m-86400-m3s-qualified","2024-01-18T09:00:00","2024-01-18","3.825","Complete","Good",""
"http://environment.data.gov.uk/hydrology/id/measures/29434d59-1597-4783-b0b6-9f9a821d30d8-flow-m-86400-m3s-qualified","2024-01-19T09:00:00","2024-01-19","3.578","Complete","Good",""
"http://environment.data.gov.uk/hydrology/id/measures/29434d59-1597-4783-b0b6-9f9a821d30d8-flow-m-86400-m3s-qualified","2024-01-20T09:00:00","2024-01-20","3.774","Complete","Good",""
"http://environment.data.gov.uk/hydrology/id/measures/29434d59-1597-4783-b0b6-9f9a821d30d8-flow-m-86400-m3s-qualified","2024-01-21T09:00:00","2024-01-21","10.268","Complete","Good",""
"http://environment.data.gov.uk/hydrology/id/measures/29434d59-1597-4783-b0b6-9f9a821d30d8-flow-m-86400-m3s-qualified","2024-01-22T09:00:00","2024-01-22","13.618","Complete","Good",""
"http://environment.data.gov.uk/hydrology/id/measures/29434d59-1597-4783-b0b6-9f9a821d30d8-flow-m-86400-m3s-qualified","2024-01-23T09:00:00","2024-01-23","11.945","Complete","Good",""
"http://environment.data.gov.uk/hydrology/id/measures/29434d59-1597-4783-b0b6-9f9a821d30d8-flow-m-86400-m3s-qualified","2024-01-24T09:00:00","2024-01-24","8.621","Complete","Good",""
"http://environment.data.gov.uk/hydrology/id/measures/29434d59-1597-4783-b0b6-9f9a821d30d8-flow-m-86400-m3s-qualified","2024-01-25T09:00:00","2024-01-25","6.729","Complete","Good",""
"http://environment.data.gov.uk/hydrology/id/measures/29434d59-1597-4783-b0b6-9f9a821d30d8-flow-m-86400-m3s-qualified","2024-01-26T09:00:00","2024-01-26","6.382","Complete","Good",""
"http://environment.data.gov.uk/hydrology/id/measures/29434d59-1597-4783-b0b6-9f9a821d30d8-flow-m-86400-m3s-qualified","2024-01-27T09:00:00","2024-01-27","5.301","Complete","Good",""
"http://environment.data.gov.uk/hydrology/id/measures/29434d59-1597-4783-b0b6-9f9a821d30d8-flow-m-86400-m3s-qualified","2024-01-28T09:00:00","2024-01-28","4.773","Complete","Good",""
"http://environment.data.gov.uk/hydrology/id/measures/29434d59-1597-4783-b0b6-9f9a821d30d8-flow-m-86400-m3s-qualified","2024-01-29T09:00:00","2024-01-29","4.337","Complete","Good",""
"http://environment.data.gov.uk/hydrology/id/measures/29434d59-1597-4783-b0b6-9f9a821d30d8-flow-m-86400-m3s-qualified","2024-01-30T09:00:00","2024-01-30","3.919","Complete","Good",""
"http://environment.data.gov.uk/hydrology/id/measures/29434d59-1597-4783-b0b6-9f9a821d30d8-flow-m-86400-m3s-qualified","2024-01-31T09:00:00","2024-01-31","3.717","Complete","Good",""
"http://environment.data.gov.uk/hydrology/id/measures/29434d59-1597-4783-b0b6-9f9a821d30d8-flow-m-86400-m3s-qualified","2024-02-01T09:00:00","2024-02-01","3.648","Complete","Good",""
"http://environment.data.gov.uk/hydrology/id/measures/29434d59-1597-4783-b0b6-9f9a821d30d8-flow-m-86400-m3s-qualified","2024-02-02T09:00:00","2024-02-02","3.505","Complete","Good",""
"http://environment.data.gov.uk/hydrology/id/measures/29434d59-1597-4783-b0b6-9f9a821d30d8-flow-m-86400-m3s-qualified","2024-02-03T09:00:00","2024-02-03","3.746","Complete","Good",""
"http://environment.data.gov.uk/hydrology/id/measures/29434d59-1597-4783-b0b6-9f9a821d30d8-flow-m-86400-m3s-qualified","2024-02-04T09:00:00","2024-02-04","4.178","Complete","Good",""
"http://environment.data.gov.uk/hydrology/id/measures/29434d59-1597-4783-b0b6-9f9a821d30d8-flow-m-86400-m3s-qualified","2024-02-05T09:00:00","2024-02-05","3.903","Complete","Good",""
"http://environment.data.gov.uk/hydrology/id/measures/29434d59-1597-4783-b0b6-9f9a821d30d8-flow-m-86400-m3s-qualified","2024-02-06T09:00:00","2024-02-06","12.081","Complete","Good",""
"http://environment.data.gov.uk/hydrology/id/measures/29434d59-1597-4783-b0b6-9f9a821d30d8-flow-m-86400-m3s-qualified","2024-02-07T09:00:00","2024-02-07","18.615","Complete","Good",""
"http://environment.data.gov.uk/hydrology/id/measures/29434d59-1597-4783-b0b6-9f9a821d30d8-flow-m-86400-m3s-qualified","2024-02-08T09:00:00","2024-02-08","33.602","Complete","Good",""
"http://environment.data.gov.uk/hydrology/id/measures/29434d59-1597-4783-b0b6-9f9a821d30d8-flow-m-86400-m3s-qualified","2024-02-09T09:00:00","2024-02-09","24.891","Complete","Good",""
"http://environment.data.gov.uk/hydrology/id/measures/29434d59-1597-4783-b0b6-9f9a821d30d8-flow-m-86400-m3s-qualified","2024-02-10T09:00:00","2024-02-10","12.276","Complete","Good",""
"http://environment.data.gov.uk/hydrology/id/measures/29434d59-1597-4783-b0b6-9f9a821d30d8-flow-m-86400-m3s-qualified","2024-02-11T09:00:00","2024-02-11","10.37","Complete","Good",""
"http://environment.data.gov.uk/hydrology/id/measures/29434d59-1597-4783-b0b6-9f9a821d30d8-flow-m-86400-m3s-qualified","2024-02-12T09:00:00","2024-02-12","8.035","Complete","Good",""
"http://environment.data.gov.uk/hydrology/id/measures/29434d59-1597-4783-b0b6-9f9a821d30d8-flow-m-86400-m3s-qualified","2024-02-13T09:00:00","2024-02-13","7.645","Complete","Good",""
"http://environment.data.gov.uk/hydrology/id/measures/29434d59-1597-4783-b0b6-9f9a821d30d8-flow-m-86400-m3s-qualified","2024-02-14T09:00:00","2024-02-14","7.439","Complete","Good",""
"http://environment.data.gov.uk/hydrology/id/measures/29434d59-1597-4783-b0b6-9f9a821d30d8-flow-m-86400-m3s-qualified","2024-02-15T09:00:00","2024-02-15","13.54","Complete","Good",""
"http://environment.data.gov.uk/hydrology/id/measures/29434d59-1597-4783-b0b6-9f9a821d30d8-flow-m-86400-m3s-qualified","2024-02-16T09:00:00","2024-02-16","13.023","Complete","Good",""
"http://environment.data.gov.uk/hydrology/id/measures/29434d59-1597-4783-b0b6-9f9a821d30d8-flow-m-86400-m3s-qualified","2024-02-17T09:00:00","2024-02-17","25.898","Complete","Good",""
"http://environment.data.gov.uk/hydrology/id/measures/29434d59-1597-4783-b0b6-9f9a821d30d8-flow-m-86400-m3s-qualified","2024-02-18T09:00:00","2024-02-18","45.047","Complete","Good",""
"http://environment.data.gov.uk/hydrology/id/measures/29434d59-1597-4783-b0b6-9f9a821d30d8-flow-m-86400-m3s-qualified","2024-02-19T09:00:00","2024-02-19","14.94","Complete","Good",""
"http://environment.data.gov.uk/hydrology/id/measures/29434d59-1597-4783-b0b6-9f9a821d30d8-flow-m-86400-m3s-qualified","2024-02-20T09:00:00","2024-02-20","11.317","Complete","Good",""
"http://environment.data.gov.uk/hydrology/id/measures/29434d59-1597-4783-b0b6-9f9a821d30d8-flow-m-86400-m3s-qualified","2024-02-21T09:00:00","2024-02-21","45.343","Complete","Good",""
"http://environment.data.gov.uk/hydrology/id/measures/29434d59-1597-4783-b0b6-9f9a821d30d8-flow-m-86400-m3s-qualified","2024-02-22T09:00:00","2024-02-22","29.342","Complete","Good",""
"http://environment.data.gov.uk/hydrology/id/measures/29434d59-1597-4783-b0b6-9f9a821d30d8-flow-m-86400-m3s-qualified","2024-02-23T09:00:00","2024-02-23","17.982","Complete","Good",""
"http://environment.data.gov.uk/hydrology/id/measures/29434d59-1597-4783-b0b6-9f9a821d30d8-flow-m-86400-m3s-qualified","2024-02-24T09:00:00","2024-02-24","12.411","Complete","Good",""
"http://environment.data.gov.uk/hydrology/id/measures/29434d59-1597-4783-b0b6-9f9a821d30d8-flow-m-86400-m3s-qualified","2024-02-25T09:00:00","2024-02-25","13.838","Complete","Good",""
"http://environment.data.gov.uk/hydrology/id/measures/29434d59-1597-4783-b0b6-9f9a821d30d8-flow-m-86400-m3s-qualified","2024-02-26T09:00:00","2024-02-26","11.759","Complete","Good",""
"http://environment.data.gov.uk/hydrology/id/measures/29434d59-1597-4783-b0b6-9f9a821d30d8-flow-m-86400-m3s-qualified","2024-02-27T09:00:00","2024-02-27","8.961","Complete","Good",""
"http://environment.data.gov.uk/hydrology/id/measures/29434d59-1597-4783-b0b6-9f9a821d30d8-flow-m-86400-m3s-qualified","2024-02-28T09:00:00","2024-02-28","8.104","Complete","Good",""
"http://environment.data.gov.uk/hydrology/id/measures/29434d59-1597-4783-b0b6-9f9a821d30d8-flow-m-86400-m3s-qualified","2024-02-29T09:00:00","2024-02-29","9.253","Complete","Good",""
"http://environment.data.gov.uk/hydrology/id/measures/29434d59-1597-4783-b0b6-9f9a821d30d8-flow-m-86400-m3s-qualified","2024-03-01T09:00:00","2024-03-01","17.485","Complete","Good",""
"http://environment.data.gov.uk/hydrology/id/measures/29434d59-1597-4783-b0b6-9f9a821d30d8-flow-m-86400-m3s-qualified","2024-03-02T09:00:00","2024-03-02","24.339","Complete","Good",""
"http://environment.data.gov.uk/hydrology/id/measures/29434d59-1597-4783-b0b6-9f9a821d30d8-flow-m-86400-m3s-qualified","2024-03-03T09:00:00","2024-03-03","11.637","Complete","Good",""
"http://environment.data.gov.uk/hydrology/id/measures/29434d59-1597-4783-b0b6-9f9a821d30d8-flow-m-86400-m3s-qualified","2024-03-04T09:00:00","2024-03-04","9.962","Complete","Good",""
"http://environment.data.gov.uk/hydrology/id/measures/29434d59-1597-4783-b0b6-9f9a821d30d8-flow-m-86400-m3s-qualified","2024-03-05T09:00:00","2024-03-05","8.933","Complete","Good",""
"http://environment.data.gov.uk/hydrology/id/measures/29434d59-1597-4783-b0b6-9f9a821d30d8-flow-m-86400-m3s-qualified","2024-03-06T09:00:00","2024-03-06","7.474","Complete","Good",""
"http://environment.data.gov.uk/hydrology/id/measures/29434d59-1597-4783-b0b6-9f9a821d30d8-flow-m-86400-m3s-qualified","2024-03-07T09:00:00","2024-03-07","6.615","Complete","Good",""
"http://environment.data.gov.uk/hydrology/id/measures/29434d59-1597-4783-b0b6-9f9a821d30d8-flow-m-86400-m3s-qualified","2024-03-08T09:00:00","2024-03-08","6.108","Complete","Good",""
"http://environment.data.gov.uk/hydrology/id/measures/29434d59-1597-4783-b0b6-9f9a821d30d8-flow-m-86400-m3s-qualified","2024-03-09T09:00:00","2024-03-09","5.841","Complete","Good",""
"http://environment.data.gov.uk/hydrology/id/measures/29434d59-1597-4783-b0b6-9f9a821d30d8-flow-m-86400-m3s-qualified","2024-03-10T09:00:00","2024-03-10","8.479","Complete","Good",""
"http://environment.data.gov.uk/hydrology/id/measures/29434d59-1597-4783-b0b6-9f9a821d30d8-flow-m-86400-m3s-qualified","2024-03-11T09:00:00","2024-03-11","6.462","Complete","Good",""
"http://environment.data.gov.uk/hydrology/id/measures/29434d59-1597-4783-b0b6-9f9a821d30d8-flow-m-86400-m3s-qualified","2024-03-12T09:00:00","2024-03-12","12.124","Complete","Good",""
"http://environment.data.gov.uk/hydrology/id/measures/29434d59-1597-4783-b0b6-9f9a821d30d8-flow-m-86400-m3s-qualified","2024-03-13T09:00:00","2024-03-13","7.314","Complete","Good",""
"http://environment.data.gov.uk/hydrology/id/measures/29434d59-1597-4783-b0b6-9f9a821d30d8-flow-m-86400-m3s-qualified","2024-03-14T09:00:00","2024-03-14","6.394","Complete","Good",""
"http://environment.data.gov.uk/hydrology/id/measures/29434d59-1597-4783-b0b6-9f9a821d30d8-flow-m-86400-m3s-qualified","2024-03-15T09:00:00","2024-03-15","6.63","Complete","Good",""
"http://environment.data.gov.uk/hydrology/id/measures/29434d59-1597-4783-b0b6-9f9a821d30d8-flow-m-86400-m3s-qualified","2024-03-16T09:00:00","2024-03-16","6.264","Complete","Good",""
"http://environment.data.gov.uk/hydrology/id/measures/29434d59-1597-4783-b0b6-9f9a821d30d8-flow-m-86400-m3s-qualified","2024-03-17T09:00:00","2024-03-17","14.424","Complete","Good",""
"http://environment.data.gov.uk/hydrology/id/measures/29434d59-1597-4783-b0b6-9f9a821d30d8-flow-m-86400-m3s-qualified","2024-03-18T09:00:00","2024-03-18","7.746","Complete","Good",""
"http://environment.data.gov.uk/hydrology/id/measures/29434d59-1597-4783-b0b6-9f9a821d30d8-flow-m-86400-m3s-qualified","2024-03-19T09:00:00","2024-03-19","6.508","Complete","Good",""
"http://environment.data.gov.uk/hydrology/id/measures/29434d59-1597-4783-b0b6-9f9a821d30d8-flow-m-86400-m3s-qualified","2024-03-20T09:00:00","2024-03-20","5.818","Complete","Good",""
"http://environment.data.gov.uk/hydrology/id/measures/29434d59-1597-4783-b0b6-9f9a821d30d8-flow-m-86400-m3s-qualified","2024-03-21T09:00:00","2024-03-21","4.931","Complete","Good",""
"http://environment.data.gov.uk/hydrology/id/measures/29434d59-1597-4783-b0b6-9f9a821d30d8-flow-m-86400-m3s-qualified","2024-03-22T09:00:00","2024-03-22","4.532","Complete","Good",""
"http://environment.data.gov.uk/hydrology/id/measures/29434d59-1597-4783-b0b6-9f9a821d30d8-flow-m-86400-m3s-qualified","2024-03-23T09:00:00","2024-03-23","4.405","Complete","Good",""
"http://environment.data.gov.uk/hydrology/id/measures/29434d59-1597-4783-b0b6-9f9a821d30d8-flow-m-86400-m3s-qualified","2024-03-24T09:00:00","2024-03-24","4.211","Complete","Good",""
"http://environment.data.gov.uk/hydrology/id/measures/29434d59-1597-4783-b0b6-9f9a821d30d8-flow-m-86400-m3s-qualified","2024-03-25T09:00:00","2024-03-25","4.277","Complete","Good",""
"http://environment.data.gov.uk/hydrology/id/measures/29434d59-1597-4783-b0b6-9f9a821d30d8-flow-m-86400-m3s-qualified","2024-03-26T09:00:00","2024-03-26","4.141","Complete","Good",""
"http://environment.data.gov.uk/hydrology/id/measures/29434d59-1597-4783-b0b6-9f9a821d30d8-flow-m-86400-m3s-qualified","2024-03-27T09:00:00","2024-03-27","11.194","Complete","Good",""
"http://environment.data.gov.uk/hydrology/id/measures/29434d59-1597-4783-b0b6-9f9a821d30d8-flow-m-86400-m3s-qualified","2024-03-28T09:00:00","2024-03-28","22.796","Complete","Good",""
"http://environment.data.gov.uk/hydrology/id/measures/29434d59-1597-4783-b0b6-9f9a821d30d8-flow-m-86400-m3s-qualified","2024-03-29T09:00:00","2024-03-29","11.528","Complete","Good",""
"http://environment.data.gov.uk/hydrology/id/measures/29434d59-1597-4783-b0b6-9f9a821d30d8-flow-m-86400-m3s-qualified","2024-03-30T09:00:00","2024-03-30","7.539","Complete","Good",""
"http://environment.data.gov.uk/hydrology/id/measures/29434d59-1597-4783-b0b6-9f9a821d30d8-flow-m-86400-m3s-qualified","2024-03-31T09:00:00","2024-03-31","15.476","Complete","Good",""
"http://environment.data.gov.uk/hydrology/id/measures/29434d59-1597-4783-b0b6-9f9a821d30d8-flow-m-86400-m3s-qualified","2024-04-01T09:00:00","2024-04-01","16.684","Complete","Good",""
"http://environment.data.gov.uk/hydrology/id/measures/29434d59-1597-4783-b0b6-9f9a821d30d8-flow-m-86400-m3s-qualified","2024-04-02T09:00:00","2024-04-02","13.334","Complete","Good",""
"http://environment.data.gov.uk/hydrology/id/measures/29434d59-1597-4783-b0b6-9f9a821d30d8-flow-m-86400-m3s-qualified","2024-04-03T09:00:00","2024-04-03","11.358","Complete","Good",""
"http://environment.data.gov.uk/hydrology/id/measures/29434d59-1597-4783-b0b6-9f9a821d30d8-flow-m-86400-m3s-qualified","2024-04-04T09:00:00","2024-04-04","12.315","Complete","Good",""
"http://environment.data.gov.uk/hydrology/id/measures/29434d59-1597-4783-b0b6-9f9a821d30d8-flow-m-86400-m3s-qualified","2024-04-05T09:00:00","2024-04-05","13.901","Complete","Good",""
"http://environment.data.gov.uk/hydrology/id/measures/29434d59-1597-4783-b0b6-9f9a821d30d8-flow-m-86400-m3s-qualified","2024-04-06T09:00:00","2024-04-06","8.95","Complete","Good",""
"http://environment.data.gov.uk/hydrology/id/measures/29434d59-1597-4783-b0b6-9f9a821d30d8-flow-m-86400-m3s-qualified","2024-04-07T09:00:00","2024-04-07","7.401","Complete","Good",""
"http://environment.data.gov.uk/hydrology/id/measures/29434d59-1597-4783-b0b6-9f9a821d30d8-flow-m-86400-m3s-qualified","2024-04-08T09:00:00","2024-04-08","6.308","Complete","Good",""
"http://environment.data.gov.uk/hydrology/id/measures/29434d59-1597-4783-b0b6-9f9a821d30d8-flow-m-86400-m3s-qualified","2024-04-09T09:00:00","2024-04-09","5.649","Complete","Good",""
"http://environment.data.gov.uk/hydrology/id/measures/29434d59-1597-4783-b0b6-9f9a821d30d8-flow-m-86400-m3s-qualified","2024-04-10T09:00:00","2024-04-10","5.372","Complete","Good",""
"http://environment.data.gov.uk/hydrology/id/measures/29434d59-1597-4783-b0b6-9f9a821d30d8-flow-m-86400-m3s-qualified","2024-04-11T09:00:00","2024-04-11","5.182","Complete","Good",""
"http://environment.data.gov.uk/hydrology/id/measures/29434d59-1597-4783-b0b6-9f9a821d30d8-flow-m-86400-m3s-qualified","2024-04-12T09:00:00","2024-04-12","4.465","Complete","Good",""
"http://environment.data.gov.uk/hydrology/id/measures/29434d59-1597-4783-b0b6-9f9a821d30d8-flow-m-86400-m3s-qualified","2024-04-13T09:00:00","2024-04-13","4.249","Complete","Good",""
"http://environment.data.gov.uk/hydrology/id/measures/29434d59-1597-4783-b0b6-9f9a821d30d8-flow-m-86400-m3s-qualified","2024-04-14T09:00:00","2024-04-14","3.797","Complete","Good",""
"http://environment.data.gov.uk/hydrology/id/measures/29434d59-1597-4783-b0b6-9f9a821d30d8-flow-m-86400-m3s-qualified","2024-04-15T09:00:00","2024-04-15","4.114","Complete","Good",""
"http://environment.data.gov.uk/hydrology/id/measures/29434d59-1597-4783-b0b6-9f9a821d30d8-flow-m-86400-m3s-qualified","2024-04-16T09:00:00","2024-04-16","3.593","Complete","Good",""
"http://environment.data.gov.uk/hydrology/id/measures/29434d59-1597-4783-b0b6-9f9a821d30d8-flow-m-86400-m3s-qualified","2024-04-17T09:00:00","2024-04-17","3.435","Complete","Good",""
"http://environment.data.gov.uk/hydrology/id/measures/29434d59-1597-4783-b0b6-9f9a821d30d8-flow-m-86400-m3s-qualified","2024-04-18T09:00:00","2024-04-18","3.198","Complete","Good",""
"http://environment.data.gov.uk/hydrology/id/measures/29434d59-1597-4783-b0b6-9f9a821d30d8-flow-m-86400-m3s-qualified","2024-04-19T09:00:00","2024-04-19","3.062","Complete","Good",""
"http://environment.data.gov.uk/hydrology/id/measures/29434d59-1597-4783-b0b6-9f9a821d30d8-flow-m-86400-m3s-qualified","2024-04-20T09:00:00","2024-04-20","3.037","Complete","Good",""
"http://environment.data.gov.uk/hydrology/id/measures/29434d59-1597-4783-b0b6-9f9a821d30d8-flow-m-86400-m3s-qualified","2024-04-21T09:00:00","2024-04-21","2.931","Complete","Good",""
"http://environment.data.gov.uk/hydrology/id/measures/29434d59-1597-4783-b0b6-9f9a821d30d8-flow-m-86400-m3s-qualified","2024-04-22T09:00:00","2024-04-22","2.936","Complete","Good",""
"http://environment.data.gov.uk/hydrology/id/measures/29434d59-1597-4783-b0b6-9f9a821d30d8-flow-m-86400-m3s-qualified","2024-04-23T09:00:00","2024-04-23","2.803","Complete","Good",""
"http://environment.data.gov.uk/hydrology/id/measures/29434d59-1597-4783-b0b6-9f9a821d30d8-flow-m-86400-m3s-qualified","2024-04-24T09:00:00","2024-04-24","2.667","Complete","Good",""
"http://environment.data.gov.uk/hydrology/id/measures/29434d59-1597-4783-b0b6-9f9a821d30d8-flow-m-86400-m3s-qualified","2024-04-25T09:00:00","2024-04-25","2.587","Complete","Good",""
"http://environment.data.gov.uk/hydrology/id/measures/29434d59-1597-4783-b0b6-9f9a821d30d8-flow-m-86400-m3s-qualified","2024-04-26T09:00:00","2024-04-26","2.51","Complete","Good",""
"http://environment.data.gov.uk/hydrology/id/measures/29434d59-1597-4783-b0b6-9f9a821d30d8-flow-m-86400-m3s-qualified","2024-04-27T09:00:00","2024-04-27","3.015","Complete","Good",""
"http://environment.data.gov.uk/hydrology/id/measures/29434d59-1597-4783-b0b6-9f9a821d30d8-flow-m-86400-m3s-qualified","2024-04-28T09:00:00","2024-04-28","4.454","Complete","Good",""
"http://environment.data.gov.uk/hydrology/id/measures/29434d59-1597-4783-b0b6-9f9a821d30d8-flow-m-86400-m3s-qualified","2024-04-29T09:00:00","2024-04-29","3.163","Complete","Good",""
"http://environment.data.gov.uk/hydrology/id/measures/29434d59-1597-4783-b0b6-9f9a821d30d8-flow-m-86400-m3s-qualified","2024-04-30T09:00:00","2024-04-30","2.811","Complete","Good",""
"http://environment.data.gov.uk/hydrology/id/measures/29434d59-1597-4783-b0b6-9f9a821d30d8-flow-m-86400-m3s-qualified","2024-05-01T09:00:00","2024-05-01","3.159","Complete","Good",""
"http://environment.data.gov.uk/hydrology/id/measures/29434d59-1597-4783-b0b6-9f9a821d30d8-flow-m-86400-m3s-qualified","2024-05-02T09:00:00","2024-05-02","8.098","Complete","Good",""
"http://environment.data.gov.uk/hydrology/id/measures/29434d59-1597-4783-b0b6-9f9a821d30d8-flow-m-86400-m3s-qualified","2024-05-03T09:00:00","2024-05-03","4.171","Complete","Good",""
"http://environment.data.gov.uk/hydrology/id/measures/29434d59-1597-4783-b0b6-9f9a821d30d8-flow-m-86400-m3s-qualified","2024-05-04T09:00:00","2024-05-04","3.261","Complete","Good",""
"http://environment.data.gov.uk/hydrology/id/measures/29434d59-1597-4783-b0b6-9f9a821d30d8-flow-m-86400-m3s-qualified","2024-05-05T09:00:00","2024-05-05","3.01","Complete","Good",""
"http://environment.data.gov.uk/hydrology/id/measures/29434d59-1597-4783-b0b6-9f9a821d30d8-flow-m-86400-m3s-qualified","2024-05-06T09:00:00","2024-05-06","3.034","Complete","Good",""
"http://environment.data.gov.uk/hydrology/id/measures/29434d59-1597-4783-b0b6-9f9a821d30d8-flow-m-86400-m3s-qualified","2024-05-07T09:00:00","2024-05-07","3.019","Complete","Good",""
"http://environment.data.gov.uk/hydrology/id/measures/29434d59-1597-4783-b0b6-9f9a821d30d8-flow-m-86400-m3s-qualified","2024-05-08T09:00:00","2024-05-08","2.691","Complete","Good",""
"http://environment.data.gov.uk/hydrology/id/measures/29434d59-1597-4783-b0b6-9f9a821d30d8-flow-m-86400-m3s-qualified","2024-05-09T09:00:00","2024-05-09","2.391","Complete","Good",""
"http://environment.data.gov.uk/hydrology/id/measures/29434d59-1597-4783-b0b6-9f9a821d30d8-flow-m-86400-m3s-qualified","2024-05-10T09:00:00","2024-05-10","2.346","Complete","Good",""
"http://environment.data.gov.uk/hydrology/id/measures/29434d59-1597-4783-b0b6-9f9a821d30d8-flow-m-86400-m3s-qualified","2024-05-11T09:00:00","2024-05-11","2.297","Complete","Good",""
"http://environment.data.gov.uk/hydrology/id/measures/29434d59-1597-4783-b0b6-9f9a821d30d8-flow-m-86400-m3s-qualified","2024-05-12T09:00:00","2024-05-12","2.243","Complete","Good",""
"http://environment.data.gov.uk/hydrology/id/measures/29434d59-1597-4783-b0b6-9f9a821d30d8-flow-m-86400-m3s-qualified","2024-05-13T09:00:00","2024-05-13","2.789","Complete","Good",""
"http://environment.data.gov.uk/hydrology/id/measures/29434d59-1597-4783-b0b6-9f9a821d30d8-flow-m-86400-m3s-qualified","2024-05-14T09:00:00","2024-05-14","3.835","Complete","Good",""
"http://environment.data.gov.uk/hydrology/id/measures/29434d59-1597-4783-b0b6-9f9a821d30d8-flow-m-86400-m3s-qualified","2024-05-15T09:00:00","2024-05-15","2.666","Complete","Good",""
"http://environment.data.gov.uk/hydrology/id/measures/29434d59-1597-4783-b0b6-9f9a821d30d8-flow-m-86400-m3s-qualified","2024-05-16T09:00:00","2024-05-16","2.563","Complete","Good",""
"http://environment.data.gov.uk/hydrology/id/measures/29434d59-1597-4783-b0b6-9f9a821d30d8-flow-m-86400-m3s-qualified","2024-05-17T09:00:00","2024-05-17","2.48","Complete","Good",""
"http://environment.data.gov.uk/hydrology/id/measures/29434d59-1597-4783-b0b6-9f9a821d30d8-flow-m-86400-m3s-qualified","2024-05-18T09:00:00","2024-05-18","2.453","Complete","Good",""
"http://environment.data.gov.uk/hydrology/id/measures/29434d59-1597-4783-b0b6-9f9a821d30d8-flow-m-86400-m3s-qualified","2024-05-19T09:00:00","2024-05-19","2.219","Complete","Good",""
"http://environment.data.gov.uk/hydrology/id/measures/29434d59-1597-4783-b0b6-9f9a821d30d8-flow-m-86400-m3s-qualified","2024-05-20T09:00:00","2024-05-20","2.125","Complete","Good",""
"http://environment.data.gov.uk/hydrology/id/measures/29434d59-1597-4783-b0b6-9f9a821d30d8-flow-m-86400-m3s-qualified","2024-05-21T09:00:00","2024-05-21","2.186","Complete","Good",""
"http://environment.data.gov.uk/hydrology/id/measures/29434d59-1597-4783-b0b6-9f9a821d30d8-flow-m-86400-m3s-qualified","2024-05-22T09:00:00","2024-05-22","2.371","Complete","Good",""
"http://environment.data.gov.uk/hydrology/id/measures/29434d59-1597-4783-b0b6-9f9a821d30d8-flow-m-86400-m3s-qualified","2024-05-23T09:00:00","2024-05-23","2.138","Complete","Good",""
"http://environment.data.gov.uk/hydrology/id/measures/29434d59-1597-4783-b0b6-9f9a821d30d8-flow-m-86400-m3s-qualified","2024-05-24T09:00:00","2024-05-24","2.04","Complete","Good",""
"http://environment.data.gov.uk/hydrology/id/measures/29434d59-1597-4783-b0b6-9f9a821d30d8-flow-m-86400-m3s-qualified","2024-05-25T09:00:00","2024-05-25","1.95","Complete","Good",""
"http://environment.data.gov.uk/hydrology/id/measures/29434d59-1597-4783-b0b6-9f9a821d30d8-flow-m-86400-m3s-qualified","2024-05-26T09:00:00","2024-05-26","4.085","Complete","Good",""
"http://environment.data.gov.uk/hydrology/id/measures/29434d59-1597-4783-b0b6-9f9a821d30d8-flow-m-86400-m3s-qualified","2024-05-27T09:00:00","2024-05-27","4.036","Complete","Good",""
"http://environment.data.gov.uk/hydrology/id/measures/29434d59-1597-4783-b0b6-9f9a821d30d8-flow-m-86400-m3s-qualified","2024-05-28T09:00:00","2024-05-28","4.865","Complete","Good",""
"http://environment.data.gov.uk/hydrology/id/measures/29434d59-1597-4783-b0b6-9f9a821d30d8-flow-m-86400-m3s-qualified","2024-05-29T09:00:00","2024-05-29","4.074","Complete","Good",""
"http://environment.data.gov.uk/hydrology/id/measures/29434d59-1597-4783-b0b6-9f9a821d30d8-flow-m-86400-m3s-qualified","2024-05-30T09:00:00","2024-05-30","2.996","Complete","Good",""
"http://environment.data.gov.uk/hydrology/id/measures/29434d59-1597-4783-b0b6-9f9a821d30d8-flow-m-86400-m3s-qualified","2024-05-31T09:00:00","2024-05-31","2.727","Complete","Good",""
"http://environment.data.gov.uk/hydrology/id/measures/29434d59-1597-4783-b0b6-9f9a821d30d8-flow-m-86400-m3s-qualified","2024-06-01T09:00:00","2024-06-01","2.402","Complete","Good",""
"http://environment.data.gov.uk/hydrology/id/measures/29434d59-1597-4783-b0b6-9f9a821d30d8-flow-m-86400-m3s-qualified","2024-06-02T09:00:00","2024-06-02","2.214","Complete","Good",""
"http://environment.data.gov.uk/hydrology/id/measures/29434d59-1597-4783-b0b6-9f9a821d30d8-flow-m-86400-m3s-qualified","2024-06-03T09:00:00","2024-06-03","2.149","Complete","Good",""
"http://environment.data.gov.uk/hydrology/id/measures/29434d59-1597-4783-b0b6-9f9a821d30d8-flow-m-86400-m3s-qualified","2024-06-04T09:00:00","2024-06-04","2.068","Complete","Good",""
"http://environment.data.gov.uk/hydrology/id/measures/29434d59-1597-4783-b0b6-9f9a821d30d8-flow-m-86400-m3s-qualified","2024-06-05T09:00:00","2024-06-05","1.939","Complete","Good",""
"http://environment.data.gov.uk/hydrology/id/measures/29434d59-1597-4783-b0b6-9f9a821d30d8-flow-m-86400-m3s-qualified","2024-06-06T09:00:00","2024-06-06","1.929","Complete","Good",""
"http://environment.data.gov.uk/hydrology/id/measures/29434d59-1597-4783-b0b6-9f9a821d30d8-flow-m-86400-m3s-qualified","2024-06-07T09:00:00","2024-06-07","2.0","Complete","Good",""
"http://environment.data.gov.uk/hydrology/id/measures/29434d59-1597-4783-b0b6-9f9a821d30d8-flow-m-86400-m3s-qualified","2024-06-08T09:00:00","2024-06-08","1.902","Complete","Good",""
"http://environment.data.gov.uk/hydrology/id/measures/29434d59-1597-4783-b0b6-9f9a821d30d8-flow-m-86400-m3s-qualified","2024-06-09T09:00:00","2024-06-09","1.868","Complete","Good",""
"http://environment.data.gov.uk/hydrology/id/measures/29434d59-1597-4783-b0b6-9f9a821d30d8-flow-m-86400-m3s-qualified","2024-06-10T09:00:00","2024-06-10","1.838","Complete","Good",""
"http://environment.data.gov.uk/hydrology/id/measures/29434d59-1597-4783-b0b6-9f9a821d30d8-flow-m-86400-m3s-qualified","2024-06-11T09:00:00","2024-06-11","1.801","Complete","Good",""
"http://environment.data.gov.uk/hydrology/id/measures/29434d59-1597-4783-b0b6-9f9a821d30d8-flow-m-86400-m3s-qualified","2024-06-12T09:00:00","2024-06-12","1.712","Complete","Good",""
"http://environment.data.gov.uk/hydrology/id/measures/29434d59-1597-4783-b0b6-9f9a821d30d8-flow-m-86400-m3s-qualified","2024-06-13T09:00:00","2024-06-13","1.749","Complete","Good",""
"http://environment.data.gov.uk/hydrology/id/measures/29434d59-1597-4783-b0b6-9f9a821d30d8-flow-m-86400-m3s-qualified","2024-06-14T09:00:00","2024-06-14","2.127","Complete","Good",""
"http://environment.data.gov.uk/hydrology/id/measures/29434d59-1597-4783-b0b6-9f9a821d30d8-flow-m-86400-m3s-qualified","2024-06-15T09:00:00","2024-06-15","2.234","Complete","Good",""
"http://environment.data.gov.uk/hydrology/id/measures/29434d59-1597-4783-b0b6-9f9a821d30d8-flow-m-86400-m3s-qualified","2024-06-16T09:00:00","2024-06-16","1.835","Complete","Good",""
"http://environment.data.gov.uk/hydrology/id/measures/29434d59-1597-4783-b0b6-9f9a821d30d8-flow-m-86400-m3s-qualified","2024-06-17T09:00:00","2024-06-17","1.663","Complete","Good",""
"http://environment.data.gov.uk/hydrology/id/measures/29434d59-1597-4783-b0b6-9f9a821d30d8-flow-m-86400-m3s-qualified","2024-06-18T09:00:00","2024-06-18","1.627","Complete","Good",""
"http://environment.data.gov.uk/hydrology/id/measures/29434d59-1597-4783-b0b6-9f9a821d30d8-flow-m-86400-m3s-qualified","2024-06-19T09:00:00","2024-06-19","1.608","Complete","Good",""
"http://environment.data.gov.uk/hydrology/id/measures/29434d59-1597-4783-b0b6-9f9a821d30d8-flow-m-86400-m3s-qualified","2024-06-20T09:00:00","2024-06-20","1.584","Complete","Good",""
"http://environment.data.gov.uk/hydrology/id/measures/29434d59-1597-4783-b0b6-9f9a821d30d8-flow-m-86400-m3s-qualified","2024-06-21T09:00:00","2024-06-21","1.463","Complete","Good",""
"http://environment.data.gov.uk/hydrology/id/measures/29434d59-1597-4783-b0b6-9f9a821d30d8-flow-m-86400-m3s-qualified","2024-06-22T09:00:00","2024-06-22","1.347","Complete","Good",""
"http://environment.data.gov.uk/hydrology/id/measures/29434d59-1597-4783-b0b6-9f9a821d30d8-flow-m-86400-m3s-qualified","2024-06-23T09:00:00","2024-06-23","1.326","Complete","Good",""
"http://environment.data.gov.uk/hydrology/id/measures/29434d59-1597-4783-b0b6-9f9a821d30d8-flow-m-86400-m3s-qualified","2024-06-24T09:00:00","2024-06-24","1.384","Complete","Good",""
"http://environment.data.gov.uk/hydrology/id/measures/29434d59-1597-4783-b0b6-9f9a821d30d8-flow-m-86400-m3s-qualified","2024-06-25T09:00:00","2024-06-25","1.405","Complete","Good",""
"http://environment.data.gov.uk/hydrology/id/measures/29434d59-1597-4783-b0b6-9f9a821d30d8-flow-m-86400-m3s-qualified","2024-06-26T09:00:00","2024-06-26","1.397","Complete","Good",""
"http://environment.data.gov.uk/hydrology/id/measures/29434d59-1597-4783-b0b6-9f9a821d30d8-flow-m-86400-m3s-qualified","2024-06-27T09:00:00","2024-06-27","1.311","Complete","Good",""
"http://environment.data.gov.uk/hydrology/id/measures/29434d59-1597-4783-b0b6-9f9a821d30d8-flow-m-86400-m3s-qualified","2024-06-28T09:00:00","2024-06-28","1.23","Complete","Good",""
"http://environment.data.gov.uk/hydrology/id/measures/29434d59-1597-4783-b0b6-9f9a821d30d8-flow-m-86400-m3s-qualified","2024-06-29T09:00:00","2024-06-29","1.2","Complete","Good",""
"http://environment.data.gov.uk/hydrology/id/measures/29434d59-1597-4783-b0b6-9f9a821d30d8-flow-m-86400-m3s-qualified","2024-06-30T09:00:00","2024-06-30","1.177","Complete","Good",""
"http://environment.data.gov.uk/hydrology/id/measures/29434d59-1597-4783-b0b6-9f9a821d30d8-flow-m-86400-m3s-qualified","2024-07-01T09:00:00","2024-07-01","1.101","Complete","Good",""
"http://environment.data.gov.uk/hydrology/id/measures/29434d59-1597-4783-b0b6-9f9a821d30d8-flow-m-86400-m3s-qualified","2024-07-02T09:00:00","2024-07-02","1.121","Complete","Good",""
"http://environment.data.gov.uk/hydrology/id/measures/29434d59-1597-4783-b0b6-9f9a821d30d8-flow-m-86400-m3s-qualified","2024-07-03T09:00:00","2024-07-03","1.181","Complete","Good",""
"http://environment.data.gov.uk/hydrology/id/measures/29434d59-1597-4783-b0b6-9f9a821d30d8-flow-m-86400-m3s-qualified","2024-07-04T09:00:00","2024-07-04","1.133","Complete","Good",""
"http://environment.data.gov.uk/hydrology/id/measures/29434d59-1597-4783-b0b6-9f9a821d30d8-flow-m-86400-m3s-qualified","2024-07-05T09:00:00","2024-07-05","1.869","Complete","Good",""
"http://environment.data.gov.uk/hydrology/id/measures/29434d59-1597-4783-b0b6-9f9a821d30d8-flow-m-86400-m3s-qualified","2024-07-06T09:00:00","2024-07-06","2.106","Complete","Good",""
"http://environment.data.gov.uk/hydrology/id/measures/29434d59-1597-4783-b0b6-9f9a821d30d8-flow-m-86400-m3s-qualified","2024-07-07T09:00:00","2024-07-07","1.568","Complete","Good",""
"http://environment.data.gov.uk/hydrology/id/measures/29434d59-1597-4783-b0b6-9f9a821d30d8-flow-m-86400-m3s-qualified","2024-07-08T09:00:00","2024-07-08","1.911","Complete","Good",""
"http://environment.data.gov.uk/hydrology/id/measures/29434d59-1597-4783-b0b6-9f9a821d30d8-flow-m-86400-m3s-qualified","2024-07-09T09:00:00","2024-07-09","3.286","Complete","Good",""
"http://environment.data.gov.uk/hydrology/id/measures/29434d59-1597-4783-b0b6-9f9a821d30d8-flow-m-86400-m3s-qualified","2024-07-10T09:00:00","2024-07-10","1.941","Complete","Good",""
"http://environment.data.gov.uk/hydrology/id/measures/29434d59-1597-4783-b0b6-9f9a821d30d8-flow-m-86400-m3s-qualified","2024-07-11T09:00:00","2024-07-11","1.6","Complete","Good",""
"http://environment.data.gov.uk/hydrology/id/measures/29434d59-1597-4783-b0b6-9f9a821d30d8-flow-m-86400-m3s-qualified","2024-07-12T09:00:00","2024-07-12","1.418","Complete","Good",""
"http://environment.data.gov.uk/hydrology/id/measures/29434d59-1597-4783-b0b6-9f9a821d30d8-flow-m-86400-m3s-qualified","2024-07-13T09:00:00","2024-07-13","1.709","Complete","Good",""
"http://environment.data.gov.uk/hydrology/id/measures/29434d59-1597-4783-b0b6-9f9a821d30d8-flow-m-86400-m3s-qualified","2024-07-14T09:00:00","2024-07-14","1.427","Complete","Good",""
"http://environment.data.gov.uk/hydrology/id/measures/29434d59-1597-4783-b0b6-9f9a821d30d8-flow-m-86400-m3s-qualified","2024-07-15T09:00:00","2024-07-15","1.707","Complete","Good",""
"http://environment.data.gov.uk/hydrology/id/measures/29434d59-1597-4783-b0b6-9f9a821d30d8-flow-m-86400-m3s-qualified","2024-07-16T09:00:00","2024-07-16","1.524","Complete","Good",""
"http://environment.data.gov.uk/hydrology/id/measures/29434d59-1597-4783-b0b6-9f9a821d30d8-flow-m-86400-m3s-qualified","2024-07-17T09:00:00","2024-07-17","1.436","Complete","Good",""
"http://environment.data.gov.uk/hydrology/id/measures/29434d59-1597-4783-b0b6-9f9a821d30d8-flow-m-86400-m3s-qualified","2024-07-18T09:00:00","2024-07-18","1.342","Complete","Good",""
"http://environment.data.gov.uk/hydrology/id/measures/29434d59-1597-4783-b0b6-9f9a821d30d8-flow-m-86400-m3s-qualified","2024-07-19T09:00:00","2024-07-19","1.232","Complete","Good",""
"http://environment.data.gov.uk/hydrology/id/measures/29434d59-1597-4783-b0b6-9f9a821d30d8-flow-m-86400-m3s-qualified","2024-07-20T09:00:00","2024-07-20","1.174","Complete","Good",""
"http://environment.data.gov.uk/hydrology/id/measures/29434d59-1597-4783-b0b6-9f9a821d30d8-flow-m-86400-m3s-qualified","2024-07-21T09:00:00","2024-07-21","1.178","Complete","Good",""
"http://environment.data.gov.uk/hydrology/id/measures/29434d59-1597-4783-b0b6-9f9a821d30d8-flow-m-86400-m3s-qualified","2024-07-22T09:00:00","2024-07-22","1.264","Complete","Good",""
"http://environment.data.gov.uk/hydrology/id/measures/29434d59-1597-4783-b0b6-9f9a821d30d8-flow-m-86400-m3s-qualified","2024-07-23T09:00:00","2024-07-23","1.246","Complete","Good",""
"http://environment.data.gov.uk/hydrology/id/measures/29434d59-1597-4783-b0b6-9f9a821d30d8-flow-m-86400-m3s-qualified","2024-07-24T09:00:00","2024-07-24","1.248","Complete","Good",""
"http://environment.data.gov.uk/hydrology/id/measures/29434d59-1597-4783-b0b6-9f9a821d30d8-flow-m-86400-m3s-qualified","2024-07-25T09:00:00","2024-07-25","1.281","Complete","Good",""
"http://environment.data.gov.uk/hydrology/id/measures/29434d59-1597-4783-b0b6-9f9a821d30d8-flow-m-86400-m3s-qualified","2024-07-26T09:00:00","2024-07-26","1.256","Complete","Good",""
"http://environment.data.gov.uk/hydrology/id/measures/29434d59-1597-4783-b0b6-9f9a821d30d8-flow-m-86400-m3s-qualified","2024-07-27T09:00:00","2024-07-27","1.245","Complete","Good",""
"http://environment.data.gov.uk/hydrology/id/measures/29434d59-1597-4783-b0b6-9f9a821d30d8-flow-m-86400-m3s-qualified","2024-07-28T09:00:00","2024-07-28","1.162","Complete","Good",""
"http://environment.data.gov.uk/hydrology/id/measures/29434d59-1597-4783-b0b6-9f9a821d30d8-flow-m-86400-m3s-qualified","2024-07-29T09:00:00","2024-07-29","1.149","Complete","Good",""
"http://environment.data.gov.uk/hydrology/id/measures/29434d59-1597-4783-b0b6-9f9a821d30d8-flow-m-86400-m3s-qualified","2024-07-30T09:00:00","2024-07-30","1.18","Complete","Good",""
"http://environment.data.gov.uk/hydrology/id/measures/29434d59-1597-4783-b0b6-9f9a821d30d8-flow-m-86400-m3s-qualified","2024-07-31T09:00:00","2024-07-31","1.039","Complete","Good",""
"http://environment.data.gov.uk/hydrology/id/measures/29434d59-1597-4783-b0b6-9f9a821d30d8-flow-m-86400-m3s-qualified","2024-08-01T09:00:00","2024-08-01","1.081","Complete","Good",""
"http://environment.data.gov.uk/hydrology/id/measures/29434d59-1597-4783-b0b6-9f9a821d30d8-flow-m-86400-m3s-qualified","2024-08-02T09:00:00","2024-08-02","1.122","Complete","Good",""
"http://environment.data.gov.uk/hydrology/id/measures/29434d59-1597-4783-b0b6-9f9a821d30d8-flow-m-86400-m3s-qualified","2024-08-03T09:00:00","2024-08-03","1.134","Complete","Good",""
"http://environment.data.gov.uk/hydrology/id/measures/29434d59-1597-4783-b0b6-9f9a821d30d8-flow-m-86400-m3s-qualified","2024-08-04T09:00:00","2024-08-04","1.049","Complete","Good",""
"http://environment.data.gov.uk/hydrology/id/measures/29434d59-1597-4783-b0b6-9f9a821d30d8-flow-m-86400-m3s-qualified","2024-08-05T09:00:00","2024-08-05","1.024","Complete","Good",""
"http://environment.data.gov.uk/hydrology/id/measures/29434d59-1597-4783-b0b6-9f9a821d30d8-flow-m-86400-m3s-qualified","2024-08-06T09:00:00","2024-08-06","1.276","Complete","Good",""
"http://environment.data.gov.uk/hydrology/id/measures/29434d59-1597-4783-b0b6-9f9a821d30d8-flow-m-86400-m3s-qualified","2024-08-07T09:00:00","2024-08-07","1.211","Complete","Good",""
"http://environment.data.gov.uk/hydrology/id/measures/29434d59-1597-4783-b0b6-9f9a821d30d8-flow-m-86400-m3s-qualified","2024-08-08T09:00:00","2024-08-08","1.339","Complete","Good",""
"http://environment.data.gov.uk/hydrology/id/measures/29434d59-1597-4783-b0b6-9f9a821d30d8-flow-m-86400-m3s-qualified","2024-08-09T09:00:00","2024-08-09","1.093","Complete","Good",""
"http://environment.data.gov.uk/hydrology/id/measures/29434d59-1597-4783-b0b6-9f9a821d30d8-flow-m-86400-m3s-qualified","2024-08-10T09:00:00","2024-08-10","1.108","Complete","Good",""
"http://environment.data.gov.uk/hydrology/id/measures/29434d59-1597-4783-b0b6-9f9a821d30d8-flow-m-86400-m3s-qualified","2024-08-11T09:00:00","2024-08-11","1.102","Complete","Good",""
"http://environment.data.gov.uk/hydrology/id/measures/29434d59-1597-4783-b0b6-9f9a821d30d8-flow-m-86400-m3s-qualified","2024-08-12T09:00:00","2024-08-12","1.122","Complete","Good",""
"http://environment.data.gov.uk/hydrology/id/measures/29434d59-1597-4783-b0b6-9f9a821d30d8-flow-m-86400-m3s-qualified","2024-08-13T09:00:00","2024-08-13","0.998","Complete","Good",""
"http://environment.data.gov.uk/hydrology/id/measures/29434d59-1597-4783-b0b6-9f9a821d30d8-flow-m-86400-m3s-qualified","2024-08-14T09:00:00","2024-08-14","1.126","Complete","Good",""
"http://environment.data.gov.uk/hydrology/id/measures/29434d59-1597-4783-b0b6-9f9a821d30d8-flow-m-86400-m3s-qualified","2024-08-15T09:00:00","2024-08-15","0.974","Complete","Good",""
"http://environment.data.gov.uk/hydrology/id/measures/29434d59-1597-4783-b0b6-9f9a821d30d8-flow-m-86400-m3s-qualified","2024-08-16T09:00:00","2024-08-16","1.044","Complete","Good",""
"http://environment.data.gov.uk/hydrology/id/measures/29434d59-1597-4783-b0b6-9f9a821d30d8-flow-m-86400-m3s-qualified","2024-08-17T09:00:00","2024-08-17","1.022","Complete","Good",""
"http://environment.data.gov.uk/hydrology/id/measures/29434d59-1597-4783-b0b6-9f9a821d30d8-flow-m-86400-m3s-qualified","2024-08-18T09:00:00","2024-08-18","1.016","Complete","Good",""
"http://environment.data.gov.uk/hydrology/id/measures/29434d59-1597-4783-b0b6-9f9a821d30d8-flow-m-86400-m3s-qualified","2024-08-19T09:00:00","2024-08-19","1.001","Complete","Good",""
"http://environment.data.gov.uk/hydrology/id/measures/29434d59-1597-4783-b0b6-9f9a821d30d8-flow-m-86400-m3s-qualified","2024-08-20T09:00:00","2024-08-20","1.019","Complete","Good",""
"http://environment.data.gov.uk/hydrology/id/measures/29434d59-1597-4783-b0b6-9f9a821d30d8-flow-m-86400-m3s-qualified","2024-08-21T09:00:00","2024-08-21","1.076","Complete","Good",""
"http://environment.data.gov.uk/hydrology/id/measures/29434d59-1597-4783-b0b6-9f9a821d30d8-flow-m-86400-m3s-qualified","2024-08-22T09:00:00","2024-08-22","1.107","Complete","Good",""
"http://environment.data.gov.uk/hydrology/id/measures/29434d59-1597-4783-b0b6-9f9a821d30d8-flow-m-86400-m3s-qualified","2024-08-23T09:00:00","2024-08-23","1.114","Complete","Good",""
"http://environment.data.gov.uk/hydrology/id/measures/29434d59-1597-4783-b0b6-9f9a821d30d8-flow-m-86400-m3s-qualified","2024-08-24T09:00:00","2024-08-24","2.351","Complete","Good",""
"http://environment.data.gov.uk/hydrology/id/measures/29434d59-1597-4783-b0b6-9f9a821d30d8-flow-m-86400-m3s-qualified","2024-08-25T09:00:00","2024-08-25","1.618","Complete","Good",""
"http://environment.data.gov.uk/hydrology/id/measures/29434d59-1597-4783-b0b6-9f9a821d30d8-flow-m-86400-m3s-qualified","2024-08-26T09:00:00","2024-08-26","1.212","Complete","Good",""
"http://environment.data.gov.uk/hydrology/id/measures/29434d59-1597-4783-b0b6-9f9a821d30d8-flow-m-86400-m3s-qualified","2024-08-27T09:00:00","2024-08-27","1.121","Complete","Good",""
"http://environment.data.gov.uk/hydrology/id/measures/29434d59-1597-4783-b0b6-9f9a821d30d8-flow-m-86400-m3s-qualified","2024-08-28T09:00:00","2024-08-28","1.018","Complete","Good",""
"http://environment.data.gov.uk/hydrology/id/measures/29434d59-1597-4783-b0b6-9f9a821d30d8-flow-m-86400-m3s-qualified","2024-08-29T09:00:00","2024-08-29","1.023","Complete","Good",""
"http://environment.data.gov.uk/hydrology/id/measures/29434d59-1597-4783-b0b6-9f9a821d30d8-flow-m-86400-m3s-qualified","2024-08-30T09:00:00","2024-08-30","1.053","Complete","Good",""
"http://environment.data.gov.uk/hydrology/id/measures/29434d59-1597-4783-b0b6-9f9a821d30d8-flow-m-86400-m3s-qualified","2024-08-31T09:00:00","2024-08-31","1.044","Complete","Good",""
"http://environment.data.gov.uk/hydrology/id/measures/29434d59-1597-4783-b0b6-9f9a821d30d8-flow-m-86400-m3s-qualified","2024-09-01T09:00:00","2024-09-01","1.481","Complete","Good",""
"http://environment.data.gov.uk/hydrology/id/measures/29434d59-1597-4783-b0b6-9f9a821d30d8-flow-m-86400-m3s-qualified","2024-09-02T09:00:00","2024-09-02","1.578","Complete","Good",""
"http://environment.data.gov.uk/hydrology/id/measures/29434d59-1597-4783-b0b6-9f9a821d30d8-flow-m-86400-m3s-qualified","2024-09-03T09:00:00","2024-09-03","1.185","Complete","Good",""
"http://environment.data.gov.uk/hydrology/id/measures/29434d59-1597-4783-b0b6-9f9a821d30d8-flow-m-86400-m3s-qualified","2024-09-04T09:00:00","2024-09-04","1.207","Complete","Good",""
"http://environment.data.gov.uk/hydrology/id/measures/29434d59-1597-4783-b0b6-9f9a821d30d8-flow-m-86400-m3s-qualified","2024-09-05T09:00:00","2024-09-05","3.603","Complete","Good",""
"http://environment.data.gov.uk/hydrology/id/measures/29434d59-1597-4783-b0b6-9f9a821d30d8-flow-m-86400-m3s-qualified","2024-09-06T09:00:00","2024-09-06","5.779","Complete","Good",""
"http://environment.data.gov.uk/hydrology/id/measures/29434d59-1597-4783-b0b6-9f9a821d30d8-flow-m-86400-m3s-qualified","2024-09-07T09:00:00","2024-09-07","3.397","Complete","Good",""
"http://environment.data.gov.uk/hydrology/id/measures/29434d59-1597-4783-b0b6-9f9a821d30d8-flow-m-86400-m3s-qualified","2024-09-08T09:00:00","2024-09-08","3.524","Complete","Good",""
"http://environment.data.gov.uk/hydrology/id/measures/29434d59-1597-4783-b0b6-9f9a821d30d8-flow-m-86400-m3s-qualified","2024-09-09T09:00:00","2024-09-09","2.254","Complete","Good",""
"http://environment.data.gov.uk/hydrology/id/measures/29434d59-1597-4783-b0b6-9f9a821d30d8-flow-m-86400-m3s-qualified","2024-09-10T09:00:00","2024-09-10","1.935","Complete","Good",""
"http://environment.data.gov.uk/hydrology/id/measures/29434d59-1597-4783-b0b6-9f9a821d30d8-flow-m-86400-m3s-qualified","2024-09-11T09:00:00","2024-09-11","1.958","Complete","Good",""
"http://environment.data.gov.uk/hydrology/id/measures/29434d59-1597-4783-b0b6-9f9a821d30d8-flow-m-86400-m3s-qualified","2024-09-12T09:00:00","2024-09-12","1.744","Complete","Good",""
"http://environment.data.gov.uk/hydrology/id/measures/29434d59-1597-4783-b0b6-9f9a821d30d8-flow-m-86400-m3s-qualified","2024-09-13T09:00:00","2024-09-13","1.537","Complete","Good",""
"http://environment.data.gov.uk/hydrology/id/measures/29434d59-1597-4783-b0b6-9f9a821d30d8-flow-m-86400-m3s-qualified","2024-09-14T09:00:00","2024-09-14","1.39","Complete","Good",""
"http://environment.data.gov.uk/hydrology/id/measures/29434d59-1597-4783-b0b6-9f9a821d30d8-flow-m-86400-m3s-qualified","2024-09-15T09:00:00","2024-09-15","1.426","Complete","Good",""
"http://environment.data.gov.uk/hydrology/id/measures/29434d59-1597-4783-b0b6-9f9a821d30d8-flow-m-86400-m3s-qualified","2024-09-16T09:00:00","2024-09-16","1.353","Complete","Good",""
"http://environment.data.gov.uk/hydrology/id/measures/29434d59-1597-4783-b0b6-9f9a821d30d8-flow-m-86400-m3s-qualified","2024-09-17T09:00:00","2024-09-17","1.219","Complete","Good",""
"http://environment.data.gov.uk/hydrology/id/measures/29434d59-1597-4783-b0b6-9f9a821d30d8-flow-m-86400-m3s-qualified","2024-09-18T09:00:00","2024-09-18","1.178","Complete","Good",""
"http://environment.data.gov.uk/hydrology/id/measures/29434d59-1597-4783-b0b6-9f9a821d30d8-flow-m-86400-m3s-qualified","2024-09-19T09:00:00","2024-09-19","1.16","Complete","Good",""
"http://environment.data.gov.uk/hydrology/id/measures/29434d59-1597-4783-b0b6-9f9a821d30d8-flow-m-86400-m3s-qualified","2024-09-20T09:00:00","2024-09-20","1.238","Complete","Good",""
"http://environment.data.gov.uk/hydrology/id/measures/29434d59-1597-4783-b0b6-9f9a821d30d8-flow-m-86400-m3s-qualified","2024-09-21T09:00:00","2024-09-21","1.319","Complete","Good",""
"http://environment.data.gov.uk/hydrology/id/measures/29434d59-1597-4783-b0b6-9f9a821d30d8-flow-m-86400-m3s-qualified","2024-09-22T09:00:00","2024-09-22","4.46","Complete","Good",""
"http://environment.data.gov.uk/hydrology/id/measures/29434d59-1597-4783-b0b6-9f9a821d30d8-flow-m-86400-m3s-qualified","2024-09-23T09:00:00","2024-09-23","20.22","Complete","Good",""
"http://environment.data.gov.uk/hydrology/id/measures/29434d59-1597-4783-b0b6-9f9a821d30d8-flow-m-86400-m3s-qualified","2024-09-24T09:00:00","2024-09-24","9.571","Complete","Good",""
"http://environment.data.gov.uk/hydrology/id/measures/29434d59-1597-4783-b0b6-9f9a821d30d8-flow-m-86400-m3s-qualified","2024-09-25T09:00:00","2024-09-25","9.156","Complete","Good",""
"http://environment.data.gov.uk/hydrology/id/measures/29434d59-1597-4783-b0b6-9f9a821d30d8-flow-m-86400-m3s-qualified","2024-09-26T09:00:00","2024-09-26","17.34","Complete","Good",""
"http://environment.data.gov.uk/hydrology/id/measures/29434d59-1597-4783-b0b6-9f9a821d30d8-flow-m-86400-m3s-qualified","2024-09-27T09:00:00","2024-09-27","12.058","Complete","Good",""
"http://environment.data.gov.uk/hydrology/id/measures/29434d59-1597-4783-b0b6-9f9a821d30d8-flow-m-86400-m3s-qualified","2024-09-28T09:00:00","2024-09-28","6.204","Complete","Good",""
"http://environment.data.gov.uk/hydrology/id/measures/29434d59-1597-4783-b0b6-9f9a821d30d8-flow-m-86400-m3s-qualified","2024-09-29T09:00:00","2024-09-29","10.631","Complete","Good",""
"http://environment.data.gov.uk/hydrology/id/measures/29434d59-1597-4783-b0b6-9f9a821d30d8-flow-m-86400-m3s-qualified","2024-09-30T09:00:00","2024-09-30","19.073","Complete","Good",""
"http://environment.data.gov.uk/hydrology/id/measures/29434d59-1597-4783-b0b6-9f9a821d30d8-flow-m-86400-m3s-qualified","2024-10-01T09:00:00","2024-10-01","7.761","Complete","Good",""
"http://environment.data.gov.uk/hydrology/id/measures/29434d59-1597-4783-b0b6-9f9a821d30d8-flow-m-86400-m3s-qualified","2024-10-02T09:00:00","2024-10-02","5.661","Complete","Good",""
"http://environment.data.gov.uk/hydrology/id/measures/29434d59-1597-4783-b0b6-9f9a821d30d8-flow-m-86400-m3s-qualified","2024-10-03T09:00:00","2024-10-03","4.614","Complete","Good",""
"http://environment.data.gov.uk/hydrology/id/measures/29434d59-1597-4783-b0b6-9f9a821d30d8-flow-m-86400-m3s-qualified","2024-10-04T09:00:00","2024-10-04","3.914","Complete","Good",""
"http://environment.data.gov.uk/hydrology/id/measures/29434d59-1597-4783-b0b6-9f9a821d30d8-flow-m-86400-m3s-qualified","2024-10-05T09:00:00","2024-10-05","3.477","Complete","Good",""
"http://environment.data.gov.uk/hydrology/id/measures/29434d59-1597-4783-b0b6-9f9a821d30d8-flow-m-86400-m3s-qualified","2024-10-06T09:00:00","2024-10-06","4.164","Complete","Good",""
"http://environment.data.gov.uk/hydrology/id/measures/29434d59-1597-4783-b0b6-9f9a821d30d8-flow-m-86400-m3s-qualified","2024-10-07T09:00:00","2024-10-07","5.757","Complete","Good",""
"http://environment.data.gov.uk/hydrology/id/measures/29434d59-1597-4783-b0b6-9f9a821d30d8-flow-m-86400-m3s-qualified","2024-10-08T09:00:00","2024-10-08","23.508","Complete","Good",""
"http://environment.data.gov.uk/hydrology/id/measures/29434d59-1597-4783-b0b6-9f9a821d30d8-flow-m-86400-m3s-qualified","2024-10-09T09:00:00","2024-10-09","15.346","Complete","Good",""
"http://environment.data.gov.uk/hydrology/id/measures/29434d59-1597-4783-b0b6-9f9a821d30d8-flow-m-86400-m3s-qualified","2024-10-10T09:00:00","2024-10-10","10.782","Complete","Good",""
"http://environment.data.gov.uk/hydrology/id/measures/29434d59-1597-4783-b0b6-9f9a821d30d8-flow-m-86400-m3s-qualified","2024-10-11T09:00:00","2024-10-11","7.042","Complete","Good",""
"http://environment.data.gov.uk/hydrology/id/measures/29434d59-1597-4783-b0b6-9f9a821d30d8-flow-m-86400-m3s-qualified","2024-10-12T09:00:00","2024-10-12","5.654","Complete","Good",""
"http://environment.data.gov.uk/hydrology/id/measures/29434d59-1597-4783-b0b6-9f9a821d30d8-flow-m-86400-m3s-qualified","2024-10-13T09:00:00","2024-10-13","5.469","Complete","Good",""
"http://environment.data.gov.uk/hydrology/id/measures/29434d59-1597-4783-b0b6-9f9a821d30d8-flow-m-86400-m3s-qualified","2024-10-14T09:00:00","2024-10-14","13.808","Complete","Good",""
"http://environment.data.gov.uk/hydrology/id/measures/29434d59-1597-4783-b0b6-9f9a821d30d8-flow-m-86400-m3s-qualified","2024-10-15T09:00:00","2024-10-15","7.963","Complete","Good",""
"http://environment.data.gov.uk/hydrology/id/measures/29434d59-1597-4783-b0b6-9f9a821d30d8-flow-m-86400-m3s-qualified","2024-10-16T09:00:00","2024-10-16","18.58","Complete","Good",""
"http://environment.data.gov.uk/hydrology/id/measures/29434d59-1597-4783-b0b6-9f9a821d30d8-flow-m-86400-m3s-qualified","2024-10-17T09:00:00","2024-10-17","12.63","Complete","Good",""
"http://environment.data.gov.uk/hydrology/id/measures/29434d59-1597-4783-b0b6-9f9a821d30d8-flow-m-86400-m3s-qualified","2024-10-18T09:00:00","2024-10-18","9.378","Complete","Good",""
"http://environment.data.gov.uk/hydrology/id/measures/29434d59-1597-4783-b0b6-9f9a821d30d8-flow-m-86400-m3s-qualified","2024-10-19T09:00:00","2024-10-19","19.491","Complete","Good",""
"http://environment.data.gov.uk/hydrology/id/measures/29434d59-1597-4783-b0b6-9f9a821d30d8-flow-m-86400-m3s-qualified","2024-10-20T09:00:00","2024-10-20","13.147","Complete","Good",""
"http://environment.data.gov.uk/hydrology/id/measures/29434d59-1597-4783-b0b6-9f9a821d30d8-flow-m-86400-m3s-qualified","2024-10-21T09:00:00","2024-10-21","8.852","Complete","Good",""
"http://environment.data.gov.uk/hydrology/id/measures/29434d59-1597-4783-b0b6-9f9a821d30d8-flow-m-86400-m3s-qualified","2024-10-22T09:00:00","2024-10-22","8.602","Complete","Good",""
"http://environment.data.gov.uk/hydrology/id/measures/29434d59-1597-4783-b0b6-9f9a821d30d8-flow-m-86400-m3s-qualified","2024-10-23T09:00:00","2024-10-23","7.34","Complete","Good",""
"http://environment.data.gov.uk/hydrology/id/measures/29434d59-1597-4783-b0b6-9f9a821d30d8-flow-m-86400-m3s-qualified","2024-10-24T09:00:00","2024-10-24","6.154","Complete","Good",""
"http://environment.data.gov.uk/hydrology/id/measures/29434d59-1597-4783-b0b6-9f9a821d30d8-flow-m-86400-m3s-qualified","2024-10-25T09:00:00","2024-10-25","5.408","Complete","Good",""
"http://environment.data.gov.uk/hydrology/id/measures/29434d59-1597-4783-b0b6-9f9a821d30d8-flow-m-86400-m3s-qualified","2024-10-26T09:00:00","2024-10-26","4.804","Complete","Good",""
"http://environment.data.gov.uk/hydrology/id/measures/29434d59-1597-4783-b0b6-9f9a821d30d8-flow-m-86400-m3s-qualified","2024-10-27T09:00:00","2024-10-27","4.247","Complete","Good",""
"http://environment.data.gov.uk/hydrology/id/measures/29434d59-1597-4783-b0b6-9f9a821d30d8-flow-m-86400-m3s-qualified","2024-10-28T09:00:00","2024-10-28","4.133","Complete","Good",""
"http://environment.data.gov.uk/hydrology/id/measures/29434d59-1597-4783-b0b6-9f9a821d30d8-flow-m-86400-m3s-qualified","2024-10-29T09:00:00","2024-10-29","4.078","Complete","Good",""
"http://environment.data.gov.uk/hydrology/id/measures/29434d59-1597-4783-b0b6-9f9a821d30d8-flow-m-86400-m3s-qualified","2024-10-30T09:00:00","2024-10-30","3.624","Complete","Good",""
"http://environment.data.gov.uk/hydrology/id/measures/29434d59-1597-4783-b0b6-9f9a821d30d8-flow-m-86400-m3s-qualified","2024-10-31T09:00:00","2024-10-31","3.408","Complete","Good",""
"http://environment.data.gov.uk/hydrology/id/measures/29434d59-1597-4783-b0b6-9f9a821d30d8-flow-m-86400-m3s-qualified","2024-11-01T09:00:00","2024-11-01","3.21","Complete","Good",""
"http://environment.data.gov.uk/hydrology/id/measures/29434d59-1597-4783-b0b6-9f9a821d30d8-flow-m-86400-m3s-qualified","2024-11-02T09:00:00","2024-11-02","3.058","Complete","Good",""
"http://environment.data.gov.uk/hydrology/id/measures/29434d59-1597-4783-b0b6-9f9a821d30d8-flow-m-86400-m3s-qualified","2024-11-03T09:00:00","2024-11-03","2.973","Complete","Good",""
"http://environment.data.gov.uk/hydrology/id/measures/29434d59-1597-4783-b0b6-9f9a821d30d8-flow-m-86400-m3s-qualified","2024-11-04T09:00:00","2024-11-04","2.83","Complete","Good",""
"http://environment.data.gov.uk/hydrology/id/measures/29434d59-1597-4783-b0b6-9f9a821d30d8-flow-m-86400-m3s-qualified","2024-11-05T09:00:00","2024-11-05","2.699","Complete","Good",""
"http://environment.data.gov.uk/hydrology/id/measures/29434d59-1597-4783-b0b6-9f9a821d30d8-flow-m-86400-m3s-qualified","2024-11-06T09:00:00","2024-11-06","2.586","Complete","Good",""
"http://environment.data.gov.uk/hydrology/id/measures/29434d59-1597-4783-b0b6-9f9a821d30d8-flow-m-86400-m3s-qualified","2024-11-07T09:00:00","2024-11-07","2.517","Complete","Good",""
"http://environment.data.gov.uk/hydrology/id/measures/29434d59-1597-4783-b0b6-9f9a821d30d8-flow-m-86400-m3s-qualified","2024-11-08T09:00:00","2024-11-08","2.478","Complete","Good",""
"http://environment.data.gov.uk/hydrology/id/measures/29434d59-1597-4783-b0b6-9f9a821d30d8-flow-m-86400-m3s-qualified","2024-11-09T09:00:00","2024-11-09","2.415","Complete","Good",""
"http://environment.data.gov.uk/hydrology/id/measures/29434d59-1597-4783-b0b6-9f9a821d30d8-flow-m-86400-m3s-qualified","2024-11-10T09:00:00","2024-11-10","2.316","Complete","Good",""
"http://environment.data.gov.uk/hydrology/id/measures/29434d59-1597-4783-b0b6-9f9a821d30d8-flow-m-86400-m3s-qualified","2024-11-11T09:00:00","2024-11-11","2.23","Complete","Good",""
"http://environment.data.gov.uk/hydrology/id/measures/29434d59-1597-4783-b0b6-9f9a821d30d8-flow-m-86400-m3s-qualified","2024-11-12T09:00:00","2024-11-12","2.222","Complete","Good",""
"http://environment.data.gov.uk/hydrology/id/measures/29434d59-1597-4783-b0b6-9f9a821d30d8-flow-m-86400-m3s-qualified","2024-11-13T09:00:00","2024-11-13","2.145","Complete","Good",""
"http://environment.data.gov.uk/hydrology/id/measures/29434d59-1597-4783-b0b6-9f9a821d30d8-flow-m-86400-m3s-qualified","2024-11-14T09:00:00","2024-11-14","2.129","Complete","Good",""
"http://environment.data.gov.uk/hydrology/id/measures/29434d59-1597-4783-b0b6-9f9a821d30d8-flow-m-86400-m3s-qualified","2024-11-15T09:00:00","2024-11-15","2.124","Complete","Good",""
"http://environment.data.gov.uk/hydrology/id/measures/29434d59-1597-4783-b0b6-9f9a821d30d8-flow-m-86400-m3s-qualified","2024-11-16T09:00:00","2024-11-16","2.024","Complete","Good",""
"http://environment.data.gov.uk/hydrology/id/measures/29434d59-1597-4783-b0b6-9f9a821d30d8-flow-m-86400-m3s-qualified","2024-11-17T09:00:00","2024-11-17","2.299","Complete","Good",""
"http://environment.data.gov.uk/hydrology/id/measures/29434d59-1597-4783-b0b6-9f9a821d30d8-flow-m-86400-m3s-qualified","2024-11-18T09:00:00","2024-11-18","11.128","Complete","Good",""
"http://environment.data.gov.uk/hydrology/id/measures/29434d59-1597-4783-b0b6-9f9a821d30d8-flow-m-86400-m3s-qualified","2024-11-19T09:00:00","2024-11-19","19.427","Complete","Good",""
"http://environment.data.gov.uk/hydrology/id/measures/29434d59-1597-4783-b0b6-9f9a821d30d8-flow-m-86400-m3s-qualified","2024-11-20T09:00:00","2024-11-20","7.639","Complete","Good",""
"http://environment.data.gov.uk/hydrology/id/measures/29434d59-1597-4783-b0b6-9f9a821d30d8-flow-m-86400-m3s-qualified","2024-11-21T09:00:00","2024-11-21","5.376","Complete","Good",""
"http://environment.data.gov.uk/hydrology/id/measures/29434d59-1597-4783-b0b6-9f9a821d30d8-flow-m-86400-m3s-qualified","2024-11-22T09:00:00","2024-11-22","4.308","Complete","Good",""
"http://environment.data.gov.uk/hydrology/id/measures/29434d59-1597-4783-b0b6-9f9a821d30d8-flow-m-86400-m3s-qualified","2024-11-23T09:00:00","2024-11-23","19.039","Complete","Good",""
"http://environment.data.gov.uk/hydrology/id/measures/29434d59-1597-4783-b0b6-9f9a821d30d8-flow-m-86400-m3s-qualified","2024-11-24T09:00:00","2024-11-24","50.923","Complete","Good",""
"http://environment.data.gov.uk/hydrology/id/measures/29434d59-1597-4783-b0b6-9f9a821d30d8-flow-m-86400-m3s-qualified","2024-11-25T09:00:00","2024-11-25","21.429","Complete","Good",""
"http://environment.data.gov.uk/hydrology/id/measures/29434d59-1597-4783-b0b6-9f9a821d30d8-flow-m-86400-m3s-qualified","2024-11-26T09:00:00","2024-11-26","11.326","Complete","Good",""
"http://environment.data.gov.uk/hydrology/id/measures/29434d59-1597-4783-b0b6-9f9a821d30d8-flow-m-86400-m3s-qualified","2024-11-27T09:00:00","2024-11-27","13.36","Complete","Good",""
"http://environment.data.gov.uk/hydrology/id/measures/29434d59-1597-4783-b0b6-9f9a821d30d8-flow-m-86400-m3s-qualified","2024-11-28T09:00:00","2024-11-28","8.478","Complete","Good",""
"http://environment.data.gov.uk/hydrology/id/measures/29434d59-1597-4783-b0b6-9f9a821d30d8-flow-m-86400-m3s-qualified","2024-11-29T09:00:00","2024-11-29","7.134","Complete","Good",""
"http://environment.data.gov.uk/hydrology/id/measures/29434d59-1597-4783-b0b6-9f9a821d30d8-flow-m-86400-m3s-qualified","2024-11-30T09:00:00","2024-11-30","6.465","Complete","Good",""
"http://environment.data.gov.uk/hydrology/id/measures/29434d59-1597-4783-b0b6-9f9a821d30d8-flow-m-86400-m3s-qualified","2024-12-01T09:00:00","2024-12-01","8.771","Complete","Good",""
"http://environment.data.gov.uk/hydrology/id/measures/29434d59-1597-4783-b0b6-9f9a821d30d8-flow-m-86400-m3s-qualified","2024-12-02T09:00:00","2024-12-02","7.231","Complete","Good",""
"http://environment.data.gov.uk/hydrology/id/measures/29434d59-1597-4783-b0b6-9f9a821d30d8-flow-m-86400-m3s-qualified","2024-12-03T09:00:00","2024-12-03","6.023","Complete","Good",""
"http://environment.data.gov.uk/hydrology/id/measures/29434d59-1597-4783-b0b6-9f9a821d30d8-flow-m-86400-m3s-qualified","2024-12-04T09:00:00","2024-12-04","8.662","Complete","Good",""
"http://environment.data.gov.uk/hydrology/id/measures/29434d59-1597-4783-b0b6-9f9a821d30d8-flow-m-86400-m3s-qualified","2024-12-05T09:00:00","2024-12-05","27.823","Complete","Good",""
"http://environment.data.gov.uk/hydrology/id/measures/29434d59-1597-4783-b0b6-9f9a821d30d8-flow-m-86400-m3s-qualified","2024-12-06T09:00:00","2024-12-06","13.947","Complete","Good",""
"http://environment.data.gov.uk/hydrology/id/measures/29434d59-1597-4783-b0b6-9f9a821d30d8-flow-m-86400-m3s-qualified","2024-12-07T09:00:00","2024-12-07","11.299","Complete","Good",""
"http://environment.data.gov.uk/hydrology/id/measures/29434d59-1597-4783-b0b6-9f9a821d30d8-flow-m-86400-m3s-qualified","2024-12-08T09:00:00","2024-12-08","7.784","Complete","Good",""
"http://environment.data.gov.uk/hydrology/id/measures/29434d59-1597-4783-b0b6-9f9a821d30d8-flow-m-86400-m3s-qualified","2024-12-09T09:00:00","2024-12-09","6.659","Complete","Good",""
"http://environment.data.gov.uk/hydrology/id/measures/29434d59-1597-4783-b0b6-9f9a821d30d8-flow-m-86400-m3s-qualified","2024-12-10T09:00:00","2024-12-10","5.921","Complete","Good",""
"http://environment.data.gov.uk/hydrology/id/measures/29434d59-1597-4783-b0b6-9f9a821d30d8-flow-m-86400-m3s-qualified","2024-12-11T09:00:00","2024-12-11","5.189","Complete","Good",""
"http://environment.data.gov.uk/hydrology/id/measures/29434d59-1597-4783-b0b6-9f9a821d30d8-flow-m-86400-m3s-qualified","2024-12-12T09:00:00","2024-12-12","4.821","Complete","Good",""
"http://environment.data.gov.uk/hydrology/id/measures/29434d59-1597-4783-b0b6-9f9a821d30d8-flow-m-86400-m3s-qualified","2024-12-13T09:00:00","2024-12-13","4.61","Complete","Good",""
"http://environment.data.gov.uk/hydrology/id/measures/29434d59-1597-4783-b0b6-9f9a821d30d8-flow-m-86400-m3s-qualified","2024-12-14T09:00:00","2024-12-14","4.211","Complete","Good",""
"http://environment.data.gov.uk/hydrology/id/measures/29434d59-1597-4783-b0b6-9f9a821d30d8-flow-m-86400-m3s-qualified","2024-12-15T09:00:00","2024-12-15","4.058","Complete","Good",""
"http://environment.data.gov.uk/hydrology/id/measures/29434d59-1597-4783-b0b6-9f9a821d30d8-flow-m-86400-m3s-qualified","2024-12-16T09:00:00","2024-12-16","3.885","Complete","Good",""
"http://environment.data.gov.uk/hydrology/id/measures/29434d59-1597-4783-b0b6-9f9a821d30d8-flow-m-86400-m3s-qualified","2024-12-17T09:00:00","2024-12-17","3.742","Complete","Good",""
"http://environment.data.gov.uk/hydrology/id/measures/29434d59-1597-4783-b0b6-9f9a821d30d8-flow-m-86400-m3s-qualified","2024-12-18T09:00:00","2024-12-18","4.593","Complete","Good",""
"http://environment.data.gov.uk/hydrology/id/measures/29434d59-1597-4783-b0b6-9f9a821d30d8-flow-m-86400-m3s-qualified","2024-12-19T09:00:00","2024-12-19","4.922","Complete","Good",""
"http://environment.data.gov.uk/hydrology/id/measures/29434d59-1597-4783-b0b6-9f9a821d30d8-flow-m-86400-m3s-qualified","2024-12-20T09:00:00","2024-12-20","6.259","Complete","Good",""
"http://environment.data.gov.uk/hydrology/id/measures/29434d59-1597-4783-b0b6-9f9a821d30d8-flow-m-86400-m3s-qualified","2024-12-21T09:00:00","2024-12-21","7.62","Complete","Good",""
"http://environment.data.gov.uk/hydrology/id/measures/29434d59-1597-4783-b0b6-9f9a821d30d8-flow-m-86400-m3s-qualified","2024-12-22T09:00:00","2024-12-22","6.305","Complete","Good",""
"http://environment.data.gov.uk/hydrology/id/measures/29434d59-1597-4783-b0b6-9f9a821d30d8-flow-m-86400-m3s-qualified","2024-12-23T09:00:00","2024-12-23","4.893","Complete","Good",""
"http://environment.data.gov.uk/hydrology/id/measures/29434d59-1597-4783-b0b6-9f9a821d30d8-flow-m-86400-m3s-qualified","2024-12-24T09:00:00","2024-12-24","4.252","Complete","Good",""
"http://environment.data.gov.uk/hydrology/id/measures/29434d59-1597-4783-b0b6-9f9a821d30d8-flow-m-86400-m3s-qualified","2024-12-25T09:00:00","2024-12-25","3.887","Complete","Good",""
"http://environment.data.gov.uk/hydrology/id/measures/29434d59-1597-4783-b0b6-9f9a821d30d8-flow-m-86400-m3s-qualified","2024-12-26T09:00:00","2024-12-26","3.568","Complete","Good",""
"http://environment.data.gov.uk/hydrology/id/measures/29434d59-1597-4783-b0b6-9f9a821d30d8-flow-m-86400-m3s-qualified","2024-12-27T09:00:00","2024-12-27","3.366","Complete","Good",""
"http://environment.data.gov.uk/hydrology/id/measures/29434d59-1597-4783-b0b6-9f9a821d30d8-flow-m-86400-m3s-qualified","2024-12-28T09:00:00","2024-12-28","3.239","Complete","Good",""
"http://environment.data.gov.uk/hydrology/id/measures/29434d59-1597-4783-b0b6-9f9a821d30d8-flow-m-86400-m3s-qualified","2024-12-29T09:00:00","2024-12-29","3.168","Complete","Good",""
"http://environment.data.gov.uk/hydrology/id/measures/29434d59-1597-4783-b0b6-9f9a821d30d8-flow-m-86400-m3s-qualified","2024-12-30T09:00:00","2024-12-30","3.132","Complete","Good",""
"http://environment.data.gov.uk/hydrology/id/measures/29434d59-1597-4783-b0b6-9f9a821d30d8-flow-m-86400-m3s-qualified","2024-12-31T09:00:00","2024-12-31","3.018","Complete","Good",""
"http://environment.data.gov.uk/hydrology/id/measures/29434d59-1597-4783-b0b6-9f9a821d30d8-flow-m-86400-m3s-qualified","2025-01-01T09:00:00","2025-01-01","5.762","Complete","Good",""
"http://environment.data.gov.uk/hydrology/id/measures/29434d59-1597-4783-b0b6-9f9a821d30d8-flow-m-86400-m3s-qualified","2025-01-02T09:00:00","2025-01-02","4.892","Complete","Good",""
"http://environment.data.gov.uk/hydrology/id/measures/29434d59-1597-4783-b0b6-9f9a821d30d8-flow-m-86400-m3s-qualified","2025-01-03T09:00:00","2025-01-03","3.844","Complete","Good",""
"http://environment.data.gov.uk/hydrology/id/measures/29434d59-1597-4783-b0b6-9f9a821d30d8-flow-m-86400-m3s-qualified","2025-01-04T09:00:00","2025-01-04","8.229","Complete","Good",""
"http://environment.data.gov.uk/hydrology/id/measures/29434d59-1597-4783-b0b6-9f9a821d30d8-flow-m-86400-m3s-qualified","2025-01-05T09:00:00","2025-01-05","31.868","Complete","Good",""
"http://environment.data.gov.uk/hydrology/id/measures/29434d59-1597-4783-b0b6-9f9a821d30d8-flow-m-86400-m3s-qualified","2025-01-06T09:00:00","2025-01-06","21.614","Complete","Good",""
"http://environment.data.gov.uk/hydrology/id/measures/29434d59-1597-4783-b0b6-9f9a821d30d8-flow-m-86400-m3s-qualified","2025-01-07T09:00:00","2025-01-07","11.678","Complete","Good",""
"http://environment.data.gov.uk/hydrology/id/measures/29434d59-1597-4783-b0b6-9f9a821d30d8-flow-m-86400-m3s-qualified","2025-01-08T09:00:00","2025-01-08","8.815","Complete","Good",""
"http://environment.data.gov.uk/hydrology/id/measures/29434d59-1597-4783-b0b6-9f9a821d30d8-flow-m-86400-m3s-qualified","2025-01-09T09:00:00","2025-01-09","7.131","Complete","Good",""
"http://environment.data.gov.uk/hydrology/id/measures/29434d59-1597-4783-b0b6-9f9a821d30d8-flow-m-86400-m3s-qualified","2025-01-10T09:00:00","2025-01-10","6.03","Complete","Good",""
"http://environment.data.gov.uk/hydrology/id/measures/29434d59-1597-4783-b0b6-9f9a821d30d8-flow-m-86400-m3s-qualified","2025-01-11T09:00:00","2025-01-11","5.439","Complete","Good",""
"http://environment.data.gov.uk/hydrology/id/measures/29434d59-1597-4783-b0b6-9f9a821d30d8-flow-m-86400-m3s-qualified","2025-01-12T09:00:00","2025-01-12","5.198","Complete","Good",""
"http://environment.data.gov.uk/hydrology/id/measures/29434d59-1597-4783-b0b6-9f9a821d30d8-flow-m-86400-m3s-qualified","2025-01-13T09:00:00","2025-01-13","4.851","Complete","Good",""
"http://environment.data.gov.uk/hydrology/id/measures/29434d59-1597-4783-b0b6-9f9a821d30d8-flow-m-86400-m3s-qualified","2025-01-14T09:00:00","2025-01-14","4.3","Complete","Good",""
"http://environment.data.gov.uk/hydrology/id/measures/29434d59-1597-4783-b0b6-9f9a821d30d8-flow-m-86400-m3s-qualified","2025-01-15T09:00:00","2025-01-15","3.968","Complete","Good",""
"http://environment.data.gov.uk/hydrology/id/measures/29434d59-1597-4783-b0b6-9f9a821d30d8-flow-m-86400-m3s-qualified","2025-01-16T09:00:00","2025-01-16","3.659","Complete","Good",""
"http://environment.data.gov.uk/hydrology/id/measures/29434d59-1597-4783-b0b6-9f9a821d30d8-flow-m-86400-m3s-qualified","2025-01-17T09:00:00","2025-01-17","3.507","Complete","Good",""
"http://environment.data.gov.uk/hydrology/id/measures/29434d59-1597-4783-b0b6-9f9a821d30d8-flow-m-86400-m3s-qualified","2025-01-18T09:00:00","2025-01-18","3.332","Complete","Good",""
"http://environment.data.gov.uk/hydrology/id/measures/29434d59-1597-4783-b0b6-9f9a821d30d8-flow-m-86400-m3s-qualified","2025-01-19T09:00:00","2025-01-19","3.204","Complete","Good",""
"http://environment.data.gov.uk/hydrology/id/measures/29434d59-1597-4783-b0b6-9f9a821d30d8-flow-m-86400-m3s-qualified","2025-01-20T09:00:00","2025-01-20","3.153","Complete","Good",""
"http://environment.data.gov.uk/hydrology/id/measures/29434d59-1597-4783-b0b6-9f9a821d30d8-flow-m-86400-m3s-qualified","2025-01-21T09:00:00","2025-01-21","3.139","Complete","Good",""
"http://environment.data.gov.uk/hydrology/id/measures/29434d59-1597-4783-b0b6-9f9a821d30d8-flow-m-86400-m3s-qualified","2025-01-22T09:00:00","2025-01-22","3.153","Complete","Good",""
"http://environment.data.gov.uk/hydrology/id/measures/29434d59-1597-4783-b0b6-9f9a821d30d8-flow-m-86400-m3s-qualified","2025-01-23T09:00:00","2025-01-23","5.356","Complete","Good",""
"http://environment.data.gov.uk/hydrology/id/measures/29434d59-1597-4783-b0b6-9f9a821d30d8-flow-m-86400-m3s-qualified","2025-01-24T09:00:00","2025-01-24","10.21","Complete","Good",""
"http://environment.data.gov.uk/hydrology/id/measures/29434d59-1597-4783-b0b6-9f9a821d30d8-flow-m-86400-m3s-qualified","2025-01-25T09:00:00","2025-01-25","6.482","Complete","Good",""
"http://environment.data.gov.uk/hydrology/id/measures/29434d59-1597-4783-b0b6-9f9a821d30d8-flow-m-86400-m3s-qualified","2025-01-26T09:00:00","2025-01-26","47.17","Complete","Good",""
"http://environment.data.gov.uk/hydrology/id/measures/29434d59-1597-4783-b0b6-9f9a821d30d8-flow-m-86400-m3s-qualified","2025-01-27T09:00:00","2025-01-27","36.837","Complete","Good",""
"http://environment.data.gov.uk/hydrology/id/measures/29434d59-1597-4783-b0b6-9f9a821d30d8-flow-m-86400-m3s-qualified","2025-01-28T09:00:00","2025-01-28","23.371","Complete","Good",""
"http://environment.data.gov.uk/hydrology/id/measures/29434d59-1597-4783-b0b6-9f9a821d30d8-flow-m-86400-m3s-qualified","2025-01-29T09:00:00","2025-01-29","11.748","Complete","Good",""
"http://environment.data.gov.uk/hydrology/id/measures/29434d59-1597-4783-b0b6-9f9a821d30d8-flow-m-86400-m3s-qualified","2025-01-30T09:00:00","2025-01-30","8.707","Complete","Good",""
"http://environment.data.gov.uk/hydrology/id/measures/29434d59-1597-4783-b0b6-9f9a821d30d8-flow-m-86400-m3s-qualified","2025-01-31T09:00:00","2025-01-31","11.059","Complete","Good",""
"http://environment.data.gov.uk/hydrology/id/measures/29434d59-1597-4783-b0b6-9f9a821d30d8-flow-m-86400-m3s-qualified","2025-02-01T09:00:00","2025-02-01","7.748","Complete","Good",""
"http://environment.data.gov.uk/hydrology/id/measures/29434d59-1597-4783-b0b6-9f9a821d30d8-flow-m-86400-m3s-qualified","2025-02-02T09:00:00","2025-02-02","6.553","Complete","Good",""
"http://environment.data.gov.uk/hydrology/id/measures/29434d59-1597-4783-b0b6-9f9a821d30d8-flow-m-86400-m3s-qualified","2025-02-03T09:00:00","2025-02-03","5.844","Complete","Good",""
"http://environment.data.gov.uk/hydrology/id/measures/29434d59-1597-4783-b0b6-9f9a821d30d8-flow-m-86400-m3s-qualified","2025-02-04T09:00:00","2025-02-04","5.402","Complete","Good",""
"http://environment.data.gov.uk/hydrology/id/measures/29434d59-1597-4783-b0b6-9f9a821d30d8-flow-m-86400-m3s-qualified","2025-02-05T09:00:00","2025-02-05","4.893","Complete","Good",""
"http://environment.data.gov.uk/hydrology/id/measures/29434d59-1597-4783-b0b6-9f9a821d30d8-flow-m-86400-m3s-qualified","2025-02-06T09:00:00","2025-02-06","4.563","Complete","Good",""
"http://environment.data.gov.uk/hydrology/id/measures/29434d59-1597-4783-b0b6-9f9a821d30d8-flow-m-86400-m3s-qualified","2025-02-07T09:00:00","2025-02-07","4.608","Complete","Good",""
"http://environment.data.gov.uk/hydrology/id/measures/29434d59-1597-4783-b0b6-9f9a821d30d8-flow-m-86400-m3s-qualified","2025-02-08T09:00:00","2025-02-08","4.927","Complete","Good",""
"http://environment.data.gov.uk/hydrology/id/measures/29434d59-1597-4783-b0b6-9f9a821d30d8-flow-m-86400-m3s-qualified","2025-02-09T09:00:00","2025-02-09","6.592","Complete","Good",""
"http://environment.data.gov.uk/hydrology/id/measures/29434d59-1597-4783-b0b6-9f9a821d30d8-flow-m-86400-m3s-qualified","2025-02-10T09:00:00","2025-02-10","14.149","Complete","Good",""
"http://environment.data.gov.uk/hydrology/id/measures/29434d59-1597-4783-b0b6-9f9a821d30d8-flow-m-86400-m3s-qualified","2025-02-11T09:00:00","2025-02-11","7.311","Complete","Good",""
"http://environment.data.gov.uk/hydrology/id/measures/29434d59-1597-4783-b0b6-9f9a821d30d8-flow-m-86400-m3s-qualified","2025-02-12T09:00:00","2025-02-12","5.865","Complete","Good",""
"http://environment.data.gov.uk/hydrology/id/measures/29434d59-1597-4783-b0b6-9f9a821d30d8-flow-m-86400-m3s-qualified","2025-02-13T09:00:00","2025-02-13","5.242","Complete","Good",""
"http://environment.data.gov.uk/hydrology/id/measures/29434d59-1597-4783-b0b6-9f9a821d30d8-flow-m-86400-m3s-qualified","2025-02-14T09:00:00","2025-02-14","4.563","Complete","Good",""
"http://environment.data.gov.uk/hydrology/id/measures/29434d59-1597-4783-b0b6-9f9a821d30d8-flow-m-86400-m3s-qualified","2025-02-15T09:00:00","2025-02-15","4.635","Complete","Good",""
"http://environment.data.gov.uk/hydrology/id/measures/29434d59-1597-4783-b0b6-9f9a821d30d8-flow-m-86400-m3s-qualified","2025-02-16T09:00:00","2025-02-16","4.121","Complete","Good",""
"http://environment.data.gov.uk/hydrology/id/measures/29434d59-1597-4783-b0b6-9f9a821d30d8-flow-m-86400-m3s-qualified","2025-02-17T09:00:00","2025-02-17","3.73","Complete","Good",""
"http://environment.data.gov.uk/hydrology/id/measures/29434d59-1597-4783-b0b6-9f9a821d30d8-flow-m-86400-m3s-qualified","2025-02-18T09:00:00","2025-02-18","3.516","Complete","Good",""
"http://environment.data.gov.uk/hydrology/id/measures/29434d59-1597-4783-b0b6-9f9a821d30d8-flow-m-86400-m3s-qualified","2025-02-19T09:00:00","2025-02-19","3.571","Complete","Good",""
"http://environment.data.gov.uk/hydrology/id/measures/29434d59-1597-4783-b0b6-9f9a821d30d8-flow-m-86400-m3s-qualified","2025-02-20T09:00:00","2025-02-20","5.435","Complete","Good",""
"http://environment.data.gov.uk/hydrology/id/measures/29434d59-1597-4783-b0b6-9f9a821d30d8-flow-m-86400-m3s-qualified","2025-02-21T09:00:00","2025-02-21","6.838","Complete","Good",""
"http://environment.data.gov.uk/hydrology/id/measures/29434d59-1597-4783-b0b6-9f9a821d30d8-flow-m-86400-m3s-qualified","2025-02-22T09:00:00","2025-02-22","5.522","Complete","Good",""
"http://environment.data.gov.uk/hydrology/id/measures/29434d59-1597-4783-b0b6-9f9a821d30d8-flow-m-86400-m3s-qualified","2025-02-23T09:00:00","2025-02-23","16.978","Complete","Good",""
"http://environment.data.gov.uk/hydrology/id/measures/29434d59-1597-4783-b0b6-9f9a821d30d8-flow-m-86400-m3s-qualified","2025-02-24T09:00:00","2025-02-24","27.528","Complete","Good",""
"http://environment.data.gov.uk/hydrology/id/measures/29434d59-1597-4783-b0b6-9f9a821d30d8-flow-m-86400-m3s-qualified","2025-02-25T09:00:00","2025-02-25","10.694","Complete","Good",""
"http://environment.data.gov.uk/hydrology/id/measures/29434d59-1597-4783-b0b6-9f9a821d30d8-flow-m-86400-m3s-qualified","2025-02-26T09:00:00","2025-02-26","22.151","Complete","Good",""
"http://environment.data.gov.uk/hydrology/id/measures/29434d59-1597-4783-b0b6-9f9a821d30d8-flow-m-86400-m3s-qualified","2025-02-27T09:00:00","2025-02-27","9.813","Complete","Good",""
"http://environment.data.gov.uk/hydrology/id/measures/29434d59-1597-4783-b0b6-9f9a821d30d8-flow-m-86400-m3s-qualified","2025-02-28T09:00:00","2025-02-28","7.455","Complete","Good",""
"http://environment.data.gov.uk/hydrology/id/measures/29434d59-1597-4783-b0b6-9f9a821d30d8-flow-m-86400-m3s-qualified","2025-03-01T09:00:00","2025-03-01","6.141","Complete","Good",""
"http://environment.data.gov.uk/hydrology/id/measures/29434d59-1597-4783-b0b6-9f9a821d30d8-flow-m-86400-m3s-qualified","2025-03-02T09:00:00","2025-03-02","5.386","Complete","Good",""
"http://environment.data.gov.uk/hydrology/id/measures/29434d59-1597-4783-b0b6-9f9a821d30d8-flow-m-86400-m3s-qualified","2025-03-03T09:00:00","2025-03-03","4.806","Complete","Good",""
"http://environment.data.gov.uk/hydrology/id/measures/29434d59-1597-4783-b0b6-9f9a821d30d8-flow-m-86400-m3s-qualified","2025-03-04T09:00:00","2025-03-04","4.403","Complete","Good",""
"http://environment.data.gov.uk/hydrology/id/measures/29434d59-1597-4783-b0b6-9f9a821d30d8-flow-m-86400-m3s-qualified","2025-03-05T09:00:00","2025-03-05","4.256","Complete","Good",""
"http://environment.data.gov.uk/hydrology/id/measures/29434d59-1597-4783-b0b6-9f9a821d30d8-flow-m-86400-m3s-qualified","2025-03-06T09:00:00","2025-03-06","4.229","Complete","Good",""
"http://environment.data.gov.uk/hydrology/id/measures/29434d59-1597-4783-b0b6-9f9a821d30d8-flow-m-86400-m3s-qualified","2025-03-07T09:00:00","2025-03-07","3.853","Complete","Good",""
"http://environment.data.gov.uk/hydrology/id/measures/29434d59-1597-4783-b0b6-9f9a821d30d8-flow-m-86400-m3s-qualified","2025-03-08T09:00:00","2025-03-08","3.636","Complete","Good",""
"http://environment.data.gov.uk/hydrology/id/measures/29434d59-1597-4783-b0b6-9f9a821d30d8-flow-m-86400-m3s-qualified","2025-03-09T09:00:00","2025-03-09","3.464","Complete","Good",""
"http://environment.data.gov.uk/hydrology/id/measures/29434d59-1597-4783-b0b6-9f9a821d30d8-flow-m-86400-m3s-qualified","2025-03-10T09:00:00","2025-03-10","3.276","Complete","Good",""
"http://environment.data.gov.uk/hydrology/id/measures/29434d59-1597-4783-b0b6-9f9a821d30d8-flow-m-86400-m3s-qualified","2025-03-11T09:00:00","2025-03-11","3.077","Complete","Good",""
"http://environment.data.gov.uk/hydrology/id/measures/29434d59-1597-4783-b0b6-9f9a821d30d8-flow-m-86400-m3s-qualified","2025-03-12T09:00:00","2025-03-12","2.849","Complete","Good",""
"http://environment.data.gov.uk/hydrology/id/measures/29434d59-1597-4783-b0b6-9f9a821d30d8-flow-m-86400-m3s-qualified","2025-03-13T09:00:00","2025-03-13","2.794","Complete","Good",""
"http://environment.data.gov.uk/hydrology/id/measures/29434d59-1597-4783-b0b6-9f9a821d30d8-flow-m-86400-m3s-qualified","2025-03-14T09:00:00","2025-03-14","2.688","Complete","Good",""
"http://environment.data.gov.uk/hydrology/id/measures/29434d59-1597-4783-b0b6-9f9a821d30d8-flow-m-86400-m3s-qualified","2025-03-15T09:00:00","2025-03-15","2.55","Complete","Good",""
"http://environment.data.gov.uk/hydrology/id/measures/29434d59-1597-4783-b0b6-9f9a821d30d8-flow-m-86400-m3s-qualified","2025-03-16T09:00:00","2025-03-16","2.494","Complete","Good",""
"http://environment.data.gov.uk/hydrology/id/measures/29434d59-1597-4783-b0b6-9f9a821d30d8-flow-m-86400-m3s-qualified","2025-03-17T09:00:00","2025-03-17","2.442","Complete","Good",""
"http://environment.data.gov.uk/hydrology/id/measures/29434d59-1597-4783-b0b6-9f9a821d30d8-flow-m-86400-m3s-qualified","2025-03-18T09:00:00","2025-03-18","2.412","Complete","Good",""
"http://environment.data.gov.uk/hydrology/id/measures/29434d59-1597-4783-b0b6-9f9a821d30d8-flow-m-86400-m3s-qualified","2025-03-19T09:00:00","2025-03-19","2.41","Complete","Good",""
"http://environment.data.gov.uk/hydrology/id/measures/29434d59-1597-4783-b0b6-9f9a821d30d8-flow-m-86400-m3s-qualified","2025-03-20T09:00:00","2025-03-20","2.278","Complete","Good",""
"http://environment.data.gov.uk/hydrology/id/measures/29434d59-1597-4783-b0b6-9f9a821d30d8-flow-m-86400-m3s-qualified","2025-03-21T09:00:00","2025-03-21","2.243","Complete","Good",""
"http://environment.data.gov.uk/hydrology/id/measures/29434d59-1597-4783-b0b6-9f9a821d30d8-flow-m-86400-m3s-qualified","2025-03-22T09:00:00","2025-03-22","2.262","Complete","Good",""
"http://environment.data.gov.uk/hydrology/id/measures/29434d59-1597-4783-b0b6-9f9a821d30d8-flow-m-86400-m3s-qualified","2025-03-23T09:00:00","2025-03-23","2.117","Complete","Good",""
"http://environment.data.gov.uk/hydrology/id/measures/29434d59-1597-4783-b0b6-9f9a821d30d8-flow-m-86400-m3s-qualified","2025-03-24T09:00:00","2025-03-24","2.058","Complete","Good",""
"http://environment.data.gov.uk/hydrology/id/measures/29434d59-1597-4783-b0b6-9f9a821d30d8-flow-m-86400-m3s-qualified","2025-03-25T09:00:00","2025-03-25","1.887","Complete","Good",""
"http://environment.data.gov.uk/hydrology/id/measures/29434d59-1597-4783-b0b6-9f9a821d30d8-flow-m-86400-m3s-qualified","2025-03-26T09:00:00","2025-03-26","1.9","Complete","Good",""
"http://environment.data.gov.uk/hydrology/id/measures/29434d59-1597-4783-b0b6-9f9a821d30d8-flow-m-86400-m3s-qualified","2025-03-27T09:00:00","2025-03-27","2.028","Complete","Good",""
"http://environment.data.gov.uk/hydrology/id/measures/29434d59-1597-4783-b0b6-9f9a821d30d8-flow-m-86400-m3s-qualified","2025-03-28T09:00:00","2025-03-28","1.958","Complete","Good",""
"http://environment.data.gov.uk/hydrology/id/measures/29434d59-1597-4783-b0b6-9f9a821d30d8-flow-m-86400-m3s-qualified","2025-03-29T09:00:00","2025-03-29","1.932","Complete","Good",""
"http://environment.data.gov.uk/hydrology/id/measures/29434d59-1597-4783-b0b6-9f9a821d30d8-flow-m-86400-m3s-qualified","2025-03-30T09:00:00","2025-03-30","1.866","Complete","Good",""
"http://environment.data.gov.uk/hydrology/id/measures/29434d59-1597-4783-b0b6-9f9a821d30d8-flow-m-86400-m3s-qualified","2025-03-31T09:00:00","2025-03-31","1.808","Complete","Good",""
"http://environment.data.gov.uk/hydrology/id/measures/29434d59-1597-4783-b0b6-9f9a821d30d8-flow-m-86400-m3s-qualified","2025-04-01T09:00:00","2025-04-01","1.892","Complete","Good",""
"http://environment.data.gov.uk/hydrology/id/measures/29434d59-1597-4783-b0b6-9f9a821d30d8-flow-m-86400-m3s-qualified","2025-04-02T09:00:00","2025-04-02","1.731","Complete","Good",""
"http://environment.data.gov.uk/hydrology/id/measures/29434d59-1597-4783-b0b6-9f9a821d30d8-flow-m-86400-m3s-qualified","2025-04-03T09:00:00","2025-04-03","1.525","Complete","Good",""
"http://environment.data.gov.uk/hydrology/id/measures/29434d59-1597-4783-b0b6-9f9a821d30d8-flow-m-86400-m3s-qualified","2025-04-04T09:00:00","2025-04-04","1.507","Complete","Good",""
"http://environment.data.gov.uk/hydrology/id/measures/29434d59-1597-4783-b0b6-9f9a821d30d8-flow-m-86400-m3s-qualified","2025-04-05T09:00:00","2025-04-05","1.488","Complete","Good",""
"http://environment.data.gov.uk/hydrology/id/measures/29434d59-1597-4783-b0b6-9f9a821d30d8-flow-m-86400-m3s-qualified","2025-04-06T09:00:00","2025-04-06","1.536","Complete","Good",""
"http://environment.data.gov.uk/hydrology/id/measures/29434d59-1597-4783-b0b6-9f9a821d30d8-flow-m-86400-m3s-qualified","2025-04-07T09:00:00","2025-04-07","1.651","Complete","Good",""
"http://environment.data.gov.uk/hydrology/id/measures/29434d59-1597-4783-b0b6-9f9a821d30d8-flow-m-86400-m3s-qualified","2025-04-08T09:00:00","2025-04-08","1.759","Complete","Good",""
"http://environment.data.gov.uk/hydrology/id/measures/29434d59-1597-4783-b0b6-9f9a821d30d8-flow-m-86400-m3s-qualified","2025-04-09T09:00:00","2025-04-09","1.643","Complete","Good",""
"http://environment.data.gov.uk/hydrology/id/measures/29434d59-1597-4783-b0b6-9f9a821d30d8-flow-m-86400-m3s-qualified","2025-04-10T09:00:00","2025-04-10","1.492","Complete","Good",""
"http://environment.data.gov.uk/hydrology/id/measures/29434d59-1597-4783-b0b6-9f9a821d30d8-flow-m-86400-m3s-qualified","2025-04-11T09:00:00","2025-04-11","1.432","Complete","Good",""
"http://environment.data.gov.uk/hydrology/id/measures/29434d59-1597-4783-b0b6-9f9a821d30d8-flow-m-86400-m3s-qualified","2025-04-12T09:00:00","2025-04-12","1.583","Complete","Good",""
"http://environment.data.gov.uk/hydrology/id/measures/29434d59-1597-4783-b0b6-9f9a821d30d8-flow-m-86400-m3s-qualified","2025-04-13T09:00:00","2025-04-13","1.526","Complete","Good",""
"http://environment.data.gov.uk/hydrology/id/measures/29434d59-1597-4783-b0b6-9f9a821d30d8-flow-m-86400-m3s-qualified","2025-04-14T09:00:00","2025-04-14","1.562","Complete","Good",""
"http://environment.data.gov.uk/hydrology/id/measures/29434d59-1597-4783-b0b6-9f9a821d30d8-flow-m-86400-m3s-qualified","2025-04-15T09:00:00","2025-04-15","1.463","Complete","Good",""
"http://environment.data.gov.uk/hydrology/id/measures/29434d59-1597-4783-b0b6-9f9a821d30d8-flow-m-86400-m3s-qualified","2025-04-16T09:00:00","2025-04-16","1.672","Complete","Good",""
"http://environment.data.gov.uk/hydrology/id/measures/29434d59-1597-4783-b0b6-9f9a821d30d8-flow-m-86400-m3s-qualified","2025-04-17T09:00:00","2025-04-17","1.531","Complete","Good",""
"http://environment.data.gov.uk/hydrology/id/measures/29434d59-1597-4783-b0b6-9f9a821d30d8-flow-m-86400-m3s-qualified","2025-04-18T09:00:00","2025-04-18","1.721","Complete","Good",""
"http://environment.data.gov.uk/hydrology/id/measures/29434d59-1597-4783-b0b6-9f9a821d30d8-flow-m-86400-m3s-qualified","2025-04-19T09:00:00","2025-04-19","1.762","Complete","Good",""
"http://environment.data.gov.uk/hydrology/id/measures/29434d59-1597-4783-b0b6-9f9a821d30d8-flow-m-86400-m3s-qualified","2025-04-20T09:00:00","2025-04-20","1.648","Complete","Good",""
"http://environment.data.gov.uk/hydrology/id/measures/29434d59-1597-4783-b0b6-9f9a821d30d8-flow-m-86400-m3s-qualified","2025-04-21T09:00:00","2025-04-21","1.563","Complete","Good",""
"http://environment.data.gov.uk/hydrology/id/measures/29434d59-1597-4783-b0b6-9f9a821d30d8-flow-m-86400-m3s-qualified","2025-04-22T09:00:00","2025-04-22","1.492","Complete","Good",""
"http://environment.data.gov.uk/hydrology/id/measures/29434d59-1597-4783-b0b6-9f9a821d30d8-flow-m-86400-m3s-qualified","2025-04-23T09:00:00","2025-04-23","1.96","Complete","Good",""
"http://environment.data.gov.uk/hydrology/id/measures/29434d59-1597-4783-b0b6-9f9a821d30d8-flow-m-86400-m3s-qualified","2025-04-24T09:00:00","2025-04-24","1.456","Complete","Good",""
"http://environment.data.gov.uk/hydrology/id/measures/29434d59-1597-4783-b0b6-9f9a821d30d8-flow-m-86400-m3s-qualified","2025-04-25T09:00:00","2025-04-25","1.312","Complete","Good",""
"http://environment.data.gov.uk/hydrology/id/measures/29434d59-1597-4783-b0b6-9f9a821d30d8-flow-m-86400-m3s-qualified","2025-04-26T09:00:00","2025-04-26","1.273","Complete","Good",""
"http://environment.data.gov.uk/hydrology/id/measures/29434d59-1597-4783-b0b6-9f9a821d30d8-flow-m-86400-m3s-qualified","2025-04-27T09:00:00","2025-04-27","1.241","Complete","Good",""
"http://environment.data.gov.uk/hydrology/id/measures/29434d59-1597-4783-b0b6-9f9a821d30d8-flow-m-86400-m3s-qualified","2025-04-28T09:00:00","2025-04-28","1.351","Complete","Good",""
"http://environment.data.gov.uk/hydrology/id/measures/29434d59-1597-4783-b0b6-9f9a821d30d8-flow-m-86400-m3s-qualified","2025-04-29T09:00:00","2025-04-29","1.425","Complete","Good",""
"http://environment.data.gov.uk/hydrology/id/measures/29434d59-1597-4783-b0b6-9f9a821d30d8-flow-m-86400-m3s-qualified","2025-04-30T09:00:00","2025-04-30","1.298","Complete","Good",""
"http://environment.data.gov.uk/hydrology/id/measures/29434d59-1597-4783-b0b6-9f9a821d30d8-flow-m-86400-m3s-qualified","2025-05-01T09:00:00","2025-05-01","1.236","Complete","Good",""
"http://environment.data.gov.uk/hydrology/id/measures/29434d59-1597-4783-b0b6-9f9a821d30d8-flow-m-86400-m3s-qualified","2025-05-02T09:00:00","2025-05-02","1.276","Complete","Good",""
"http://environment.data.gov.uk/hydrology/id/measures/29434d59-1597-4783-b0b6-9f9a821d30d8-flow-m-86400-m3s-qualified","2025-05-03T09:00:00","2025-05-03","1.277","Complete","Good",""
"http://environment.data.gov.uk/hydrology/id/measures/29434d59-1597-4783-b0b6-9f9a821d30d8-flow-m-86400-m3s-qualified","2025-05-04T09:00:00","2025-05-04","1.306","Complete","Good",""
"http://environment.data.gov.uk/hydrology/id/measures/29434d59-1597-4783-b0b6-9f9a821d30d8-flow-m-86400-m3s-qualified","2025-05-05T09:00:00","2025-05-05","1.286","Complete","Good",""
"http://environment.data.gov.uk/hydrology/id/measures/29434d59-1597-4783-b0b6-9f9a821d30d8-flow-m-86400-m3s-qualified","2025-05-06T09:00:00","2025-05-06","1.329","Complete","Good",""
"http://environment.data.gov.uk/hydrology/id/measures/29434d59-1597-4783-b0b6-9f9a821d30d8-flow-m-86400-m3s-qualified","2025-05-07T09:00:00","2025-05-07","1.264","Complete","Good",""
"http://environment.data.gov.uk/hydrology/id/measures/29434d59-1597-4783-b0b6-9f9a821d30d8-flow-m-86400-m3s-qualified","2025-05-08T09:00:00","2025-05-08","1.127","Complete","Good",""
"http://environment.data.gov.uk/hydrology/id/measures/29434d59-1597-4783-b0b6-9f9a821d30d8-flow-m-86400-m3s-qualified","2025-05-09T09:00:00","2025-05-09","1.0","Complete","Good",""
"http://environment.data.gov.uk/hydrology/id/measures/29434d59-1597-4783-b0b6-9f9a821d30d8-flow-m-86400-m3s-qualified","2025-05-10T09:00:00","2025-05-10","0.983","Complete","Good",""
"http://environment.data.gov.uk/hydrology/id/measures/29434d59-1597-4783-b0b6-9f9a821d30d8-flow-m-86400-m3s-qualified","2025-05-11T09:00:00","2025-05-11","0.996","Complete","Good",""
"http://environment.data.gov.uk/hydrology/id/measures/29434d59-1597-4783-b0b6-9f9a821d30d8-flow-m-86400-m3s-qualified","2025-05-12T09:00:00","2025-05-12","0.988","Complete","Good",""
"http://environment.data.gov.uk/hydrology/id/measures/29434d59-1597-4783-b0b6-9f9a821d30d8-flow-m-86400-m3s-qualified","2025-05-13T09:00:00","2025-05-13","1.085","Complete","Good",""
"http://environment.data.gov.uk/hydrology/id/measures/29434d59-1597-4783-b0b6-9f9a821d30d8-flow-m-86400-m3s-qualified","2025-05-14T09:00:00","2025-05-14","0.985","Complete","Good",""
"http://environment.data.gov.uk/hydrology/id/measures/29434d59-1597-4783-b0b6-9f9a821d30d8-flow-m-86400-m3s-qualified","2025-05-15T09:00:00","2025-05-15","0.914","Complete","Good",""
"http://environment.data.gov.uk/hydrology/id/measures/29434d59-1597-4783-b0b6-9f9a821d30d8-flow-m-86400-m3s-qualified","2025-05-16T09:00:00","2025-05-16","0.916","Complete","Good",""
"http://environment.data.gov.uk/hydrology/id/measures/29434d59-1597-4783-b0b6-9f9a821d30d8-flow-m-86400-m3s-qualified","2025-05-17T09:00:00","2025-05-17","1.006","Complete","Good",""
"http://environment.data.gov.uk/hydrology/id/measures/29434d59-1597-4783-b0b6-9f9a821d30d8-flow-m-86400-m3s-qualified","2025-05-18T09:00:00","2025-05-18","1.096","Complete","Good",""
"http://environment.data.gov.uk/hydrology/id/measures/29434d59-1597-4783-b0b6-9f9a821d30d8-flow-m-86400-m3s-qualified","2025-05-19T09:00:00","2025-05-19","1.134","Complete","Good",""
"http://environment.data.gov.uk/hydrology/id/measures/29434d59-1597-4783-b0b6-9f9a821d30d8-flow-m-86400-m3s-qualified","2025-05-20T09:00:00","2025-05-20","1.049","Complete","Good",""
"http://environment.data.gov.uk/hydrology/id/measures/29434d59-1597-4783-b0b6-9f9a821d30d8-flow-m-86400-m3s-qualified","2025-05-21T09:00:00","2025-05-21","1.51","Complete","Good",""
"http://environment.data.gov.uk/hydrology/id/measures/29434d59-1597-4783-b0b6-9f9a821d30d8-flow-m-86400-m3s-qualified","2025-05-22T09:00:00","2025-05-22","1.192","Complete","Good",""
"http://environment.data.gov.uk/hydrology/id/measures/29434d59-1597-4783-b0b6-9f9a821d30d8-flow-m-86400-m3s-qualified","2025-05-23T09:00:00","2025-05-23","0.958","Complete","Good",""
"http://environment.data.gov.uk/hydrology/id/measures/29434d59-1597-4783-b0b6-9f9a821d30d8-flow-m-86400-m3s-qualified","2025-05-24T09:00:00","2025-05-24","0.975","Complete","Good",""
"http://environment.data.gov.uk/hydrology/id/measures/29434d59-1597-4783-b0b6-9f9a821d30d8-flow-m-86400-m3s-qualified","2025-05-25T09:00:00","2025-05-25","1.0","Complete","Good",""
"http://environment.data.gov.uk/hydrology/id/measures/29434d59-1597-4783-b0b6-9f9a821d30d8-flow-m-86400-m3s-qualified","2025-05-26T09:00:00","2025-05-26","1.134","Complete","Good",""
"http://environment.data.gov.uk/hydrology/id/measures/29434d59-1597-4783-b0b6-9f9a821d30d8-flow-m-86400-m3s-qualified","2025-05-27T09:00:00","2025-05-27","1.235","Complete","Good",""
"http://environment.data.gov.uk/hydrology/id/measures/29434d59-1597-4783-b0b6-9f9a821d30d8-flow-m-86400-m3s-qualified","2025-05-28T09:00:00","2025-05-28","1.075","Complete","Good",""
"http://environment.data.gov.uk/hydrology/id/measures/29434d59-1597-4783-b0b6-9f9a821d30d8-flow-m-86400-m3s-qualified","2025-05-29T09:00:00","2025-05-29","0.949","Complete","Good",""
"http://environment.data.gov.uk/hydrology/id/measures/29434d59-1597-4783-b0b6-9f9a821d30d8-flow-m-86400-m3s-qualified","2025-05-30T09:00:00","2025-05-30","1.015","Complete","Good",""
"http://environment.data.gov.uk/hydrology/id/measures/29434d59-1597-4783-b0b6-9f9a821d30d8-flow-m-86400-m3s-qualified","2025-05-31T09:00:00","2025-05-31","1.04","Complete","Good",""
"http://environment.data.gov.uk/hydrology/id/measures/29434d59-1597-4783-b0b6-9f9a821d30d8-flow-m-86400-m3s-qualified","2025-06-01T09:00:00","2025-06-01","0.996","Complete","Good",""
"http://environment.data.gov.uk/hydrology/id/measures/29434d59-1597-4783-b0b6-9f9a821d30d8-flow-m-86400-m3s-qualified","2025-06-02T09:00:00","2025-06-02","0.902","Complete","Good",""
"http://environment.data.gov.uk/hydrology/id/measures/29434d59-1597-4783-b0b6-9f9a821d30d8-flow-m-86400-m3s-qualified","2025-06-03T09:00:00","2025-06-03","1.049","Complete","Good",""
"http://environment.data.gov.uk/hydrology/id/measures/29434d59-1597-4783-b0b6-9f9a821d30d8-flow-m-86400-m3s-qualified","2025-06-04T09:00:00","2025-06-04","0.931","Complete","Good",""
"http://environment.data.gov.uk/hydrology/id/measures/29434d59-1597-4783-b0b6-9f9a821d30d8-flow-m-86400-m3s-qualified","2025-06-05T09:00:00","2025-06-05","1.298","Complete","Good",""
"http://environment.data.gov.uk/hydrology/id/measures/29434d59-1597-4783-b0b6-9f9a821d30d8-flow-m-86400-m3s-qualified","2025-06-06T09:00:00","2025-06-06","1.15","Complete","Good",""
"http://environment.data.gov.uk/hydrology/id/measures/29434d59-1597-4783-b0b6-9f9a821d30d8-flow-m-86400-m3s-qualified","2025-06-07T09:00:00","2025-06-07","1.297","Complete","Good",""
"http://environment.data.gov.uk/hydrology/id/measures/29434d59-1597-4783-b0b6-9f9a821d30d8-flow-m-86400-m3s-qualified","2025-06-08T09:00:00","2025-06-08","1.14","Complete","Good",""
"http://environment.data.gov.uk/hydrology/id/measures/29434d59-1597-4783-b0b6-9f9a821d30d8-flow-m-86400-m3s-qualified","2025-06-09T09:00:00","2025-06-09","0.918","Complete","Good",""
"http://environment.data.gov.uk/hydrology/id/measures/29434d59-1597-4783-b0b6-9f9a821d30d8-flow-m-86400-m3s-qualified","2025-06-10T09:00:00","2025-06-10","0.823","Complete","Good",""
"http://environment.data.gov.uk/hydrology/id/measures/29434d59-1597-4783-b0b6-9f9a821d30d8-flow-m-86400-m3s-qualified","2025-06-11T09:00:00","2025-06-11","0.765","Complete","Good",""
"http://environment.data.gov.uk/hydrology/id/measures/29434d59-1597-4783-b0b6-9f9a821d30d8-flow-m-86400-m3s-qualified","2025-06-12T09:00:00","2025-06-12","1.14","Complete","Good",""
"http://environment.data.gov.uk/hydrology/id/measures/29434d59-1597-4783-b0b6-9f9a821d30d8-flow-m-86400-m3s-qualified","2025-06-13T09:00:00","2025-06-13","1.046","Complete","Good",""
"http://environment.data.gov.uk/hydrology/id/measures/29434d59-1597-4783-b0b6-9f9a821d30d8-flow-m-86400-m3s-qualified","2025-06-14T09:00:00","2025-06-14","0.998","Complete","Good",""
"http://environment.data.gov.uk/hydrology/id/measures/29434d59-1597-4783-b0b6-9f9a821d30d8-flow-m-86400-m3s-qualified","2025-06-15T09:00:00","2025-06-15","1.018","Complete","Good",""
"http://environment.data.gov.uk/hydrology/id/measures/29434d59-1597-4783-b0b6-9f9a821d30d8-flow-m-86400-m3s-qualified","2025-06-16T09:00:00","2025-06-16","0.922","Complete","Good",""
"http://environment.data.gov.uk/hydrology/id/measures/29434d59-1597-4783-b0b6-9f9a821d30d8-flow-m-86400-m3s-qualified","2025-06-17T09:00:00","2025-06-17","0.918","Complete","Good",""
"http://environment.data.gov.uk/hydrology/id/measures/29434d59-1597-4783-b0b6-9f9a821d30d8-flow-m-86400-m3s-qualified","2025-06-18T09:00:00","2025-06-18","0.988","Complete","Good",""
"http://environment.data.gov.uk/hydrology/id/measures/29434d59-1597-4783-b0b6-9f9a821d30d8-flow-m-86400-m3s-qualified","2025-06-19T09:00:00","2025-06-19","0.801","Complete","Good",""
"http://environment.data.gov.uk/hydrology/id/measures/29434d59-1597-4783-b0b6-9f9a821d30d8-flow-m-86400-m3s-qualified","2025-06-20T09:00:00","2025-06-20","0.664","Complete","Good",""
"http://environment.data.gov.uk/hydrology/id/measures/29434d59-1597-4783-b0b6-9f9a821d30d8-flow-m-86400-m3s-qualified","2025-06-21T09:00:00","2025-06-21","0.615","Complete","Good",""
"http://environment.data.gov.uk/hydrology/id/measures/29434d59-1597-4783-b0b6-9f9a821d30d8-flow-m-86400-m3s-qualified","2025-06-22T09:00:00","2025-06-22","0.785","Complete","Good",""
"http://environment.data.gov.uk/hydrology/id/measures/29434d59-1597-4783-b0b6-9f9a821d30d8-flow-m-86400-m3s-qualified","2025-06-23T09:00:00","2025-06-23","0.728","Complete","Good",""
"http://environment.data.gov.uk/hydrology/id/measures/29434d59-1597-4783-b0b6-9f9a821d30d8-flow-m-86400-m3s-qualified","2025-06-24T09:00:00","2025-06-24","0.68","Complete","Good",""
"http://environment.data.gov.uk/hydrology/id/measures/29434d59-1597-4783-b0b6-9f9a821d30d8-flow-m-86400-m3s-qualified","2025-06-25T09:00:00","2025-06-25","0.651","Complete","Good",""
"http://environment.data.gov.uk/hydrology/id/measures/29434d59-1597-4783-b0b6-9f9a821d30d8-flow-m-86400-m3s-qualified","2025-06-26T09:00:00","2025-06-26","0.667","Complete","Good",""
"http://environment.data.gov.uk/hydrology/id/measures/29434d59-1597-4783-b0b6-9f9a821d30d8-flow-m-86400-m3s-qualified","2025-06-27T09:00:00","2025-06-27","0.642","Complete","Good",""
"http://environment.data.gov.uk/hydrology/id/measures/29434d59-1597-4783-b0b6-9f9a821d30d8-flow-m-86400-m3s-qualified","2025-06-28T09:00:00","2025-06-28","0.635","Complete","Good",""
"http://environment.data.gov.uk/hydrology/id/measures/29434d59-1597-4783-b0b6-9f9a821d30d8-flow-m-86400-m3s-qualified","2025-06-29T09:00:00","2025-06-29","0.56","Complete","Good",""
"http://environment.data.gov.uk/hydrology/id/measures/29434d59-1597-4783-b0b6-9f9a821d30d8-flow-m-86400-m3s-qualified","2025-06-30T09:00:00","2025-06-30","0.592","Complete","Good",""
"http://environment.data.gov.uk/hydrology/id/measures/29434d59-1597-4783-b0b6-9f9a821d30d8-flow-m-86400-m3s-qualified","2025-07-01T09:00:00","2025-07-01","0.548","Complete","Good",""
"http://environment.data.gov.uk/hydrology/id/measures/29434d59-1597-4783-b0b6-9f9a821d30d8-flow-m-86400-m3s-qualified","2025-07-02T09:00:00","2025-07-02","0.519","Complete","Good",""
"http://environment.data.gov.uk/hydrology/id/measures/29434d59-1597-4783-b0b6-9f9a821d30d8-flow-m-86400-m3s-qualified","2025-07-03T09:00:00","2025-07-03","0.508","Complete","Good",""
"http://environment.data.gov.uk/hydrology/id/measures/29434d59-1597-4783-b0b6-9f9a821d30d8-flow-m-86400-m3s-qualified","2025-07-04T09:00:00","2025-07-04","0.523","Complete","Good",""
"http://environment.data.gov.uk/hydrology/id/measures/29434d59-1597-4783-b0b6-9f9a821d30d8-flow-m-86400-m3s-qualified","2025-07-05T09:00:00","2025-07-05","0.574","Complete","Good",""
"http://environment.data.gov.uk/hydrology/id/measures/29434d59-1597-4783-b0b6-9f9a821d30d8-flow-m-86400-m3s-qualified","2025-07-06T09:00:00","2025-07-06","0.525","Complete","Good",""
"http://environment.data.gov.uk/hydrology/id/measures/29434d59-1597-4783-b0b6-9f9a821d30d8-flow-m-86400-m3s-qualified","2025-07-07T09:00:00","2025-07-07","0.641","Complete","Good",""
"http://environment.data.gov.uk/hydrology/id/measures/29434d59-1597-4783-b0b6-9f9a821d30d8-flow-m-86400-m3s-qualified","2025-07-08T09:00:00","2025-07-08","0.531","Complete","Good",""
"http://environment.data.gov.uk/hydrology/id/measures/29434d59-1597-4783-b0b6-9f9a821d30d8-flow-m-86400-m3s-qualified","2025-07-09T09:00:00","2025-07-09","0.573","Complete","Good",""
"http://environment.data.gov.uk/hydrology/id/measures/29434d59-1597-4783-b0b6-9f9a821d30d8-flow-m-86400-m3s-qualified","2025-07-10T09:00:00","2025-07-10","0.51","Complete","Good",""
"http://environment.data.gov.uk/hydrology/id/measures/29434d59-1597-4783-b0b6-9f9a821d30d8-flow-m-86400-m3s-qualified","2025-07-11T09:00:00","2025-07-11","0.521","Complete","Good",""
"http://environment.data.gov.uk/hydrology/id/measures/29434d59-1597-4783-b0b6-9f9a821d30d8-flow-m-86400-m3s-qualified","2025-07-12T09:00:00","2025-07-12","0.539","Complete","Good",""
"http://environment.data.gov.uk/hydrology/id/measures/29434d59-1597-4783-b0b6-9f9a821d30d8-flow-m-86400-m3s-qualified","2025-07-13T09:00:00","2025-07-13","0.54","Complete","Good",""
"http://environment.data.gov.uk/hydrology/id/measures/29434d59-1597-4783-b0b6-9f9a821d30d8-flow-m-86400-m3s-qualified","2025-07-14T09:00:00","2025-07-14","0.518","Complete","Good",""
"http://environment.data.gov.uk/hydrology/id/measures/29434d59-1597-4783-b0b6-9f9a821d30d8-flow-m-86400-m3s-qualified","2025-07-15T09:00:00","2025-07-15","0.571","Complete","Good",""
"http://environment.data.gov.uk/hydrology/id/measures/29434d59-1597-4783-b0b6-9f9a821d30d8-flow-m-86400-m3s-qualified","2025-07-16T09:00:00","2025-07-16","0.55","Complete","Good",""
"http://environment.data.gov.uk/hydrology/id/measures/29434d59-1597-4783-b0b6-9f9a821d30d8-flow-m-86400-m3s-qualified","2025-07-17T09:00:00","2025-07-17","0.653","Complete","Good",""
"http://environment.data.gov.uk/hydrology/id/measures/29434d59-1597-4783-b0b6-9f9a821d30d8-flow-m-86400-m3s-qualified","2025-07-18T09:00:00","2025-07-18","0.648","Complete","Good",""
"http://environment.data.gov.uk/hydrology/id/measures/29434d59-1597-4783-b0b6-9f9a821d30d8-flow-m-86400-m3s-qualified","2025-07-19T09:00:00","2025-07-19","0.581","Complete","Good",""
"http://environment.data.gov.uk/hydrology/id/measures/29434d59-1597-4783-b0b6-9f9a821d30d8-flow-m-86400-m3s-qualified","2025-07-20T09:00:00","2025-07-20","1.018","Complete","Good",""
"http://environment.data.gov.uk/hydrology/id/measures/29434d59-1597-4783-b0b6-9f9a821d30d8-flow-m-86400-m3s-qualified","2025-07-21T09:00:00","2025-07-21","0.697","Complete","Good",""
"http://environment.data.gov.uk/hydrology/id/measures/29434d59-1597-4783-b0b6-9f9a821d30d8-flow-m-86400-m3s-qualified","2025-07-22T09:00:00","2025-07-22","0.699","Complete","Good",""
"http://environment.data.gov.uk/hydrology/id/measures/29434d59-1597-4783-b0b6-9f9a821d30d8-flow-m-86400-m3s-qualified","2025-07-23T09:00:00","2025-07-23","0.674","Complete","Good",""
"http://environment.data.gov.uk/hydrology/id/measures/29434d59-1597-4783-b0b6-9f9a821d30d8-flow-m-86400-m3s-qualified","2025-07-24T09:00:00","2025-07-24","0.578","Complete","Good",""
"http://environment.data.gov.uk/hydrology/id/measures/29434d59-1597-4783-b0b6-9f9a821d30d8-flow-m-86400-m3s-qualified","2025-07-25T09:00:00","2025-07-25","0.618","Complete","Good",""
"http://environment.data.gov.uk/hydrology/id/measures/29434d59-1597-4783-b0b6-9f9a821d30d8-flow-m-86400-m3s-qualified","2025-07-26T09:00:00","2025-07-26","0.653","Complete","Good",""
"http://environment.data.gov.uk/hydrology/id/measures/29434d59-1597-4783-b0b6-9f9a821d30d8-flow-m-86400-m3s-qualified","2025-07-27T09:00:00","2025-07-27","0.563","Complete","Good",""
"http://environment.data.gov.uk/hydrology/id/measures/29434d59-1597-4783-b0b6-9f9a821d30d8-flow-m-86400-m3s-qualified","2025-07-28T09:00:00","2025-07-28","0.603","Complete","Good",""
"http://environment.data.gov.uk/hydrology/id/measures/29434d59-1597-4783-b0b6-9f9a821d30d8-flow-m-86400-m3s-qualified","2025-07-29T09:00:00","2025-07-29","0.591","Complete","Good",""
"http://environment.data.gov.uk/hydrology/id/measures/29434d59-1597-4783-b0b6-9f9a821d30d8-flow-m-86400-m3s-qualified","2025-07-30T09:00:00","2025-07-30","0.597","Complete","Good",""
"http://environment.data.gov.uk/hydrology/id/measures/29434d59-1597-4783-b0b6-9f9a821d30d8-flow-m-86400-m3s-qualified","2025-07-31T09:00:00","2025-07-31","0.626","Complete","Good",""
"http://environment.data.gov.uk/hydrology/id/measures/29434d59-1597-4783-b0b6-9f9a821d30d8-flow-m-86400-m3s-qualified","2025-08-01T09:00:00","2025-08-01","0.632","Complete","Good",""
"http://environment.data.gov.uk/hydrology/id/measures/29434d59-1597-4783-b0b6-9f9a821d30d8-flow-m-86400-m3s-qualified","2025-08-02T09:00:00","2025-08-02","0.538","Complete","Good",""
"http://environment.data.gov.uk/hydrology/id/measures/29434d59-1597-4783-b0b6-9f9a821d30d8-flow-m-86400-m3s-qualified","2025-08-03T09:00:00","2025-08-03","0.461","Complete","Good",""
"http://environment.data.gov.uk/hydrology/id/measures/29434d59-1597-4783-b0b6-9f9a821d30d8-flow-m-86400-m3s-qualified","2025-08-04T09:00:00","2025-08-04","0.603","Complete","Good",""
"http://environment.data.gov.uk/hydrology/id/measures/29434d59-1597-4783-b0b6-9f9a821d30d8-flow-m-86400-m3s-qualified","2025-08-05T09:00:00","2025-08-05","0.593","Complete","Good",""
"http://environment.data.gov.uk/hydrology/id/measures/29434d59-1597-4783-b0b6-9f9a821d30d8-flow-m-86400-m3s-qualified","2025-08-06T09:00:00","2025-08-06","0.56","Complete","Good",""
"http://environment.data.gov.uk/hydrology/id/measures/29434d59-1597-4783-b0b6-9f9a821d30d8-flow-m-86400-m3s-qualified","2025-08-07T09:00:00","2025-08-07","0.497","Complete","Good",""
"http://environment.data.gov.uk/hydrology/id/measures/29434d59-1597-4783-b0b6-9f9a821d30d8-flow-m-86400-m3s-qualified","2025-08-08T09:00:00","2025-08-08","0.625","Complete","Good",""
"http://environment.data.gov.uk/hydrology/id/measures/29434d59-1597-4783-b0b6-9f9a821d30d8-flow-m-86400-m3s-qualified","2025-08-09T09:00:00","2025-08-09","0.5","Complete","Good",""
"http://environment.data.gov.uk/hydrology/id/measures/29434d59-1597-4783-b0b6-9f9a821d30d8-flow-m-86400-m3s-qualified","2025-08-10T09:00:00","2025-08-10","0.529","Complete","Good",""
"http://environment.data.gov.uk/hydrology/id/measures/29434d59-1597-4783-b0b6-9f9a821d30d8-flow-m-86400-m3s-qualified","2025-08-11T09:00:00","2025-08-11","0.557","Complete","Good",""
"http://environment.data.gov.uk/hydrology/id/measures/29434d59-1597-4783-b0b6-9f9a821d30d8-flow-m-86400-m3s-qualified","2025-08-12T09:00:00","2025-08-12","0.603","Complete","Good",""
"http://environment.data.gov.uk/hydrology/id/measures/29434d59-1597-4783-b0b6-9f9a821d30d8-flow-m-86400-m3s-qualified","2025-08-13T09:00:00","2025-08-13","0.608","Complete","Good",""
"http://environment.data.gov.uk/hydrology/id/measures/29434d59-1597-4783-b0b6-9f9a821d30d8-flow-m-86400-m3s-qualified","2025-08-14T09:00:00","2025-08-14","0.527","Complete","Good",""
"http://environment.data.gov.uk/hydrology/id/measures/29434d59-1597-4783-b0b6-9f9a821d30d8-flow-m-86400-m3s-qualified","2025-08-15T09:00:00","2025-08-15","0.512","Complete","Good",""
"http://environment.data.gov.uk/hydrology/id/measures/29434d59-1597-4783-b0b6-9f9a821d30d8-flow-m-86400-m3s-qualified","2025-08-16T09:00:00","2025-08-16","0.458","Complete","Good",""
"http://environment.data.gov.uk/hydrology/id/measures/29434d59-1597-4783-b0b6-9f9a821d30d8-flow-m-86400-m3s-qualified","2025-08-17T09:00:00","2025-08-17","0.494","Complete","Good",""
"http://environment.data.gov.uk/hydrology/id/measures/29434d59-1597-4783-b0b6-9f9a821d30d8-flow-m-86400-m3s-qualified","2025-08-18T09:00:00","2025-08-18","0.518","Complete","Good",""
"http://environment.data.gov.uk/hydrology/id/measures/29434d59-1597-4783-b0b6-9f9a821d30d8-flow-m-86400-m3s-qualified","2025-08-19T09:00:00","2025-08-19","0.539","Complete","Good",""
"http://environment.data.gov.uk/hydrology/id/measures/29434d59-1597-4783-b0b6-9f9a821d30d8-flow-m-86400-m3s-qualified","2025-08-20T09:00:00","2025-08-20","0.535","Complete","Good",""
"http://environment.data.gov.uk/hydrology/id/measures/29434d59-1597-4783-b0b6-9f9a821d30d8-flow-m-86400-m3s-qualified","2025-08-21T09:00:00","2025-08-21","0.585","Complete","Good",""
"http://environment.data.gov.uk/hydrology/id/measures/29434d59-1597-4783-b0b6-9f9a821d30d8-flow-m-86400-m3s-qualified","2025-08-22T09:00:00","2025-08-22","0.536","Complete","Good",""
"http://environment.data.gov.uk/hydrology/id/measures/29434d59-1597-4783-b0b6-9f9a821d30d8-flow-m-86400-m3s-qualified","2025-08-23T09:00:00","2025-08-23","0.479","Complete","Good",""
"http://environment.data.gov.uk/hydrology/id/measures/29434d59-1597-4783-b0b6-9f9a821d30d8-flow-m-86400-m3s-qualified","2025-08-24T09:00:00","2025-08-24","0.505","Complete","Good",""
"http://environment.data.gov.uk/hydrology/id/measures/29434d59-1597-4783-b0b6-9f9a821d30d8-flow-m-86400-m3s-qualified","2025-08-25T09:00:00","2025-08-25","0.511","Complete","Good",""
"http://environment.data.gov.uk/hydrology/id/measures/29434d59-1597-4783-b0b6-9f9a821d30d8-flow-m-86400-m3s-qualified","2025-08-26T09:00:00","2025-08-26","0.558","Complete","Good",""
"http://environment.data.gov.uk/hydrology/id/measures/29434d59-1597-4783-b0b6-9f9a821d30d8-flow-m-86400-m3s-qualified","2025-08-27T09:00:00","2025-08-27","0.661","Complete","Good",""
"http://environment.data.gov.uk/hydrology/id/measures/29434d59-1597-4783-b0b6-9f9a821d30d8-flow-m-86400-m3s-qualified","2025-08-28T09:00:00","2025-08-28","0.841","Complete","Good",""
"http://environment.data.gov.uk/hydrology/id/measures/29434d59-1597-4783-b0b6-9f9a821d30d8-flow-m-86400-m3s-qualified","2025-08-29T09:00:00","2025-08-29","0.863","Complete","Good",""
"http://environment.data.gov.uk/hydrology/id/measures/29434d59-1597-4783-b0b6-9f9a821d30d8-flow-m-86400-m3s-qualified","2025-08-30T09:00:00","2025-08-30","0.742","Complete","Good",""
"http://environment.data.gov.uk/hydrology/id/measures/29434d59-1597-4783-b0b6-9f9a821d30d8-flow-m-86400-m3s-qualified","2025-08-31T09:00:00","2025-08-31","0.738","Complete","Good",""
"http://environment.data.gov.uk/hydrology/id/measures/29434d59-1597-4783-b0b6-9f9a821d30d8-flow-m-86400-m3s-qualified","2025-09-01T09:00:00","2025-09-01","0.689","Complete","Good",""
"http://environment.data.gov.uk/hydrology/id/measures/29434d59-1597-4783-b0b6-9f9a821d30d8-flow-m-86400-m3s-qualified","2025-09-02T09:00:00","2025-09-02","0.763","Complete","Good",""
"http://environment.data.gov.uk/hydrology/id/measures/29434d59-1597-4783-b0b6-9f9a821d30d8-flow-m-86400-m3s-qualified","2025-09-03T09:00:00","2025-09-03","1.296","Complete","Good",""
"http://environment.data.gov.uk/hydrology/id/measures/29434d59-1597-4783-b0b6-9f9a821d30d8-flow-m-86400-m3s-qualified","2025-09-04T09:00:00","2025-09-04","1.388","Complete","Good",""
"http://environment.data.gov.uk/hydrology/id/measures/29434d59-1597-4783-b0b6-9f9a821d30d8-flow-m-86400-m3s-qualified","2025-09-05T09:00:00","2025-09-05","0.938","Complete","Good",""
"http://environment.data.gov.uk/hydrology/id/measures/29434d59-1597-4783-b0b6-9f9a821d30d8-flow-m-86400-m3s-qualified","2025-09-06T09:00:00","2025-09-06","0.711","Complete","Good",""
"http://environment.data.gov.uk/hydrology/id/measures/29434d59-1597-4783-b0b6-9f9a821d30d8-flow-m-86400-m3s-qualified","2025-09-07T09:00:00","2025-09-07","1.041","Complete","Good",""
"http://environment.data.gov.uk/hydrology/id/measures/29434d59-1597-4783-b0b6-9f9a821d30d8-flow-m-86400-m3s-qualified","2025-09-08T09:00:00","2025-09-08","0.963","Complete","Good",""
"http://environment.data.gov.uk/hydrology/id/measures/29434d59-1597-4783-b0b6-9f9a821d30d8-flow-m-86400-m3s-qualified","2025-09-09T09:00:00","2025-09-09","0.695","Complete","Good",""
"http://environment.data.gov.uk/hydrology/id/measures/29434d59-1597-4783-b0b6-9f9a821d30d8-flow-m-86400-m3s-qualified","2025-09-10T09:00:00","2025-09-10","0.951","Complete","Good",""
"http://environment.data.gov.uk/hydrology/id/measures/29434d59-1597-4783-b0b6-9f9a821d30d8-flow-m-86400-m3s-qualified","2025-09-11T09:00:00","2025-09-11","0.93","Complete","Good",""
"http://environment.data.gov.uk/hydrology/id/measures/29434d59-1597-4783-b0b6-9f9a821d30d8-flow-m-86400-m3s-qualified","2025-09-12T09:00:00","2025-09-12","0.785","Complete","Good",""
"http://environment.data.gov.uk/hydrology/id/measures/29434d59-1597-4783-b0b6-9f9a821d30d8-flow-m-86400-m3s-qualified","2025-09-13T09:00:00","2025-09-13","0.648","Complete","Good",""
"http://environment.data.gov.uk/hydrology/id/measures/29434d59-1597-4783-b0b6-9f9a821d30d8-flow-m-86400-m3s-qualified","2025-09-14T09:00:00","2025-09-14","1.029","Complete","Good",""
"http://environment.data.gov.uk/hydrology/id/measures/29434d59-1597-4783-b0b6-9f9a821d30d8-flow-m-86400-m3s-qualified","2025-09-15T09:00:00","2025-09-15","1.351","Complete","Good",""
"http://environment.data.gov.uk/hydrology/id/measures/29434d59-1597-4783-b0b6-9f9a821d30d8-flow-m-86400-m3s-qualified","2025-09-16T09:00:00","2025-09-16","1.65","Complete","Good",""
"http://environment.data.gov.uk/hydrology/id/measures/29434d59-1597-4783-b0b6-9f9a821d30d8-flow-m-86400-m3s-qualified","2025-09-17T09:00:00","2025-09-17","1.318","Complete","Good",""
"http://environment.data.gov.uk/hydrology/id/measures/29434d59-1597-4783-b0b6-9f9a821d30d8-flow-m-86400-m3s-qualified","2025-09-18T09:00:00","2025-09-18","0.979","Complete","Good",""
"http://environment.data.gov.uk/hydrology/id/measures/29434d59-1597-4783-b0b6-9f9a821d30d8-flow-m-86400-m3s-qualified","2025-09-19T09:00:00","2025-09-19","0.93","Complete","Good",""
"http://environment.data.gov.uk/hydrology/id/measures/29434d59-1597-4783-b0b6-9f9a821d30d8-flow-m-86400-m3s-qualified","2025-09-20T09:00:00","2025-09-20","0.83","Complete","Good",""
"http://environment.data.gov.uk/hydrology/id/measures/29434d59-1597-4783-b0b6-9f9a821d30d8-flow-m-86400-m3s-qualified","2025-09-21T09:00:00","2025-09-21","0.769","Complete","Good",""
"http://environment.data.gov.uk/hydrology/id/measures/29434d59-1597-4783-b0b6-9f9a821d30d8-flow-m-86400-m3s-qualified","2025-09-22T09:00:00","2025-09-22","0.791","Complete","Good",""
"http://environment.data.gov.uk/hydrology/id/measures/29434d59-1597-4783-b0b6-9f9a821d30d8-flow-m-86400-m3s-qualified","2025-09-23T09:00:00","2025-09-23","0.725","Complete","Good",""
"http://environment.data.gov.uk/hydrology/id/measures/29434d59-1597-4783-b0b6-9f9a821d30d8-flow-m-86400-m3s-qualified","2025-09-24T09:00:00","2025-09-24","0.684","Complete","Good",""
"http://environment.data.gov.uk/hydrology/id/measures/29434d59-1597-4783-b0b6-9f9a821d30d8-flow-m-86400-m3s-qualified","2025-09-25T09:00:00","2025-09-25","0.668","Complete","Good",""
"http://environment.data.gov.uk/hydrology/id/measures/29434d59-1597-4783-b0b6-9f9a821d30d8-flow-m-86400-m3s-qualified","2025-09-26T09:00:00","2025-09-26","0.658","Complete","Good",""
"http://environment.data.gov.uk/hydrology/id/measures/29434d59-1597-4783-b0b6-9f9a821d30d8-flow-m-86400-m3s-qualified","2025-09-27T09:00:00","2025-09-27","0.605","Complete","Good",""
"http://environment.data.gov.uk/hydrology/id/measures/29434d59-1597-4783-b0b6-9f9a821d30d8-flow-m-86400-m3s-qualified","2025-09-28T09:00:00","2025-09-28","0.614","Complete","Good",""
"http://environment.data.gov.uk/hydrology/id/measures/29434d59-1597-4783-b0b6-9f9a821d30d8-flow-m-86400-m3s-qualified","2025-09-29T09:00:00","2025-09-29","0.648","Complete","Good",""
"http://environment.data.gov.uk/hydrology/id/measures/29434d59-1597-4783-b0b6-9f9a821d30d8-flow-m-86400-m3s-qualified","2025-09-30T09:00:00","2025-09-30","0.71","Complete","Good",""
"http://environment.data.gov.uk/hydrology/id/measures/29434d59-1597-4783-b0b6-9f9a821d30d8-flow-m-86400-m3s-qualified","2025-10-01T09:00:00","2025-10-01","0.649","Complete","Good",""
"http://environment.data.gov.uk/hydrology/id/measures/29434d59-1597-4783-b0b6-9f9a821d30d8-flow-m-86400-m3s-qualified","2025-10-02T09:00:00","2025-10-02","0.685","Complete","Good",""
"http://environment.data.gov.uk/hydrology/id/measures/29434d59-1597-4783-b0b6-9f9a821d30d8-flow-m-86400-m3s-qualified","2025-10-03T09:00:00","2025-10-03","1.302","Complete","Good",""
"http://environment.data.gov.uk/hydrology/id/measures/29434d59-1597-4783-b0b6-9f9a821d30d8-flow-m-86400-m3s-qualified","2025-10-04T09:00:00","2025-10-04","1.64","Complete","Good",""
"http://environment.data.gov.uk/hydrology/id/measures/29434d59-1597-4783-b0b6-9f9a821d30d8-flow-m-86400-m3s-qualified","2025-10-05T09:00:00","2025-10-05","1.112","Complete","Good",""
"http://environment.data.gov.uk/hydrology/id/measures/29434d59-1597-4783-b0b6-9f9a821d30d8-flow-m-86400-m3s-qualified","2025-10-06T09:00:00","2025-10-06","0.871","Complete","Good",""
"http://environment.data.gov.uk/hydrology/id/measures/29434d59-1597-4783-b0b6-9f9a821d30d8-flow-m-86400-m3s-qualified","2025-10-07T09:00:00","2025-10-07","0.831","Complete","Good",""
"http://environment.data.gov.uk/hydrology/id/measures/29434d59-1597-4783-b0b6-9f9a821d30d8-flow-m-86400-m3s-qualified","2025-10-08T09:00:00","2025-10-08","0.789","Complete","Good",""
"http://environment.data.gov.uk/hydrology/id/measures/29434d59-1597-4783-b0b6-9f9a821d30d8-flow-m-86400-m3s-qualified","2025-10-09T09:00:00","2025-10-09","0.761","Complete","Good",""
"http://environment.data.gov.uk/hydrology/id/measures/29434d59-1597-4783-b0b6-9f9a821d30d8-flow-m-86400-m3s-qualified","2025-10-10T09:00:00","2025-10-10","0.688","Complete","Good",""
"http://environment.data.gov.uk/hydrology/id/measures/29434d59-1597-4783-b0b6-9f9a821d30d8-flow-m-86400-m3s-qualified","2025-10-11T09:00:00","2025-10-11","0.614","Complete","Good",""
"http://environment.data.gov.uk/hydrology/id/measures/29434d59-1597-4783-b0b6-9f9a821d30d8-flow-m-86400-m3s-qualified","2025-10-12T09:00:00","2025-10-12","0.594","Complete","Good",""
"http://environment.data.gov.uk/hydrology/id/measures/29434d59-1597-4783-b0b6-9f9a821d30d8-flow-m-86400-m3s-qualified","2025-10-13T09:00:00","2025-10-13","0.649","Complete","Good",""
"http://environment.data.gov.uk/hydrology/id/measures/29434d59-1597-4783-b0b6-9f9a821d30d8-flow-m-86400-m3s-qualified","2025-10-14T09:00:00","2025-10-14","0.676","Complete","Good",""
"http://environment.data.gov.uk/hydrology/id/measures/29434d59-1597-4783-b0b6-9f9a821d30d8-flow-m-86400-m3s-qualified","2025-10-15T09:00:00","2025-10-15","0.731","Complete","Good",""
"http://environment.data.gov.uk/hydrology/id/measures/29434d59-1597-4783-b0b6-9f9a821d30d8-flow-m-86400-m3s-qualified","2025-10-16T09:00:00","2025-10-16","0.685","Complete","Good",""
"http://environment.data.gov.uk/hydrology/id/measures/29434d59-1597-4783-b0b6-9f9a821d30d8-flow-m-86400-m3s-qualified","2025-10-17T09:00:00","2025-10-17","0.663","Complete","Good",""
"http://environment.data.gov.uk/hydrology/id/measures/29434d59-1597-4783-b0b6-9f9a821d30d8-flow-m-86400-m3s-qualified","2025-10-18T09:00:00","2025-10-18","0.682","Complete","Good",""
"http://environment.data.gov.uk/hydrology/id/measures/29434d59-1597-4783-b0b6-9f9a821d30d8-flow-m-86400-m3s-qualified","2025-10-19T09:00:00","2025-10-19","0.872","Complete","Good",""
"http://environment.data.gov.uk/hydrology/id/measures/29434d59-1597-4783-b0b6-9f9a821d30d8-flow-m-86400-m3s-qualified","2025-10-20T09:00:00","2025-10-20","2.075","Complete","Good",""
"http://environment.data.gov.uk/hydrology/id/measures/29434d59-1597-4783-b0b6-9f9a821d30d8-flow-m-86400-m3s-qualified","2025-10-21T09:00:00","2025-10-21","1.583","Complete","Good",""
"http://environment.data.gov.uk/hydrology/id/measures/29434d59-1597-4783-b0b6-9f9a821d30d8-flow-m-86400-m3s-qualified","2025-10-22T09:00:00","2025-10-22","1.286","Complete","Good",""
"http://environment.data.gov.uk/hydrology/id/measures/29434d59-1597-4783-b0b6-9f9a821d30d8-flow-m-86400-m3s-qualified","2025-10-23T09:00:00","2025-10-23","1.384","Complete","Good",""
"http://environment.data.gov.uk/hydrology/id/measures/29434d59-1597-4783-b0b6-9f9a821d30d8-flow-m-86400-m3s-qualified","2025-10-24T09:00:00","2025-10-24","1.436","Complete","Good",""
"http://environment.data.gov.uk/hydrology/id/measures/29434d59-1597-4783-b0b6-9f9a821d30d8-flow-m-86400-m3s-qualified","2025-10-25T09:00:00","2025-10-25","1.419","Complete","Good",""
"http://environment.data.gov.uk/hydrology/id/measures/29434d59-1597-4783-b0b6-9f9a821d30d8-flow-m-86400-m3s-qualified","2025-10-26T09:00:00","2025-10-26","1.2","Complete","Good",""
"http://environment.data.gov.uk/hydrology/id/measures/29434d59-1597-4783-b0b6-9f9a821d30d8-flow-m-86400-m3s-qualified","2025-10-27T09:00:00","2025-10-27","1.555","Complete","Good",""
"http://environment.data.gov.uk/hydrology/id/measures/29434d59-1597-4783-b0b6-9f9a821d30d8-flow-m-86400-m3s-qualified","2025-10-28T09:00:00","2025-10-28","1.401","Complete","Good",""
"http://environment.data.gov.uk/hydrology/id/measures/29434d59-1597-4783-b0b6-9f9a821d30d8-flow-m-86400-m3s-qualified","2025-10-29T09:00:00","2025-10-29","1.278","Complete","Good",""
"http://environment.data.gov.uk/hydrology/id/measures/29434d59-1597-4783-b0b6-9f9a821d30d8-flow-m-86400-m3s-qualified","2025-10-30T09:00:00","2025-10-30","1.186","Complete","Good",""
"http://environment.data.gov.uk/hydrology/id/measures/29434d59-1597-4783-b0b6-9f9a821d30d8-flow-m-86400-m3s-qualified","2025-10-31T09:00:00","2025-10-31","1.712","Complete","Good",""
"http://environment.data.gov.uk/hydrology/id/measures/29434d59-1597-4783-b0b6-9f9a821d30d8-flow-m-86400-m3s-qualified","2025-11-01T09:00:00","2025-11-01","3.149","Complete","Good",""
"http://environment.data.gov.uk/hydrology/id/measures/29434d59-1597-4783-b0b6-9f9a821d30d8-flow-m-86400-m3s-qualified","2025-11-02T09:00:00","2025-11-02","2.345","Complete","Good",""
"http://environment.data.gov.uk/hydrology/id/measures/29434d59-1597-4783-b0b6-9f9a821d30d8-flow-m-86400-m3s-qualified","2025-11-03T09:00:00","2025-11-03","1.984","Complete","Good",""
"http://environment.data.gov.uk/hydrology/id/measures/29434d59-1597-4783-b0b6-9f9a821d30d8-flow-m-86400-m3s-qualified","2025-11-04T09:00:00","2025-11-04","1.739","Complete","Good",""
"http://environment.data.gov.uk/hydrology/id/measures/29434d59-1597-4783-b0b6-9f9a821d30d8-flow-m-86400-m3s-qualified","2025-11-05T09:00:00","2025-11-05","1.989","Complete","Good",""
"http://environment.data.gov.uk/hydrology/id/measures/29434d59-1597-4783-b0b6-9f9a821d30d8-flow-m-86400-m3s-qualified","2025-11-06T09:00:00","2025-11-06","1.703","Complete","Good",""
"http://environment.data.gov.uk/hydrology/id/measures/29434d59-1597-4783-b0b6-9f9a821d30d8-flow-m-86400-m3s-qualified","2025-11-07T09:00:00","2025-11-07","1.511","Complete","Good",""
"http://environment.data.gov.uk/hydrology/id/measures/29434d59-1597-4783-b0b6-9f9a821d30d8-flow-m-86400-m3s-qualified","2025-11-08T09:00:00","2025-11-08","1.83","Complete","Good",""
"http://environment.data.gov.uk/hydrology/id/measures/29434d59-1597-4783-b0b6-9f9a821d30d8-flow-m-86400-m3s-qualified","2025-11-09T09:00:00","2025-11-09","1.766","Complete","Good",""
"http://environment.data.gov.uk/hydrology/id/measures/29434d59-1597-4783-b0b6-9f9a821d30d8-flow-m-86400-m3s-qualified","2025-11-10T09:00:00","2025-11-10","5.677","Complete","Good",""
"http://environment.data.gov.uk/hydrology/id/measures/29434d59-1597-4783-b0b6-9f9a821d30d8-flow-m-86400-m3s-qualified","2025-11-11T09:00:00","2025-11-11","4.704","Complete","Good",""
"http://environment.data.gov.uk/hydrology/id/measures/29434d59-1597-4783-b0b6-9f9a821d30d8-flow-m-86400-m3s-qualified","2025-11-12T09:00:00","2025-11-12","8.103","Complete","Good",""
"http://environment.data.gov.uk/hydrology/id/measures/29434d59-1597-4783-b0b6-9f9a821d30d8-flow-m-86400-m3s-qualified","2025-11-13T09:00:00","2025-11-13","5.487","Complete","Good",""
"http://environment.data.gov.uk/hydrology/id/measures/29434d59-1597-4783-b0b6-9f9a821d30d8-flow-m-86400-m3s-qualified","2025-11-14T09:00:00","2025-11-14","22.158","Complete","Good",""
"http://environment.data.gov.uk/hydrology/id/measures/29434d59-1597-4783-b0b6-9f9a821d30d8-flow-m-86400-m3s-qualified","2025-11-15T09:00:00","2025-11-15","12.591","Complete","Good",""
"http://environment.data.gov.uk/hydrology/id/measures/29434d59-1597-4783-b0b6-9f9a821d30d8-flow-m-86400-m3s-qualified","2025-11-16T09:00:00","2025-11-16","6.278","Complete","Good",""
"http://environment.data.gov.uk/hydrology/id/measures/29434d59-1597-4783-b0b6-9f9a821d30d8-flow-m-86400-m3s-qualified","2025-11-17T09:00:00","2025-11-17","4.317","Complete","Good",""
"http://environment.data.gov.uk/hydrology/id/measures/29434d59-1597-4783-b0b6-9f9a821d30d8-flow-m-86400-m3s-qualified","2025-11-18T09:00:00","2025-11-18","3.647","Complete","Good",""
"http://environment.data.gov.uk/hydrology/id/measures/29434d59-1597-4783-b0b6-9f9a821d30d8-flow-m-86400-m3s-qualified","2025-11-19T09:00:00","2025-11-19","3.241","Complete","Good",""
"http://environment.data.gov.uk/hydrology/id/measures/29434d59-1597-4783-b0b6-9f9a821d30d8-flow-m-86400-m3s-qualified","2025-11-20T09:00:00","2025-11-20","2.911","Complete","Good",""
"http://environment.data.gov.uk/hydrology/id/measures/29434d59-1597-4783-b0b6-9f9a821d30d8-flow-m-86400-m3s-qualified","2025-11-21T09:00:00","2025-11-21","2.311","Complete","Good",""
"http://environment.data.gov.uk/hydrology/id/measures/29434d59-1597-4783-b0b6-9f9a821d30d8-flow-m-86400-m3s-qualified","2025-11-22T09:00:00","2025-11-22","4.53","Complete","Good",""
"http://environment.data.gov.uk/hydrology/id/measures/29434d59-1597-4783-b0b6-9f9a821d30d8-flow-m-86400-m3s-qualified","2025-11-23T09:00:00","2025-11-23","7.882","Complete","Good",""
"http://environment.data.gov.uk/hydrology/id/measures/29434d59-1597-4783-b0b6-9f9a821d30d8-flow-m-86400-m3s-qualified","2025-11-24T09:00:00","2025-11-24","10.39","Complete","Good",""
"http://environment.data.gov.uk/hydrology/id/measures/29434d59-1597-4783-b0b6-9f9a821d30d8-flow-m-86400-m3s-qualified","2025-11-25T09:00:00","2025-11-25","5.951","Complete","Good",""
"http://environment.data.gov.uk/hydrology/id/measures/29434d59-1597-4783-b0b6-9f9a821d30d8-flow-m-86400-m3s-qualified","2025-11-26T09:00:00","2025-11-26","4.497","Complete","Good",""
"http://environment.data.gov.uk/hydrology/id/measures/29434d59-1597-4783-b0b6-9f9a821d30d8-flow-m-86400-m3s-qualified","2025-11-27T09:00:00","2025-11-27","4.77","Complete","Good",""
"http://environment.data.gov.uk/hydrology/id/measures/29434d59-1597-4783-b0b6-9f9a821d30d8-flow-m-86400-m3s-qualified","2025-11-28T09:00:00","2025-11-28","4.092","Complete","Good",""
"http://environment.data.gov.uk/hydrology/id/measures/29434d59-1597-4783-b0b6-9f9a821d30d8-flow-m-86400-m3s-qualified","2025-11-29T09:00:00","2025-11-29","8.364","Complete","Good",""
"http://environment.data.gov.uk/hydrology/id/measures/29434d59-1597-4783-b0b6-9f9a821d30d8-flow-m-86400-m3s-qualified","2025-11-30T09:00:00","2025-11-30","6.231","Complete","Good",""
"http://environment.data.gov.uk/hydrology/id/measures/29434d59-1597-4783-b0b6-9f9a821d30d8-flow-m-86400-m3s-qualified","2025-12-01T09:00:00","2025-12-01","23.23","Complete","Good",""
"http://environment.data.gov.uk/hydrology/id/measures/29434d59-1597-4783-b0b6-9f9a821d30d8-flow-m-86400-m3s-qualified","2025-12-02T09:00:00","2025-12-02","14.943","Complete","Good",""
"http://environment.data.gov.uk/hydrology/id/measures/29434d59-1597-4783-b0b6-9f9a821d30d8-flow-m-86400-m3s-qualified","2025-12-03T09:00:00","2025-12-03","8.841","Complete","Good",""
"http://environment.data.gov.uk/hydrology/id/measures/29434d59-1597-4783-b0b6-9f9a821d30d8-flow-m-86400-m3s-qualified","2025-12-04T09:00:00","2025-12-04","9.805","Complete","Good",""
"http://environment.data.gov.uk/hydrology/id/measures/29434d59-1597-4783-b0b6-9f9a821d30d8-flow-m-86400-m3s-qualified","2025-12-05T09:00:00","2025-12-05","12.329","Complete","Good",""
"http://environment.data.gov.uk/hydrology/id/measures/29434d59-1597-4783-b0b6-9f9a821d30d8-flow-m-86400-m3s-qualified","2025-12-06T09:00:00","2025-12-06","11.123","Complete","Good",""
"http://environment.data.gov.uk/hydrology/id/measures/29434d59-1597-4783-b0b6-9f9a821d30d8-flow-m-86400-m3s-qualified","2025-12-07T09:00:00","2025-12-07","10.962","Complete","Good",""
"http://environment.data.gov.uk/hydrology/id/measures/29434d59-1597-4783-b0b6-9f9a821d30d8-flow-m-86400-m3s-qualified","2025-12-08T09:00:00","2025-12-08","10.595","Complete","Good",""
"http://environment.data.gov.uk/hydrology/id/measures/29434d59-1597-4783-b0b6-9f9a821d30d8-flow-m-86400-m3s-qualified","2025-12-09T09:00:00","2025-12-09","20.485","Complete","Good",""
"http://environment.data.gov.uk/hydrology/id/measures/29434d59-1597-4783-b0b6-9f9a821d30d8-flow-m-86400-m3s-qualified","2025-12-10T09:00:00","2025-12-10","10.358","Complete","Good",""
"http://environment.data.gov.uk/hydrology/id/measures/29434d59-1597-4783-b0b6-9f9a821d30d8-flow-m-86400-m3s-qualified","2025-12-11T09:00:00","2025-12-11","7.537","Complete","Good",""
"http://environment.data.gov.uk/hydrology/id/measures/29434d59-1597-4783-b0b6-9f9a821d30d8-flow-m-86400-m3s-qualified","2025-12-12T09:00:00","2025-12-12","6.466","Complete","Good",""
"http://environment.data.gov.uk/hydrology/id/measures/29434d59-1597-4783-b0b6-9f9a821d30d8-flow-m-86400-m3s-qualified","2025-12-13T09:00:00","2025-12-13","5.459","Complete","Good",""
"http://environment.data.gov.uk/hydrology/id/measures/29434d59-1597-4783-b0b6-9f9a821d30d8-flow-m-86400-m3s-qualified","2025-12-14T09:00:00","2025-12-14","4.858","Complete","Good",""
"http://environment.data.gov.uk/hydrology/id/measures/29434d59-1597-4783-b0b6-9f9a821d30d8-flow-m-86400-m3s-qualified","2025-12-15T09:00:00","2025-12-15","7.43","Complete","Good",""
"http://environment.data.gov.uk/hydrology/id/measures/29434d59-1597-4783-b0b6-9f9a821d30d8-flow-m-86400-m3s-qualified","2025-12-16T09:00:00","2025-12-16","14.538","Complete","Good",""
"http://environment.data.gov.uk/hydrology/id/measures/29434d59-1597-4783-b0b6-9f9a821d30d8-flow-m-86400-m3s-qualified","2025-12-17T09:00:00","2025-12-17","9.034","Complete","Good",""
"http://environment.data.gov.uk/hydrology/id/measures/29434d59-1597-4783-b0b6-9f9a821d30d8-flow-m-86400-m3s-qualified","2025-12-18T09:00:00","2025-12-18","31.051","Complete","Good",""
"http://environment.data.gov.uk/hydrology/id/measures/29434d59-1597-4783-b0b6-9f9a821d30d8-flow-m-86400-m3s-qualified","2025-12-19T09:00:00","2025-12-19","14.336","Complete","Good",""
"http://environment.data.gov.uk/hydrology/id/measures/29434d59-1597-4783-b0b6-9f9a821d30d8-flow-m-86400-m3s-qualified","2025-12-20T09:00:00","2025-12-20","9.468","Complete","Good",""
"http://environment.data.gov.uk/hydrology/id/measures/29434d59-1597-4783-b0b6-9f9a821d30d8-flow-m-86400-m3s-qualified","2025-12-21T09:00:00","2025-12-21","9.054","Complete","Good",""
"http://environment.data.gov.uk/hydrology/id/measures/29434d59-1597-4783-b0b6-9f9a821d30d8-flow-m-86400-m3s-qualified","2025-12-22T09:00:00","2025-12-22","9.751","Complete","Good",""
"http://environment.data.gov.uk/hydrology/id/measures/29434d59-1597-4783-b0b6-9f9a821d30d8-flow-m-86400-m3s-qualified","2025-12-23T09:00:00","2025-12-23","7.208","Complete","Good",""
"http://environment.data.gov.uk/hydrology/id/measures/29434d59-1597-4783-b0b6-9f9a821d30d8-flow-m-86400-m3s-qualified","2025-12-24T09:00:00","2025-12-24","5.772","Complete","Good",""
"http://environment.data.gov.uk/hydrology/id/measures/29434d59-1597-4783-b0b6-9f9a821d30d8-flow-m-86400-m3s-qualified","2025-12-25T09:00:00","2025-12-25","4.799","Complete","Good",""
"http://environment.data.gov.uk/hydrology/id/measures/29434d59-1597-4783-b0b6-9f9a821d30d8-flow-m-86400-m3s-qualified","2025-12-26T09:00:00","2025-12-26","4.447","Complete","Good",""
"http://environment.data.gov.uk/hydrology/id/measures/29434d59-1597-4783-b0b6-9f9a821d30d8-flow-m-86400-m3s-qualified","2025-12-27T09:00:00","2025-12-27","4.06","Complete","Good",""
"http://environment.data.gov.uk/hydrology/id/measures/29434d59-1597-4783-b0b6-9f9a821d30d8-flow-m-86400-m3s-qualified","2025-12-28T09:00:00","2025-12-28","3.683","Complete","Good",""
"http://environment.data.gov.uk/hydrology/id/measures/29434d59-1597-4783-b0b6-9f9a821d30d8-flow-m-86400-m3s-qualified","2025-12-29T09:00:00","2025-12-29","3.437","Complete","Good",""
"http://environment.data.gov.uk/hydrology/id/measures/29434d59-1597-4783-b0b6-9f9a821d30d8-flow-m-86400-m3s-qualified","2025-12-30T09:00:00","2025-12-30","3.364","Complete","Good",""
"http://environment.data.gov.uk/hydrology/id/measures/29434d59-1597-4783-b0b6-9f9a821d30d8-flow-m-86400-m3s-qualified","2025-12-31T09:00:00","2025-12-31","3.176","Complete","Good",""
